isin;name;field;reason;detail;euronext_link;amf_geco_search
LU1598757687;ARCELORMITTAL SA;broker_pea_confirmed;GAP_CRITIQUE_PEA;Confirmation officielle requise, jamais déduite;https://live.euronext.com/en/product/equities/LU1598757687-XAMS;https://geco.amf-france.org
BE0974293251;AB INBEV;broker_pea_confirmed;GAP_CRITIQUE_PEA;Confirmation officielle requise, jamais déduite;https://live.euronext.com/en/product/equities/BE0974293251-XBRU;https://geco.amf-france.org
NL0011540547;ABN AMRO BANK N.V.;broker_pea_confirmed;GAP_CRITIQUE_PEA;Confirmation officielle requise, jamais déduite;https://live.euronext.com/en/product/equities/NL0011540547-XAMS;https://geco.amf-france.org
FR0000120404;ACCOR;broker_pea_confirmed;GAP_CRITIQUE_PEA;Confirmation officielle requise, jamais déduite;https://live.euronext.com/en/product/equities/FR0000120404-XPAR;https://geco.amf-france.org
NL0012969182;ADYEN;broker_pea_confirmed;GAP_CRITIQUE_PEA;Confirmation officielle requise, jamais déduite;https://live.euronext.com/en/product/equities/NL0012969182-XAMS;https://geco.amf-france.org
BE0974264930;AGEAS;broker_pea_confirmed;GAP_CRITIQUE_PEA;Confirmation officielle requise, jamais déduite;https://live.euronext.com/en/product/equities/BE0974264930-XBRU;https://geco.amf-france.org
FR0000120073;AIR LIQUIDE;broker_pea_confirmed;GAP_CRITIQUE_PEA;Confirmation officielle requise, jamais déduite;https://live.euronext.com/en/product/equities/FR0000120073-XPAR;https://geco.amf-france.org
NL0000235190;AIRBUS SE;broker_pea_confirmed;GAP_CRITIQUE_PEA;Confirmation officielle requise, jamais déduite;https://live.euronext.com/en/product/equities/NL0000235190-XPAR;https://geco.amf-france.org
NL0013267909;AKZO NOBEL;broker_pea_confirmed;GAP_CRITIQUE_PEA;Confirmation officielle requise, jamais déduite;https://live.euronext.com/en/product/equities/NL0013267909-XAMS;https://geco.amf-france.org
NL0010832176;ARGENX SE;broker_pea_confirmed;GAP_CRITIQUE_PEA;Confirmation officielle requise, jamais déduite;https://live.euronext.com/en/product/equities/NL0010832176-XBRU;https://geco.amf-france.org
NL0000334118;ASM International N.V.;broker_pea_confirmed;GAP_CRITIQUE_PEA;Confirmation officielle requise, jamais déduite;https://live.euronext.com/en/product/equities/NL0000334118-XAMS;https://geco.amf-france.org
NL0010273215;ASML HOLDING;broker_pea_confirmed;GAP_CRITIQUE_PEA;Confirmation officielle requise, jamais déduite;https://live.euronext.com/en/product/equities/NL0010273215-XAMS;https://geco.amf-france.org
NL0011872643;ASR NEDERLAND;broker_pea_confirmed;GAP_CRITIQUE_PEA;Confirmation officielle requise, jamais déduite;https://live.euronext.com/en/product/equities/NL0011872643-XAMS;https://geco.amf-france.org
FR0000120628;AXA;broker_pea_confirmed;GAP_CRITIQUE_PEA;Confirmation officielle requise, jamais déduite;https://live.euronext.com/en/product/equities/FR0000120628-XPAR;https://geco.amf-france.org
FR0000131104;BNP PARIBAS ACT.A;broker_pea_confirmed;GAP_CRITIQUE_PEA;Confirmation officielle requise, jamais déduite;https://live.euronext.com/en/product/equities/FR0000131104-XPAR;https://geco.amf-france.org
FR0000120503;BOUYGUES;broker_pea_confirmed;GAP_CRITIQUE_PEA;Confirmation officielle requise, jamais déduite;https://live.euronext.com/en/product/equities/FR0000120503-XPAR;https://geco.amf-france.org
FR0006174348;BUREAU VERITAS;broker_pea_confirmed;GAP_CRITIQUE_PEA;Confirmation officielle requise, jamais déduite;https://live.euronext.com/en/product/equities/FR0006174348-XPAR;https://geco.amf-france.org
FR0000125338;CAPGEMINI;broker_pea_confirmed;GAP_CRITIQUE_PEA;Confirmation officielle requise, jamais déduite;https://live.euronext.com/en/product/equities/FR0000125338-XPAR;https://geco.amf-france.org
FR0000045072;CREDIT AGRICOLE;broker_pea_confirmed;GAP_CRITIQUE_PEA;Confirmation officielle requise, jamais déduite;https://live.euronext.com/en/product/equities/FR0000045072-XPAR;https://geco.amf-france.org
FR0000120578;SANOFI;broker_pea_confirmed;GAP_CRITIQUE_PEA;Confirmation officielle requise, jamais déduite;https://live.euronext.com/en/product/equities/FR0000120578-XPAR;https://geco.amf-france.org
FR0000121972;SCHNEIDER ELECTRIC SE;broker_pea_confirmed;GAP_CRITIQUE_PEA;Confirmation officielle requise, jamais déduite;https://live.euronext.com/en/product/equities/FR0000121972-XPAR;https://geco.amf-france.org
NL0000226223;STMICROELECTRONICS;broker_pea_confirmed;GAP_CRITIQUE_PEA;Confirmation officielle requise, jamais déduite;https://live.euronext.com/en/product/equities/NL0000226223-XPAR;https://geco.amf-france.org
FR0000121329;THALES;broker_pea_confirmed;GAP_CRITIQUE_PEA;Confirmation officielle requise, jamais déduite;https://live.euronext.com/en/product/equities/FR0000121329-XPAR;https://geco.amf-france.org
FR0000120271;TOTALENERGIES;broker_pea_confirmed;GAP_CRITIQUE_PEA;Confirmation officielle requise, jamais déduite;https://live.euronext.com/en/product/equities/FR0000120271-XPAR;https://geco.amf-france.org
BE0003739530;UCB;broker_pea_confirmed;GAP_CRITIQUE_PEA;Confirmation officielle requise, jamais déduite;https://live.euronext.com/en/product/equities/BE0003739530-XBRU;https://geco.amf-france.org
FR0000120172;CARREFOUR;broker_pea_confirmed;GAP_CRITIQUE_PEA;Confirmation officielle requise, jamais déduite;https://live.euronext.com/en/product/equities/FR0000120172-XPAR;https://geco.amf-france.org
FR0000120644;DANONE;broker_pea_confirmed;GAP_CRITIQUE_PEA;Confirmation officielle requise, jamais déduite;https://live.euronext.com/en/product/equities/FR0000120644-XPAR;https://geco.amf-france.org
FR0014003TT8;DASSAULT SYSTEMES;broker_pea_confirmed;GAP_CRITIQUE_PEA;Confirmation officielle requise, jamais déduite;https://live.euronext.com/en/product/equities/FR0014003TT8-XPAR;https://geco.amf-france.org
FR0010208488;ENGIE;broker_pea_confirmed;GAP_CRITIQUE_PEA;Confirmation officielle requise, jamais déduite;https://live.euronext.com/en/product/equities/FR0010208488-XPAR;https://geco.amf-france.org
FR0000121667;ESSILORLUXOTTICA;broker_pea_confirmed;GAP_CRITIQUE_PEA;Confirmation officielle requise, jamais déduite;https://live.euronext.com/en/product/equities/FR0000121667-XPAR;https://geco.amf-france.org
FR0014000MR3;EUROFINS SCIENT.;broker_pea_confirmed;GAP_CRITIQUE_PEA;Confirmation officielle requise, jamais déduite;https://live.euronext.com/en/product/equities/FR0014000MR3-XPAR;https://geco.amf-france.org
NL0006294274;EURONEXT;broker_pea_confirmed;GAP_CRITIQUE_PEA;Confirmation officielle requise, jamais déduite;https://live.euronext.com/en/product/equities/NL0006294274-XPAR;https://geco.amf-france.org
NL0000009165;HEINEKEN;broker_pea_confirmed;GAP_CRITIQUE_PEA;Confirmation officielle requise, jamais déduite;https://live.euronext.com/en/product/equities/NL0000009165-XAMS;https://geco.amf-france.org
NL0011821202;ING GROEP N.V.;broker_pea_confirmed;GAP_CRITIQUE_PEA;Confirmation officielle requise, jamais déduite;https://live.euronext.com/en/product/equities/NL0011821202-XAMS;https://geco.amf-france.org
BE0003565737;KBC;broker_pea_confirmed;GAP_CRITIQUE_PEA;Confirmation officielle requise, jamais déduite;https://live.euronext.com/en/product/equities/BE0003565737-XBRU;https://geco.amf-france.org
FR0000121485;KERING;broker_pea_confirmed;GAP_CRITIQUE_PEA;Confirmation officielle requise, jamais déduite;https://live.euronext.com/en/product/equities/FR0000121485-XPAR;https://geco.amf-france.org
NL0000009538;KON.PHILIPS N.V.;broker_pea_confirmed;GAP_CRITIQUE_PEA;Confirmation officielle requise, jamais déduite;https://live.euronext.com/en/product/equities/NL0000009538-XAMS;https://geco.amf-france.org
NL0011794037;KONINKLIJKE AHOLD DELHAIZE N.V.;broker_pea_confirmed;GAP_CRITIQUE_PEA;Confirmation officielle requise, jamais déduite;https://live.euronext.com/en/product/equities/NL0011794037-XAMS;https://geco.amf-france.org
NL0000009082;KPN KON;broker_pea_confirmed;GAP_CRITIQUE_PEA;Confirmation officielle requise, jamais déduite;https://live.euronext.com/en/product/equities/NL0000009082-XAMS;https://geco.amf-france.org
FR0010307819;LEGRAND;broker_pea_confirmed;GAP_CRITIQUE_PEA;Confirmation officielle requise, jamais déduite;https://live.euronext.com/en/product/equities/FR0010307819-XPAR;https://geco.amf-france.org
FR0000121014;LVMH;broker_pea_confirmed;GAP_CRITIQUE_PEA;Confirmation officielle requise, jamais déduite;https://live.euronext.com/en/product/equities/FR0000121014-XPAR;https://geco.amf-france.org
FR001400AJ45;MICHELIN;broker_pea_confirmed;GAP_CRITIQUE_PEA;Confirmation officielle requise, jamais déduite;https://live.euronext.com/en/product/equities/FR001400AJ45-XPAR;https://geco.amf-france.org
NL0010773842;NN GROUP;broker_pea_confirmed;GAP_CRITIQUE_PEA;Confirmation officielle requise, jamais déduite;https://live.euronext.com/en/product/equities/NL0010773842-XAMS;https://geco.amf-france.org
FR0000133308;ORANGE;broker_pea_confirmed;GAP_CRITIQUE_PEA;Confirmation officielle requise, jamais déduite;https://live.euronext.com/en/product/equities/FR0000133308-XPAR;https://geco.amf-france.org
FR0000120693;PERNOD RICARD;broker_pea_confirmed;GAP_CRITIQUE_PEA;Confirmation officielle requise, jamais déduite;https://live.euronext.com/en/product/equities/FR0000120693-XPAR;https://geco.amf-france.org
NL0013654783;PROSUS;broker_pea_confirmed;GAP_CRITIQUE_PEA;Confirmation officielle requise, jamais déduite;https://live.euronext.com/en/product/equities/NL0013654783-XAMS;https://geco.amf-france.org
FR0000130577;PUBLICIS GROUPE SA;broker_pea_confirmed;GAP_CRITIQUE_PEA;Confirmation officielle requise, jamais déduite;https://live.euronext.com/en/product/equities/FR0000130577-XPAR;https://geco.amf-france.org
FR0000131906;RENAULT;broker_pea_confirmed;GAP_CRITIQUE_PEA;Confirmation officielle requise, jamais déduite;https://live.euronext.com/en/product/equities/FR0000131906-XPAR;https://geco.amf-france.org
FR0000073272;SAFRAN;broker_pea_confirmed;GAP_CRITIQUE_PEA;Confirmation officielle requise, jamais déduite;https://live.euronext.com/en/product/equities/FR0000073272-XPAR;https://geco.amf-france.org
FR0000125007;SAINT GOBAIN;broker_pea_confirmed;GAP_CRITIQUE_PEA;Confirmation officielle requise, jamais déduite;https://live.euronext.com/en/product/equities/FR0000125007-XPAR;https://geco.amf-france.org
FR0000130809;SOCIETE GENERALE;broker_pea_confirmed;GAP_CRITIQUE_PEA;Confirmation officielle requise, jamais déduite;https://live.euronext.com/en/product/equities/FR0000130809-XPAR;https://geco.amf-france.org
NL00150001Q9;STELLANTIS NV;broker_pea_confirmed;GAP_CRITIQUE_PEA;Confirmation officielle requise, jamais déduite;https://live.euronext.com/en/product/equities/NL00150001Q9-XPAR;https://geco.amf-france.org
FR0013326246;UNIBAIL-RODAMCO-WESTFIELD;broker_pea_confirmed;GAP_CRITIQUE_PEA;Confirmation officielle requise, jamais déduite;https://live.euronext.com/en/product/equities/FR0013326246-XPAR;https://geco.amf-france.org
NL0015000IY2;UNIVERSAL MUSIC GROUP;broker_pea_confirmed;GAP_CRITIQUE_PEA;Confirmation officielle requise, jamais déduite;https://live.euronext.com/en/product/equities/NL0015000IY2-XAMS;https://geco.amf-france.org
FR0000124141;VEOLIA ENVIRON.;broker_pea_confirmed;GAP_CRITIQUE_PEA;Confirmation officielle requise, jamais déduite;https://live.euronext.com/en/product/equities/FR0000124141-XPAR;https://geco.amf-france.org
FR0000125486;VINCI;broker_pea_confirmed;GAP_CRITIQUE_PEA;Confirmation officielle requise, jamais déduite;https://live.euronext.com/en/product/equities/FR0000125486-XPAR;https://geco.amf-france.org
BE0974349814;WAREHOUSES DE PAUW;broker_pea_confirmed;GAP_CRITIQUE_PEA;Confirmation officielle requise, jamais déduite;https://live.euronext.com/en/product/equities/BE0974349814-XBRU;https://geco.amf-france.org
NL0000395903;WOLTERS KLUWER;broker_pea_confirmed;GAP_CRITIQUE_PEA;Confirmation officielle requise, jamais déduite;https://live.euronext.com/en/product/equities/NL0000395903-XAMS;https://geco.amf-france.org
BE0003764785;ACKERMANS V.HAAREN;broker_pea_confirmed;GAP_CRITIQUE_PEA;Confirmation officielle requise, jamais déduite;https://live.euronext.com/en/product/equities/BE0003764785-XBRU;https://geco.amf-france.org
FR0010340141;ADP;broker_pea_confirmed;GAP_CRITIQUE_PEA;Confirmation officielle requise, jamais déduite;https://live.euronext.com/en/product/equities/FR0010340141-XPAR;https://geco.amf-france.org
BE0003851681;AEDIFICA;broker_pea_confirmed;GAP_CRITIQUE_PEA;Confirmation officielle requise, jamais déduite;https://live.euronext.com/en/product/equities/BE0003851681-XBRU;https://geco.amf-france.org
IE00BF0L3536;AIB GROUP PLC;broker_pea_confirmed;GAP_CRITIQUE_PEA;Confirmation officielle requise, jamais déduite;https://live.euronext.com/en/product/equities/IE00BF0L3536-XMSM;https://geco.amf-france.org
BE0974400328;AZELIS GROUP NV;broker_pea_confirmed;GAP_CRITIQUE_PEA;Confirmation officielle requise, jamais déduite;https://live.euronext.com/en/product/equities/BE0974400328-XBRU;https://geco.amf-france.org
IT0004776628;BANCA MEDIOLANUM;broker_pea_confirmed;GAP_CRITIQUE_PEA;Confirmation officielle requise, jamais déduite;https://live.euronext.com/en/product/equities/IT0004776628-MTAA;https://geco.amf-france.org
IT0005218380;BANCO BPM;broker_pea_confirmed;GAP_CRITIQUE_PEA;Confirmation officielle requise, jamais déduite;https://live.euronext.com/en/product/equities/IT0005218380-MTAA;https://geco.amf-france.org
IE00BD1RP616;BANK OF IRELAND GROUP PLC;broker_pea_confirmed;GAP_CRITIQUE_PEA;Confirmation officielle requise, jamais déduite;https://live.euronext.com/en/product/equities/IE00BD1RP616-XMSM;https://geco.amf-france.org
NL0012866412;BE Semiconductor Industries N.V.;broker_pea_confirmed;GAP_CRITIQUE_PEA;Confirmation officielle requise, jamais déduite;https://live.euronext.com/en/product/equities/NL0012866412-XAMS;https://geco.amf-france.org
FR0013280286;BIOMERIEUX;broker_pea_confirmed;GAP_CRITIQUE_PEA;Confirmation officielle requise, jamais déduite;https://live.euronext.com/en/product/equities/FR0013280286-XPAR;https://geco.amf-france.org
BE0974259880;D'IETEREN GROUP;broker_pea_confirmed;GAP_CRITIQUE_PEA;Confirmation officielle requise, jamais déduite;https://live.euronext.com/en/product/equities/BE0974259880-XBRU;https://geco.amf-france.org
FR0010908533;EDENRED;broker_pea_confirmed;GAP_CRITIQUE_PEA;Confirmation officielle requise, jamais déduite;https://live.euronext.com/en/product/equities/FR0010908533-XPAR;https://geco.amf-france.org
PTEDP0AM0009;EDP;broker_pea_confirmed;GAP_CRITIQUE_PEA;Confirmation officielle requise, jamais déduite;https://live.euronext.com/en/product/equities/PTEDP0AM0009-XLIS;https://geco.amf-france.org
FR0000130452;EIFFAGE;broker_pea_confirmed;GAP_CRITIQUE_PEA;Confirmation officielle requise, jamais déduite;https://live.euronext.com/en/product/equities/FR0000130452-XPAR;https://geco.amf-france.org
BE0003822393;ELIA GROUP;broker_pea_confirmed;GAP_CRITIQUE_PEA;Confirmation officielle requise, jamais déduite;https://live.euronext.com/en/product/equities/BE0003822393-XBRU;https://geco.amf-france.org
IT0003128367;ENEL;broker_pea_confirmed;GAP_CRITIQUE_PEA;Confirmation officielle requise, jamais déduite;https://live.euronext.com/en/product/equities/IT0003128367-MTAA;https://geco.amf-france.org
IT0003132476;ENI;broker_pea_confirmed;GAP_CRITIQUE_PEA;Confirmation officielle requise, jamais déduite;https://live.euronext.com/en/product/equities/IT0003132476-MTAA;https://geco.amf-france.org
NL0012059018;EXOR;broker_pea_confirmed;GAP_CRITIQUE_PEA;Confirmation officielle requise, jamais déduite;https://live.euronext.com/en/product/equities/NL0012059018-XAMS;https://geco.amf-france.org
NL0011585146;FERRARI;broker_pea_confirmed;GAP_CRITIQUE_PEA;Confirmation officielle requise, jamais déduite;https://live.euronext.com/en/product/equities/NL0011585146-MTAA;https://geco.amf-france.org
IT0000072170;FINECOBANK;broker_pea_confirmed;GAP_CRITIQUE_PEA;Confirmation officielle requise, jamais déduite;https://live.euronext.com/en/product/equities/IT0000072170-MTAA;https://geco.amf-france.org
PTGAL0AM0009;GALP ENERGIA-NOM;broker_pea_confirmed;GAP_CRITIQUE_PEA;Confirmation officielle requise, jamais déduite;https://live.euronext.com/en/product/equities/PTGAL0AM0009-XLIS;https://geco.amf-france.org
BE0003797140;GBL;broker_pea_confirmed;GAP_CRITIQUE_PEA;Confirmation officielle requise, jamais déduite;https://live.euronext.com/en/product/equities/BE0003797140-XBRU;https://geco.amf-france.org
IT0000062072;GENERALI;broker_pea_confirmed;GAP_CRITIQUE_PEA;Confirmation officielle requise, jamais déduite;https://live.euronext.com/en/product/equities/IT0000062072-MTAA;https://geco.amf-france.org
FR0000052292;HERMES INTL;broker_pea_confirmed;GAP_CRITIQUE_PEA;Confirmation officielle requise, jamais déduite;https://live.euronext.com/en/product/equities/FR0000052292-XPAR;https://geco.amf-france.org
NL0010801007;IMCD;broker_pea_confirmed;GAP_CRITIQUE_PEA;Confirmation officielle requise, jamais déduite;https://live.euronext.com/en/product/equities/NL0010801007-XAMS;https://geco.amf-france.org
LU2290522684;INPOST S.A.;broker_pea_confirmed;GAP_CRITIQUE_PEA;Confirmation officielle requise, jamais déduite;https://live.euronext.com/en/product/equities/LU2290522684-XAMS;https://geco.amf-france.org
IT0000072618;INTESA SANPAOLO;broker_pea_confirmed;GAP_CRITIQUE_PEA;Confirmation officielle requise, jamais déduite;https://live.euronext.com/en/product/equities/IT0000072618-MTAA;https://geco.amf-france.org
IT0005090300;INWIT;broker_pea_confirmed;GAP_CRITIQUE_PEA;Confirmation officielle requise, jamais déduite;https://live.euronext.com/en/product/equities/IT0005090300-MTAA;https://geco.amf-france.org
FR0010259150;IPSEN;broker_pea_confirmed;GAP_CRITIQUE_PEA;Confirmation officielle requise, jamais déduite;https://live.euronext.com/en/product/equities/FR0010259150-XPAR;https://geco.amf-france.org
PTJMT0AE0001;J.MARTINS;broker_pea_confirmed;GAP_CRITIQUE_PEA;Confirmation officielle requise, jamais déduite;https://live.euronext.com/en/product/equities/PTJMT0AE0001-XLIS;https://geco.amf-france.org
IE0004906560;KERRY GROUP PLC;broker_pea_confirmed;GAP_CRITIQUE_PEA;Confirmation officielle requise, jamais déduite;https://live.euronext.com/en/product/equities/IE0004906560-XMSM;https://geco.amf-france.org
IE0004927939;KINGSPAN GROUP PLC;broker_pea_confirmed;GAP_CRITIQUE_PEA;Confirmation officielle requise, jamais déduite;https://live.euronext.com/en/product/equities/IE0004927939-XMSM;https://geco.amf-france.org
FR0000120321;L'OREAL;broker_pea_confirmed;GAP_CRITIQUE_PEA;Confirmation officielle requise, jamais déduite;https://live.euronext.com/en/product/equities/FR0000120321-XPAR;https://geco.amf-france.org
IT0003856405;LEONARDO;broker_pea_confirmed;GAP_CRITIQUE_PEA;Confirmation officielle requise, jamais déduite;https://live.euronext.com/en/product/equities/IT0003856405-MTAA;https://geco.amf-france.org
BE0003604155;LOTUS BAKERIES;broker_pea_confirmed;GAP_CRITIQUE_PEA;Confirmation officielle requise, jamais déduite;https://live.euronext.com/en/product/equities/BE0003604155-XBRU;https://geco.amf-france.org
IT0000062957;MEDIOBANCA;broker_pea_confirmed;GAP_CRITIQUE_PEA;Confirmation officielle requise, jamais déduite;https://live.euronext.com/en/product/equities/IT0000062957-MTAA;https://geco.amf-france.org
BE0165385973;MELEXIS;broker_pea_confirmed;GAP_CRITIQUE_PEA;Confirmation officielle requise, jamais déduite;https://live.euronext.com/en/product/equities/BE0165385973-XBRU;https://geco.amf-france.org
IT0004965148;MONCLER;broker_pea_confirmed;GAP_CRITIQUE_PEA;Confirmation officielle requise, jamais déduite;https://live.euronext.com/en/product/equities/IT0004965148-MTAA;https://geco.amf-france.org
BE0003853703;MONTEA NV;broker_pea_confirmed;GAP_CRITIQUE_PEA;Confirmation officielle requise, jamais déduite;https://live.euronext.com/en/product/equities/BE0003853703-XBRU;https://geco.amf-france.org
IT0003796171;POSTE ITALIANE;broker_pea_confirmed;GAP_CRITIQUE_PEA;Confirmation officielle requise, jamais déduite;https://live.euronext.com/en/product/equities/IT0003796171-MTAA;https://geco.amf-france.org
IT0004176001;PRYSMIAN;broker_pea_confirmed;GAP_CRITIQUE_PEA;Confirmation officielle requise, jamais déduite;https://live.euronext.com/en/product/equities/IT0004176001-MTAA;https://geco.amf-france.org
IT0003828271;RECORDATI ORD;broker_pea_confirmed;GAP_CRITIQUE_PEA;Confirmation officielle requise, jamais déduite;https://live.euronext.com/en/product/equities/IT0003828271-MTAA;https://geco.amf-france.org
IE00BYTBXV33;RYANAIR HOLDINGS PLC;broker_pea_confirmed;GAP_CRITIQUE_PEA;Confirmation officielle requise, jamais déduite;https://live.euronext.com/en/product/equities/IE00BYTBXV33-XMSM;https://geco.amf-france.org
NL0000379121;Randstad N.V.;broker_pea_confirmed;GAP_CRITIQUE_PEA;Confirmation officielle requise, jamais déduite;https://live.euronext.com/en/product/equities/NL0000379121-XAMS;https://geco.amf-france.org
IT0003153415;SNAM;broker_pea_confirmed;GAP_CRITIQUE_PEA;Confirmation officielle requise, jamais déduite;https://live.euronext.com/en/product/equities/IT0003153415-MTAA;https://geco.amf-france.org
FR0000121220;SODEXO;broker_pea_confirmed;GAP_CRITIQUE_PEA;Confirmation officielle requise, jamais déduite;https://live.euronext.com/en/product/equities/FR0000121220-XPAR;https://geco.amf-france.org
BE0003717312;SOFINA;broker_pea_confirmed;GAP_CRITIQUE_PEA;Confirmation officielle requise, jamais déduite;https://live.euronext.com/en/product/equities/BE0003717312-XBRU;https://geco.amf-france.org
BE0003470755;SOLVAY;broker_pea_confirmed;GAP_CRITIQUE_PEA;Confirmation officielle requise, jamais déduite;https://live.euronext.com/en/product/equities/BE0003470755-XBRU;https://geco.amf-france.org
BE0974464977;SYENSQO;broker_pea_confirmed;GAP_CRITIQUE_PEA;Confirmation officielle requise, jamais déduite;https://live.euronext.com/en/product/equities/BE0974464977-XBRU;https://geco.amf-france.org
LU2598331598;TENARIS;broker_pea_confirmed;GAP_CRITIQUE_PEA;Confirmation officielle requise, jamais déduite;https://live.euronext.com/en/product/equities/LU2598331598-MTAA;https://geco.amf-france.org
IT0003242622;TERNA;broker_pea_confirmed;GAP_CRITIQUE_PEA;Confirmation officielle requise, jamais déduite;https://live.euronext.com/en/product/equities/IT0003242622-MTAA;https://geco.amf-france.org
BE0974320526;UMICORE;broker_pea_confirmed;GAP_CRITIQUE_PEA;Confirmation officielle requise, jamais déduite;https://live.euronext.com/en/product/equities/BE0974320526-XBRU;https://geco.amf-france.org
IT0005239360;UNICREDIT;broker_pea_confirmed;GAP_CRITIQUE_PEA;Confirmation officielle requise, jamais déduite;https://live.euronext.com/en/product/equities/IT0005239360-MTAA;https://geco.amf-france.org
IT0004810054;UNIPOL;broker_pea_confirmed;GAP_CRITIQUE_PEA;Confirmation officielle requise, jamais déduite;https://live.euronext.com/en/product/equities/IT0004810054-MTAA;https://geco.amf-france.org
BMG0112X1056;AEGON;broker_pea_confirmed;GAP_CRITIQUE_PEA;Confirmation officielle requise, jamais déduite;https://live.euronext.com/en/product/equities/BMG0112X1056-XAMS;https://geco.amf-france.org
CH1216478797;DSM FIRMENICH AG;broker_pea_confirmed;GAP_CRITIQUE_PEA;Confirmation officielle requise, jamais déduite;https://live.euronext.com/en/product/equities/CH1216478797-XAMS;https://geco.amf-france.org
GB00BP6MXD84;SHELL PLC;broker_pea_confirmed;GAP_CRITIQUE_PEA;Confirmation officielle requise, jamais déduite;https://live.euronext.com/en/product/equities/GB00BP6MXD84-XAMS;https://geco.amf-france.org
NO0010345853;AKER BP;broker_pea_confirmed;GAP_CRITIQUE_PEA;Confirmation officielle requise, jamais déduite;https://live.euronext.com/en/product/equities/NO0010345853-XOSL;https://geco.amf-france.org
JE00BRX98089;CVC CAPITAL;broker_pea_confirmed;GAP_CRITIQUE_PEA;Confirmation officielle requise, jamais déduite;https://live.euronext.com/en/product/equities/JE00BRX98089-XAMS;https://geco.amf-france.org
NO0010161896;DNB BANK ASA;broker_pea_confirmed;GAP_CRITIQUE_PEA;Confirmation officielle requise, jamais déduite;https://live.euronext.com/en/product/equities/NO0010161896-XOSL;https://geco.amf-france.org
NO0010096985;EQUINOR;broker_pea_confirmed;GAP_CRITIQUE_PEA;Confirmation officielle requise, jamais déduite;https://live.euronext.com/en/product/equities/NO0010096985-XOSL;https://geco.amf-france.org
NO0013536151;KONGSBERG GRUPPEN;broker_pea_confirmed;GAP_CRITIQUE_PEA;Confirmation officielle requise, jamais déduite;https://live.euronext.com/en/product/equities/NO0013536151-XOSL;https://geco.amf-france.org
NO0003054108;MOWI;broker_pea_confirmed;GAP_CRITIQUE_PEA;Confirmation officielle requise, jamais déduite;https://live.euronext.com/en/product/equities/NO0003054108-XOSL;https://geco.amf-france.org
NO0005052605;NORSK HYDRO;broker_pea_confirmed;GAP_CRITIQUE_PEA;Confirmation officielle requise, jamais déduite;https://live.euronext.com/en/product/equities/NO0005052605-XOSL;https://geco.amf-france.org
GB00B2B0DG97;RELX;broker_pea_confirmed;GAP_CRITIQUE_PEA;Confirmation officielle requise, jamais déduite;https://live.euronext.com/en/product/equities/GB00B2B0DG97-XAMS;https://geco.amf-france.org
NO0010063308;TELENOR;broker_pea_confirmed;GAP_CRITIQUE_PEA;Confirmation officielle requise, jamais déduite;https://live.euronext.com/en/product/equities/NO0010063308-XOSL;https://geco.amf-france.org
NL0000888691;AMG Critical Materials N.V.;broker_pea_confirmed;GAP_CRITIQUE_PEA;Confirmation officielle requise, jamais déduite;https://live.euronext.com/en/product/equities/NL0000888691-XAMS;https://geco.amf-france.org
LU0569974404;APERAM;broker_pea_confirmed;GAP_CRITIQUE_PEA;Confirmation officielle requise, jamais déduite;https://live.euronext.com/en/product/equities/LU0569974404-XAMS;https://geco.amf-france.org
NL0011872650;BASIC-FIT;broker_pea_confirmed;GAP_CRITIQUE_PEA;Confirmation officielle requise, jamais déduite;https://live.euronext.com/en/product/equities/NL0011872650-XAMS;https://geco.amf-france.org
NL0010583399;CORBION;broker_pea_confirmed;GAP_CRITIQUE_PEA;Confirmation officielle requise, jamais déduite;https://live.euronext.com/en/product/equities/NL0010583399-XAMS;https://geco.amf-france.org
BE0003874915;FAGRON;broker_pea_confirmed;GAP_CRITIQUE_PEA;Confirmation officielle requise, jamais déduite;https://live.euronext.com/en/product/equities/BE0003874915-XBRU;https://geco.amf-france.org
NL00150003E1;FUGRO;broker_pea_confirmed;GAP_CRITIQUE_PEA;Confirmation officielle requise, jamais déduite;https://live.euronext.com/en/product/equities/NL00150003E1-XAMS;https://geco.amf-france.org
NL0000337319;Koninklijke BAM Groep N.V.;broker_pea_confirmed;GAP_CRITIQUE_PEA;Confirmation officielle requise, jamais déduite;https://live.euronext.com/en/product/equities/NL0000337319-XAMS;https://geco.amf-france.org
BE0003818359;LAKEFRONT BIOTHERAPEUTICS;broker_pea_confirmed;GAP_CRITIQUE_PEA;Confirmation officielle requise, jamais déduite;https://live.euronext.com/en/product/equities/BE0003818359-XAMS;https://geco.amf-france.org
NL0010558797;OCI N.V.;broker_pea_confirmed;GAP_CRITIQUE_PEA;Confirmation officielle requise, jamais déduite;https://live.euronext.com/en/product/equities/NL0010558797-XAMS;https://geco.amf-france.org
NL0010391025;PHARMING GROUP;broker_pea_confirmed;GAP_CRITIQUE_PEA;Confirmation officielle requise, jamais déduite;https://live.euronext.com/en/product/equities/NL0010391025-XAMS;https://geco.amf-france.org
PTALT0AE0002;ALTRI SGPS;broker_pea_confirmed;GAP_CRITIQUE_PEA;Confirmation officielle requise, jamais déduite;https://live.euronext.com/en/product/equities/PTALT0AE0002-XLIS;https://geco.amf-france.org
PTCTT0AM0001;CTT-CORREIOS DE PORTUGAL, SA;broker_pea_confirmed;GAP_CRITIQUE_PEA;Confirmation officielle requise, jamais déduite;https://live.euronext.com/en/product/equities/PTCTT0AM0001-XLIS;https://geco.amf-france.org
PTCOR0AE0006;Corticeira Amorim-SGPS;broker_pea_confirmed;GAP_CRITIQUE_PEA;Confirmation officielle requise, jamais déduite;https://live.euronext.com/en/product/equities/PTCOR0AE0006-XLIS;https://geco.amf-france.org
NL0015000LU4;IVECO GROUP;broker_pea_confirmed;GAP_CRITIQUE_PEA;Confirmation officielle requise, jamais déduite;https://live.euronext.com/en/product/equities/NL0015000LU4-MTAA;https://geco.amf-france.org
PTIBS0AM0008;Ibersol-SGPS;broker_pea_confirmed;GAP_CRITIQUE_PEA;Confirmation officielle requise, jamais déduite;https://live.euronext.com/en/product/equities/PTIBS0AM0008-XLIS;https://geco.amf-france.org
PTMEN0AE0005;MOTA ENGIL;broker_pea_confirmed;GAP_CRITIQUE_PEA;Confirmation officielle requise, jamais déduite;https://live.euronext.com/en/product/equities/PTMEN0AE0005-XLIS;https://geco.amf-france.org
PTZON0AM0006;NOS, SGPS, SA;broker_pea_confirmed;GAP_CRITIQUE_PEA;Confirmation officielle requise, jamais déduite;https://live.euronext.com/en/product/equities/PTZON0AM0006-XLIS;https://geco.amf-france.org
PTREL0AM0008;REN;broker_pea_confirmed;GAP_CRITIQUE_PEA;Confirmation officielle requise, jamais déduite;https://live.euronext.com/en/product/equities/PTREL0AM0008-XLIS;https://geco.amf-france.org
PTSEM0AM0004;SEMAPA;broker_pea_confirmed;GAP_CRITIQUE_PEA;Confirmation officielle requise, jamais déduite;https://live.euronext.com/en/product/equities/PTSEM0AM0004-XLIS;https://geco.amf-france.org
PTSON0AM0001;SONAE;broker_pea_confirmed;GAP_CRITIQUE_PEA;Confirmation officielle requise, jamais déduite;https://live.euronext.com/en/product/equities/PTSON0AM0001-XLIS;https://geco.amf-france.org
PTTD10AM0000;Teixeira Duarte, SA;broker_pea_confirmed;GAP_CRITIQUE_PEA;Confirmation officielle requise, jamais déduite;https://live.euronext.com/en/product/equities/PTTD10AM0000-XLIS;https://geco.amf-france.org
NL0000852564;AALBERTS N.V.;broker_pea_confirmed;GAP_CRITIQUE_PEA;Confirmation officielle requise, jamais déduite;https://live.euronext.com/en/product/equities/NL0000852564-XAMS;https://geco.amf-france.org
FR001400J770;AIR FRANCE -KLM;broker_pea_confirmed;GAP_CRITIQUE_PEA;Confirmation officielle requise, jamais déduite;https://live.euronext.com/en/product/equities/FR001400J770-XPAR;https://geco.amf-france.org
NL0006237562;ARCADIS;broker_pea_confirmed;GAP_CRITIQUE_PEA;Confirmation officielle requise, jamais déduite;https://live.euronext.com/en/product/equities/NL0006237562-XAMS;https://geco.amf-france.org
BE0003593044;COFINIMMO;broker_pea_confirmed;GAP_CRITIQUE_PEA;Confirmation officielle requise, jamais déduite;https://live.euronext.com/en/product/equities/BE0003593044-XBRU;https://geco.amf-france.org
NL00150006R6;CTP NV;broker_pea_confirmed;GAP_CRITIQUE_PEA;Confirmation officielle requise, jamais déduite;https://live.euronext.com/en/product/equities/NL00150006R6-XAMS;https://geco.amf-france.org
NL0015000K93;EUROCOMMERCIAL PROPERTIES;broker_pea_confirmed;GAP_CRITIQUE_PEA;Confirmation officielle requise, jamais déduite;https://live.euronext.com/en/product/equities/NL0015000K93-XAMS;https://geco.amf-france.org
NL0014332678;JDE PEET'S;broker_pea_confirmed;GAP_CRITIQUE_PEA;Confirmation officielle requise, jamais déduite;https://live.euronext.com/en/product/equities/NL0014332678-XAMS;https://geco.amf-france.org
NL0012015705;JUST EAT TAKEAWAY.COM N.V.;broker_pea_confirmed;GAP_CRITIQUE_PEA;Confirmation officielle requise, jamais déduite;https://live.euronext.com/en/product/equities/NL0012015705-XAMS;https://geco.amf-france.org
NL0009269109;Koninklijke Heijmans N.V.;broker_pea_confirmed;GAP_CRITIQUE_PEA;Confirmation officielle requise, jamais déduite;https://live.euronext.com/en/product/equities/NL0009269109-XAMS;https://geco.amf-france.org
NL0000360618;SBM OFFSHORE;broker_pea_confirmed;GAP_CRITIQUE_PEA;Confirmation officielle requise, jamais déduite;https://live.euronext.com/en/product/equities/NL0000360618-XAMS;https://geco.amf-france.org
NL0011821392;SIGNIFY NV;broker_pea_confirmed;GAP_CRITIQUE_PEA;Confirmation officielle requise, jamais déduite;https://live.euronext.com/en/product/equities/NL0011821392-XAMS;https://geco.amf-france.org
NL0000852523;TKH GROUP N.V.;broker_pea_confirmed;GAP_CRITIQUE_PEA;Confirmation officielle requise, jamais déduite;https://live.euronext.com/en/product/equities/NL0000852523-XAMS;https://geco.amf-france.org
NL0000302636;V LANSCHOT KEMPEN;broker_pea_confirmed;GAP_CRITIQUE_PEA;Confirmation officielle requise, jamais déduite;https://live.euronext.com/en/product/equities/NL0000302636-XAMS;https://geco.amf-france.org
NL0009432491;VOPAK;broker_pea_confirmed;GAP_CRITIQUE_PEA;Confirmation officielle requise, jamais déduite;https://live.euronext.com/en/product/equities/NL0009432491-XAMS;https://geco.amf-france.org
GB00B10RZP78;UNILEVER PLC;broker_pea_confirmed;GAP_CRITIQUE_PEA;Confirmation officielle requise, jamais déduite;https://live.euronext.com/en/product/equities/GB00B10RZP78-XAMS;https://geco.amf-france.org
GB00BNTJ3546;ALLFUNDS GROUP PLC;broker_pea_confirmed;GAP_CRITIQUE_PEA;Confirmation officielle requise, jamais déduite;https://live.euronext.com/en/product/equities/GB00BNTJ3546-XAMS;https://geco.amf-france.org
BMG3602E1084;FLOW TRADERS;broker_pea_confirmed;GAP_CRITIQUE_PEA;Confirmation officielle requise, jamais déduite;https://live.euronext.com/en/product/equities/BMG3602E1084-XAMS;https://geco.amf-france.org
BMG455841020;HAL TRUST;broker_pea_confirmed;GAP_CRITIQUE_PEA;Confirmation officielle requise, jamais déduite;https://live.euronext.com/en/product/equities/BMG455841020-XAMS;https://geco.amf-france.org
IT0001233417;A2A;broker_pea_confirmed;GAP_CRITIQUE_PEA;Confirmation officielle requise, jamais déduite;https://live.euronext.com/en/product/equities/IT0001233417-MTAA;https://geco.amf-france.org
IT0004056880;AMPLIFON;broker_pea_confirmed;GAP_CRITIQUE_PEA;Confirmation officielle requise, jamais déduite;https://live.euronext.com/en/product/equities/IT0004056880-MTAA;https://geco.amf-france.org
IT0003261697;AZIMUT;broker_pea_confirmed;GAP_CRITIQUE_PEA;Confirmation officielle requise, jamais déduite;https://live.euronext.com/en/product/equities/IT0003261697-MTAA;https://geco.amf-france.org
PTBCP0AM0015;B.C.P.-BCO COMERCIAL PORTUGUES;broker_pea_confirmed;GAP_CRITIQUE_PEA;Confirmation officielle requise, jamais déduite;https://live.euronext.com/en/product/equities/PTBCP0AM0015-XLIS;https://geco.amf-france.org
IT0005508921;BANCA MPS;broker_pea_confirmed;GAP_CRITIQUE_PEA;Confirmation officielle requise, jamais déduite;https://live.euronext.com/en/product/equities/IT0005508921-MTAA;https://geco.amf-france.org
IT0000066123;BPER BANCA;broker_pea_confirmed;GAP_CRITIQUE_PEA;Confirmation officielle requise, jamais déduite;https://live.euronext.com/en/product/equities/IT0000066123-MTAA;https://geco.amf-france.org
IT0004764699;BRUNELLO CUCINELLI;broker_pea_confirmed;GAP_CRITIQUE_PEA;Confirmation officielle requise, jamais déduite;https://live.euronext.com/en/product/equities/IT0004764699-MTAA;https://geco.amf-france.org
IT0001347308;BUZZI;broker_pea_confirmed;GAP_CRITIQUE_PEA;Confirmation officielle requise, jamais déduite;https://live.euronext.com/en/product/equities/IT0001347308-MTAA;https://geco.amf-france.org
NL0015435975;CAMPARI;broker_pea_confirmed;GAP_CRITIQUE_PEA;Confirmation officielle requise, jamais déduite;https://live.euronext.com/en/product/equities/NL0015435975-MTAA;https://geco.amf-france.org
IT0003492391;DIASORIN;broker_pea_confirmed;GAP_CRITIQUE_PEA;Confirmation officielle requise, jamais déduite;https://live.euronext.com/en/product/equities/IT0003492391-MTAA;https://geco.amf-france.org
ES0127797019;EDP RENOVAVEIS;broker_pea_confirmed;GAP_CRITIQUE_PEA;Confirmation officielle requise, jamais déduite;https://live.euronext.com/en/product/equities/ES0127797019-XLIS;https://geco.amf-france.org
IT0001250932;HERA;broker_pea_confirmed;GAP_CRITIQUE_PEA;Confirmation officielle requise, jamais déduite;https://live.euronext.com/en/product/equities/IT0001250932-MTAA;https://geco.amf-france.org
IT0001078911;INTERPUMP GROUP;broker_pea_confirmed;GAP_CRITIQUE_PEA;Confirmation officielle requise, jamais déduite;https://live.euronext.com/en/product/equities/IT0001078911-MTAA;https://geco.amf-france.org
IT0005211237;ITALGAS;broker_pea_confirmed;GAP_CRITIQUE_PEA;Confirmation officielle requise, jamais déduite;https://live.euronext.com/en/product/equities/IT0005211237-MTAA;https://geco.amf-france.org
IT0005541336;Lottomatica Group;broker_pea_confirmed;GAP_CRITIQUE_PEA;Confirmation officielle requise, jamais déduite;https://live.euronext.com/en/product/equities/IT0005541336-MTAA;https://geco.amf-france.org
IT0005366767;NEXI;broker_pea_confirmed;GAP_CRITIQUE_PEA;Confirmation officielle requise, jamais déduite;https://live.euronext.com/en/product/equities/IT0005366767-MTAA;https://geco.amf-france.org
IT0005495657;SAIPEM;broker_pea_confirmed;GAP_CRITIQUE_PEA;Confirmation officielle requise, jamais déduite;https://live.euronext.com/en/product/equities/IT0005495657-MTAA;https://geco.amf-france.org
PTPTI0AM0006;THE NAVIGATOR COMP;broker_pea_confirmed;GAP_CRITIQUE_PEA;Confirmation officielle requise, jamais déduite;https://live.euronext.com/en/product/equities/PTPTI0AM0006-XLIS;https://geco.amf-france.org
FR0011040500;74SOFTWARE;broker_pea_confirmed;GAP_CRITIQUE_PEA;Confirmation officielle requise, jamais déduite;https://live.euronext.com/en/product/equities/FR0011040500-XPAR;https://geco.amf-france.org
FR0010557264;AB SCIENCE;broker_pea_confirmed;GAP_CRITIQUE_PEA;Confirmation officielle requise, jamais déduite;https://live.euronext.com/en/product/equities/FR0010557264-XPAR;https://geco.amf-france.org
FR0004040608;ABC ARBITRAGE;broker_pea_confirmed;GAP_CRITIQUE_PEA;Confirmation officielle requise, jamais déduite;https://live.euronext.com/en/product/equities/FR0004040608-XPAR;https://geco.amf-france.org
FR0013185857;ABEO;broker_pea_confirmed;GAP_CRITIQUE_PEA;Confirmation officielle requise, jamais déduite;https://live.euronext.com/en/product/equities/FR0013185857-XPAR;https://geco.amf-france.org
FR0012616852;ABIONYX PHARMA;broker_pea_confirmed;GAP_CRITIQUE_PEA;Confirmation officielle requise, jamais déduite;https://live.euronext.com/en/product/equities/FR0012616852-XPAR;https://geco.amf-france.org
IT0005445280;ABITARE IN;broker_pea_confirmed;GAP_CRITIQUE_PEA;Confirmation officielle requise, jamais déduite;https://live.euronext.com/en/product/equities/IT0005445280-MTAA;https://geco.amf-france.org
FR0012333284;ABIVAX;broker_pea_confirmed;GAP_CRITIQUE_PEA;Confirmation officielle requise, jamais déduite;https://live.euronext.com/en/product/equities/FR0012333284-XPAR;https://geco.amf-france.org
FR001400AHX6;ABL Diagnostics;broker_pea_confirmed;GAP_CRITIQUE_PEA;Confirmation officielle requise, jamais déduite;https://live.euronext.com/en/product/equities/FR001400AHX6-XPAR;https://geco.amf-france.org
BE0974278104;ABO GROUP ENVIRONMENT;broker_pea_confirmed;GAP_CRITIQUE_PEA;Confirmation officielle requise, jamais déduite;https://live.euronext.com/en/product/equities/BE0974278104-XBRU;https://geco.amf-france.org
BE0003696102;ACCENTIS;broker_pea_confirmed;GAP_CRITIQUE_PEA;Confirmation officielle requise, jamais déduite;https://live.euronext.com/en/product/equities/BE0003696102-XBRU;https://geco.amf-france.org
IT0001382024;ACINQUE;broker_pea_confirmed;GAP_CRITIQUE_PEA;Confirmation officielle requise, jamais déduite;https://live.euronext.com/en/product/equities/IT0001382024-MTAA;https://geco.amf-france.org
NL0000313286;ACOMO N.V.;broker_pea_confirmed;GAP_CRITIQUE_PEA;Confirmation officielle requise, jamais déduite;https://live.euronext.com/en/product/equities/NL0000313286-XAMS;https://geco.amf-france.org
FR0000076861;ACTEOS;broker_pea_confirmed;GAP_CRITIQUE_PEA;Confirmation officielle requise, jamais déduite;https://live.euronext.com/en/product/equities/FR0000076861-XPAR;https://geco.amf-france.org
FR0011184241;ADOCIA;broker_pea_confirmed;GAP_CRITIQUE_PEA;Confirmation officielle requise, jamais déduite;https://live.euronext.com/en/product/equities/FR0011184241-XPAR;https://geco.amf-france.org
IT0005708174;AEDES;broker_pea_confirmed;GAP_CRITIQUE_PEA;Confirmation officielle requise, jamais déduite;https://live.euronext.com/en/product/equities/IT0005708174-MTAA;https://geco.amf-france.org
IT0001384590;AEFFE;broker_pea_confirmed;GAP_CRITIQUE_PEA;Confirmation officielle requise, jamais déduite;https://live.euronext.com/en/product/equities/IT0001384590-MTAA;https://geco.amf-france.org
FR0014007ZB4;AELIS FARMA;broker_pea_confirmed;GAP_CRITIQUE_PEA;Confirmation officielle requise, jamais déduite;https://live.euronext.com/en/product/equities/FR0014007ZB4-XPAR;https://geco.amf-france.org
IT0001006128;AEROPORTO GUGLIELMO MARCONI DI BOLOGNA;broker_pea_confirmed;GAP_CRITIQUE_PEA;Confirmation officielle requise, jamais déduite;https://live.euronext.com/en/product/equities/IT0001006128-MTAA;https://geco.amf-france.org
BE0003755692;AGFA-GEVAERT;broker_pea_confirmed;GAP_CRITIQUE_PEA;Confirmation officielle requise, jamais déduite;https://live.euronext.com/en/product/equities/BE0003755692-XBRU;https://geco.amf-france.org
NL0000018034;AJAX;broker_pea_confirmed;GAP_CRITIQUE_PEA;Confirmation officielle requise, jamais déduite;https://live.euronext.com/en/product/equities/NL0000018034-XAMS;https://geco.amf-france.org
FR0000053027;AKWEL;broker_pea_confirmed;GAP_CRITIQUE_PEA;Confirmation officielle requise, jamais déduite;https://live.euronext.com/en/product/equities/FR0000053027-XPAR;https://geco.amf-france.org
FR0000062465;ALAN ALLMAN ASSOCIATES;broker_pea_confirmed;GAP_CRITIQUE_PEA;Confirmation officielle requise, jamais déduite;https://live.euronext.com/en/product/equities/FR0000062465-XPAR;https://geco.amf-france.org
IT0004720733;ALERION;broker_pea_confirmed;GAP_CRITIQUE_PEA;Confirmation officielle requise, jamais déduite;https://live.euronext.com/en/product/equities/IT0004720733-MTAA;https://geco.amf-france.org
NL0012817175;ALFEN;broker_pea_confirmed;GAP_CRITIQUE_PEA;Confirmation officielle requise, jamais déduite;https://live.euronext.com/en/product/equities/NL0012817175-XAMS;https://geco.amf-france.org
FR0000053324;ALPES (COMPAGNIE);broker_pea_confirmed;GAP_CRITIQUE_PEA;Confirmation officielle requise, jamais déduite;https://live.euronext.com/en/product/equities/FR0000053324-XPAR;https://geco.amf-france.org
FR0000039216;ALTAREIT;broker_pea_confirmed;GAP_CRITIQUE_PEA;Confirmation officielle requise, jamais déduite;https://live.euronext.com/en/product/equities/FR0000039216-XPAR;https://geco.amf-france.org
IT0005472730;ALTEA GREEN POWER;broker_pea_confirmed;GAP_CRITIQUE_PEA;Confirmation officielle requise, jamais déduite;https://live.euronext.com/en/product/equities/IT0005472730-MTAA;https://geco.amf-france.org
NL0012194724;ALUMEXX N.V.;broker_pea_confirmed;GAP_CRITIQUE_PEA;Confirmation officielle requise, jamais déduite;https://live.euronext.com/en/product/equities/NL0012194724-XAMS;https://geco.amf-france.org
IT0004998065;ANIMA HOLDING;broker_pea_confirmed;GAP_CRITIQUE_PEA;Confirmation officielle requise, jamais déduite;https://live.euronext.com/en/product/equities/IT0004998065-MTAA;https://geco.amf-france.org
FR0014005AL0;ANTIN INFRA PARTN;broker_pea_confirmed;GAP_CRITIQUE_PEA;Confirmation officielle requise, jamais déduite;https://live.euronext.com/en/product/equities/FR0014005AL0-MTAH;https://geco.amf-france.org
IT0005241192;AQUAFIL;broker_pea_confirmed;GAP_CRITIQUE_PEA;Confirmation officielle requise, jamais déduite;https://live.euronext.com/en/product/equities/IT0005241192-MTAA;https://geco.amf-france.org
FR0014003U94;ARAMIS GROUP;broker_pea_confirmed;GAP_CRITIQUE_PEA;Confirmation officielle requise, jamais déduite;https://live.euronext.com/en/product/equities/FR0014003U94-XPAR;https://geco.amf-france.org
NL0015000N33;ARISTON HOLDING;broker_pea_confirmed;GAP_CRITIQUE_PEA;Confirmation officielle requise, jamais déduite;https://live.euronext.com/en/product/equities/NL0015000N33-MTAA;https://geco.amf-france.org
FR0012185536;ARTEA;broker_pea_confirmed;GAP_CRITIQUE_PEA;Confirmation officielle requise, jamais déduite;https://live.euronext.com/en/product/equities/FR0012185536-XPAR;https://geco.amf-france.org
FR0000074783;ARTMARKET.COM(EX ARTPRICE.COM);broker_pea_confirmed;GAP_CRITIQUE_PEA;Confirmation officielle requise, jamais déduite;https://live.euronext.com/en/product/equities/FR0000074783-XPAR;https://geco.amf-france.org
FR0000076952;ARTOIS NOM.;broker_pea_confirmed;GAP_CRITIQUE_PEA;Confirmation officielle requise, jamais déduite;https://live.euronext.com/en/product/equities/FR0000076952-XPAR;https://geco.amf-france.org
FR001400JWR8;ARVERNE GROUP;broker_pea_confirmed;GAP_CRITIQUE_PEA;Confirmation officielle requise, jamais déduite;https://live.euronext.com/en/product/equities/FR001400JWR8-XPAR;https://geco.amf-france.org
IT0004093263;ASCOPIAVE;broker_pea_confirmed;GAP_CRITIQUE_PEA;Confirmation officielle requise, jamais déduite;https://live.euronext.com/en/product/equities/IT0004093263-MTAA;https://geco.amf-france.org
FR0000074148;ASSYSTEM;broker_pea_confirmed;GAP_CRITIQUE_PEA;Confirmation officielle requise, jamais déduite;https://live.euronext.com/en/product/equities/FR0000074148-XPAR;https://geco.amf-france.org
FR0011992700;ATEME;broker_pea_confirmed;GAP_CRITIQUE_PEA;Confirmation officielle requise, jamais déduite;https://live.euronext.com/en/product/equities/FR0011992700-XPAR;https://geco.amf-france.org
BE0003837540;ATENOR;broker_pea_confirmed;GAP_CRITIQUE_PEA;Confirmation officielle requise, jamais déduite;https://live.euronext.com/en/product/equities/BE0003837540-XBRU;https://geco.amf-france.org
FR001400X2S4;ATOS GROUP;broker_pea_confirmed;GAP_CRITIQUE_PEA;Confirmation officielle requise, jamais déduite;https://live.euronext.com/en/product/equities/FR001400X2S4-XPAR;https://geco.amf-france.org
FR0000063737;AUBAY;broker_pea_confirmed;GAP_CRITIQUE_PEA;Confirmation officielle requise, jamais déduite;https://live.euronext.com/en/product/equities/FR0000063737-XPAR;https://geco.amf-france.org
FR0000061780;AUGROS COSMETICS;broker_pea_confirmed;GAP_CRITIQUE_PEA;Confirmation officielle requise, jamais déduite;https://live.euronext.com/en/product/equities/FR0000061780-XPAR;https://geco.amf-france.org
FR0000039232;AUREA;broker_pea_confirmed;GAP_CRITIQUE_PEA;Confirmation officielle requise, jamais déduite;https://live.euronext.com/en/product/equities/FR0000039232-XPAR;https://geco.amf-france.org
IT0000084043;AUTOSTRADE MERID;broker_pea_confirmed;GAP_CRITIQUE_PEA;Confirmation officielle requise, jamais déduite;https://live.euronext.com/en/product/equities/IT0000084043-MTAA;https://geco.amf-france.org
NL0015002IE0;AVANTIUM;broker_pea_confirmed;GAP_CRITIQUE_PEA;Confirmation officielle requise, jamais déduite;https://live.euronext.com/en/product/equities/NL0015002IE0-XAMS;https://geco.amf-france.org
FR001400CFI7;AVENIR TELECOM;broker_pea_confirmed;GAP_CRITIQUE_PEA;Confirmation officielle requise, jamais déduite;https://live.euronext.com/en/product/equities/FR001400CFI7-XPAR;https://geco.amf-france.org
IT0005119810;AVIO;broker_pea_confirmed;GAP_CRITIQUE_PEA;Confirmation officielle requise, jamais déduite;https://live.euronext.com/en/product/equities/IT0005119810-MTAA;https://geco.amf-france.org
NL00150006Z9;AZERION;broker_pea_confirmed;GAP_CRITIQUE_PEA;Confirmation officielle requise, jamais déduite;https://live.euronext.com/en/product/equities/NL00150006Z9-XAMS;https://geco.amf-france.org
NL0010696704;Almunda Professional N.V.;broker_pea_confirmed;GAP_CRITIQUE_PEA;Confirmation officielle requise, jamais déduite;https://live.euronext.com/en/product/equities/NL0010696704-XAMS;https://geco.amf-france.org
IT0001268561;B&C SPEAKERS;broker_pea_confirmed;GAP_CRITIQUE_PEA;Confirmation officielle requise, jamais déduite;https://live.euronext.com/en/product/equities/IT0001268561-MTAA;https://geco.amf-france.org
IT0005187460;B.F.;broker_pea_confirmed;GAP_CRITIQUE_PEA;Confirmation officielle requise, jamais déduite;https://live.euronext.com/en/product/equities/IT0005187460-MTAA;https://geco.amf-france.org
IT0003188064;BANCA IFIS;broker_pea_confirmed;GAP_CRITIQUE_PEA;Confirmation officielle requise, jamais déduite;https://live.euronext.com/en/product/equities/IT0003188064-MTAA;https://geco.amf-france.org
IT0003173629;BANCA SISTEMA;broker_pea_confirmed;GAP_CRITIQUE_PEA;Confirmation officielle requise, jamais déduite;https://live.euronext.com/en/product/equities/IT0003173629-MTAA;https://geco.amf-france.org
BE0003870871;BANIMMO A;broker_pea_confirmed;GAP_CRITIQUE_PEA;Confirmation officielle requise, jamais déduite;https://live.euronext.com/en/product/equities/BE0003870871-XBRU;https://geco.amf-france.org
BE0974371032;BANQUP GROUP;broker_pea_confirmed;GAP_CRITIQUE_PEA;Confirmation officielle requise, jamais déduite;https://live.euronext.com/en/product/equities/BE0974371032-XBRU;https://geco.amf-france.org
FR0000062788;BARBARA BUI;broker_pea_confirmed;GAP_CRITIQUE_PEA;Confirmation officielle requise, jamais déduite;https://live.euronext.com/en/product/equities/FR0000062788-XPAR;https://geco.amf-france.org
BE0974362940;BARCO;broker_pea_confirmed;GAP_CRITIQUE_PEA;Confirmation officielle requise, jamais déduite;https://live.euronext.com/en/product/equities/BE0974362940-XBRU;https://geco.amf-france.org
IT0001033700;BASICNET;broker_pea_confirmed;GAP_CRITIQUE_PEA;Confirmation officielle requise, jamais déduite;https://live.euronext.com/en/product/equities/IT0001033700-MTAA;https://geco.amf-france.org
FR0004023208;BASSAC;broker_pea_confirmed;GAP_CRITIQUE_PEA;Confirmation officielle requise, jamais déduite;https://live.euronext.com/en/product/equities/FR0004023208-XPAR;https://geco.amf-france.org
FR0000035370;BASTIDE LE CONFORT;broker_pea_confirmed;GAP_CRITIQUE_PEA;Confirmation officielle requise, jamais déduite;https://live.euronext.com/en/product/equities/FR0000035370-XPAR;https://geco.amf-france.org
IT0004412497;BASTOGI SPA;broker_pea_confirmed;GAP_CRITIQUE_PEA;Confirmation officielle requise, jamais déduite;https://live.euronext.com/en/product/equities/IT0004412497-MTAA;https://geco.amf-france.org
IT0005704439;BCA PROFILO;broker_pea_confirmed;GAP_CRITIQUE_PEA;Confirmation officielle requise, jamais déduite;https://live.euronext.com/en/product/equities/IT0005704439-MTAA;https://geco.amf-france.org
IT0001041000;BCO DESIO BRIANZA;broker_pea_confirmed;GAP_CRITIQUE_PEA;Confirmation officielle requise, jamais déduite;https://live.euronext.com/en/product/equities/IT0001041000-MTAA;https://geco.amf-france.org
IT0001487047;BEEWIZE;broker_pea_confirmed;GAP_CRITIQUE_PEA;Confirmation officielle requise, jamais déduite;https://live.euronext.com/en/product/equities/IT0001487047-MTAA;https://geco.amf-france.org
BE0974258874;BEKAERT;broker_pea_confirmed;GAP_CRITIQUE_PEA;Confirmation officielle requise, jamais déduite;https://live.euronext.com/en/product/equities/BE0974258874-XBRU;https://geco.amf-france.org
BE0974314461;BELYSSE GROUP NV;broker_pea_confirmed;GAP_CRITIQUE_PEA;Confirmation officielle requise, jamais déduite;https://live.euronext.com/en/product/equities/BE0974314461-XBRU;https://geco.amf-france.org
FR0000035164;BENETEAU;broker_pea_confirmed;GAP_CRITIQUE_PEA;Confirmation officielle requise, jamais déduite;https://live.euronext.com/en/product/equities/FR0000035164-XPAR;https://geco.amf-france.org
IT0005611642;BESTBE HOLDING;broker_pea_confirmed;GAP_CRITIQUE_PEA;Confirmation officielle requise, jamais déduite;https://live.euronext.com/en/product/equities/IT0005611642-MTAA;https://geco.amf-france.org
NL0000285278;BEVER HOLDING Gewone aandelen;broker_pea_confirmed;GAP_CRITIQUE_PEA;Confirmation officielle requise, jamais déduite;https://live.euronext.com/en/product/equities/NL0000285278-XAMS;https://geco.amf-france.org
IT0005244402;BFF BANK;broker_pea_confirmed;GAP_CRITIQUE_PEA;Confirmation officielle requise, jamais déduite;https://live.euronext.com/en/product/equities/IT0005244402-MTAA;https://geco.amf-france.org
IT0003097257;BIESSE;broker_pea_confirmed;GAP_CRITIQUE_PEA;Confirmation officielle requise, jamais déduite;https://live.euronext.com/en/product/equities/IT0003097257-MTAA;https://geco.amf-france.org
FR0000074072;BIGBEN INTERACTIVE;broker_pea_confirmed;GAP_CRITIQUE_PEA;Confirmation officielle requise, jamais déduite;https://live.euronext.com/en/product/equities/FR0000074072-XPAR;https://geco.amf-france.org
BE0974280126;BIOSENIC;broker_pea_confirmed;GAP_CRITIQUE_PEA;Confirmation officielle requise, jamais déduite;https://live.euronext.com/en/product/equities/BE0974280126-XBRU;https://geco.amf-france.org
BE0974386188;BIOTALYS NV;broker_pea_confirmed;GAP_CRITIQUE_PEA;Confirmation officielle requise, jamais déduite;https://live.euronext.com/en/product/equities/BE0974386188-XBRU;https://geco.amf-france.org
FR0000061129;BOIRON;broker_pea_confirmed;GAP_CRITIQUE_PEA;Confirmation officielle requise, jamais déduite;https://live.euronext.com/en/product/equities/FR0000061129-XPAR;https://geco.amf-france.org
IT0003217335;BORGOSESIA;broker_pea_confirmed;GAP_CRITIQUE_PEA;Confirmation officielle requise, jamais déduite;https://live.euronext.com/en/product/equities/IT0003217335-MTAA;https://geco.amf-france.org
FR0000074254;BOURSE DIRECT;broker_pea_confirmed;GAP_CRITIQUE_PEA;Confirmation officielle requise, jamais déduite;https://live.euronext.com/en/product/equities/FR0000074254-XPAR;https://geco.amf-france.org
BE0974268972;BPOST;broker_pea_confirmed;GAP_CRITIQUE_PEA;Confirmation officielle requise, jamais déduite;https://live.euronext.com/en/product/equities/BE0974268972-XBRU;https://geco.amf-france.org
BE0003008019;BQUE NAT. BELGIQUE;broker_pea_confirmed;GAP_CRITIQUE_PEA;Confirmation officielle requise, jamais déduite;https://live.euronext.com/en/product/equities/BE0003008019-XBRU;https://geco.amf-france.org
IT0000066180;BRIOSCHI;broker_pea_confirmed;GAP_CRITIQUE_PEA;Confirmation officielle requise, jamais déduite;https://live.euronext.com/en/product/equities/IT0000066180-MTAA;https://geco.amf-france.org
NL0010776944;BRUNEL INTERNAT;broker_pea_confirmed;GAP_CRITIQUE_PEA;Confirmation officielle requise, jamais déduite;https://live.euronext.com/en/product/equities/NL0010776944-XAMS;https://geco.amf-france.org
FR0000061137;BURELLE;broker_pea_confirmed;GAP_CRITIQUE_PEA;Confirmation officielle requise, jamais déduite;https://live.euronext.com/en/product/equities/FR0000061137-XPAR;https://geco.amf-france.org
PTSLB0AM0010;Benfica SAD;broker_pea_confirmed;GAP_CRITIQUE_PEA;Confirmation officielle requise, jamais déduite;https://live.euronext.com/en/product/equities/PTSLB0AM0010-XLIS;https://geco.amf-france.org
FR0000045544;CA TOULOUSE 31 CCI;broker_pea_confirmed;GAP_CRITIQUE_PEA;Confirmation officielle requise, jamais déduite;https://live.euronext.com/en/product/equities/FR0000045544-XPAR;https://geco.amf-france.org
NL00150000S7;CABKA;broker_pea_confirmed;GAP_CRITIQUE_PEA;Confirmation officielle requise, jamais déduite;https://live.euronext.com/en/product/equities/NL00150000S7-XAMS;https://geco.amf-france.org
IE00BWY4ZF18;CAIRN HOMES PLC;broker_pea_confirmed;GAP_CRITIQUE_PEA;Confirmation officielle requise, jamais déduite;https://live.euronext.com/en/product/equities/IE00BWY4ZF18-XMSM;https://geco.amf-france.org
IT0004329733;CAIRO COMMUNICATION;broker_pea_confirmed;GAP_CRITIQUE_PEA;Confirmation officielle requise, jamais déduite;https://live.euronext.com/en/product/equities/IT0004329733-MTAA;https://geco.amf-france.org
IT0003025019;CALEFFI;broker_pea_confirmed;GAP_CRITIQUE_PEA;Confirmation officielle requise, jamais déduite;https://live.euronext.com/en/product/equities/IT0003025019-MTAA;https://geco.amf-france.org
IT0003127930;CALTAGIRONE;broker_pea_confirmed;GAP_CRITIQUE_PEA;Confirmation officielle requise, jamais déduite;https://live.euronext.com/en/product/equities/IT0003127930-MTAA;https://geco.amf-france.org
IT0001472171;CALTAGIRONE EDIT;broker_pea_confirmed;GAP_CRITIQUE_PEA;Confirmation officielle requise, jamais déduite;https://live.euronext.com/en/product/equities/IT0001472171-MTAA;https://geco.amf-france.org
BE0003825420;CAMPINE;broker_pea_confirmed;GAP_CRITIQUE_PEA;Confirmation officielle requise, jamais déduite;https://live.euronext.com/en/product/equities/BE0003825420-XBRU;https://geco.amf-france.org
FR0013333077;CARVOLIX;broker_pea_confirmed;GAP_CRITIQUE_PEA;Confirmation officielle requise, jamais déduite;https://live.euronext.com/en/product/equities/FR0013333077-XPAR;https://geco.amf-france.org
FR001400OKR3;CASINO GUICHARD;broker_pea_confirmed;GAP_CRITIQUE_PEA;Confirmation officielle requise, jamais déduite;https://live.euronext.com/en/product/equities/FR001400OKR3-XPAR;https://geco.amf-france.org
FR0010193979;CBO TERRITORIA;broker_pea_confirmed;GAP_CRITIQUE_PEA;Confirmation officielle requise, jamais déduite;https://live.euronext.com/en/product/equities/FR0010193979-XPAR;https://geco.amf-france.org
IT0005244618;CELLULARLINE;broker_pea_confirmed;GAP_CRITIQUE_PEA;Confirmation officielle requise, jamais déduite;https://live.euronext.com/en/product/equities/IT0005244618-MTAA;https://geco.amf-france.org
BE0974260896;CELYAD ONCOLOGY;broker_pea_confirmed;GAP_CRITIQUE_PEA;Confirmation officielle requise, jamais déduite;https://live.euronext.com/en/product/equities/BE0974260896-XBRU;https://geco.amf-france.org
IT0001128047;CEMBRE;broker_pea_confirmed;GAP_CRITIQUE_PEA;Confirmation officielle requise, jamais déduite;https://live.euronext.com/en/product/equities/IT0001128047-MTAA;https://geco.amf-france.org
NL0013995087;CEMENTIR HOLDING;broker_pea_confirmed;GAP_CRITIQUE_PEA;Confirmation officielle requise, jamais déduite;https://live.euronext.com/en/product/equities/NL0013995087-MTAA;https://geco.amf-france.org
BE0974303357;CENERGY;broker_pea_confirmed;GAP_CRITIQUE_PEA;Confirmation officielle requise, jamais déduite;https://live.euronext.com/en/product/equities/BE0974303357-XBRU;https://geco.amf-france.org
IT0003023980;CENTRALE DEL LATTE D'ITALIA;broker_pea_confirmed;GAP_CRITIQUE_PEA;Confirmation officielle requise, jamais déduite;https://live.euronext.com/en/product/equities/IT0003023980-MTAA;https://geco.amf-france.org
BE0003883031;CFE;broker_pea_confirmed;GAP_CRITIQUE_PEA;Confirmation officielle requise, jamais déduite;https://live.euronext.com/en/product/equities/BE0003883031-XBRU;https://geco.amf-france.org
FR0000060907;CHAUSSERIA;broker_pea_confirmed;GAP_CRITIQUE_PEA;Confirmation officielle requise, jamais déduite;https://live.euronext.com/en/product/equities/FR0000060907-XPAR;https://geco.amf-france.org
BE0003592038;CIE BOIS SAUVAGE;broker_pea_confirmed;GAP_CRITIQUE_PEA;Confirmation officielle requise, jamais déduite;https://live.euronext.com/en/product/equities/BE0003592038-XBRU;https://geco.amf-france.org
IT0000070786;CIR;broker_pea_confirmed;GAP_CRITIQUE_PEA;Confirmation officielle requise, jamais déduite;https://live.euronext.com/en/product/equities/IT0000070786-MTAA;https://geco.amf-france.org
FR0010386334;CLARIANE SE;broker_pea_confirmed;GAP_CRITIQUE_PEA;Confirmation officielle requise, jamais déduite;https://live.euronext.com/en/product/equities/FR0010386334-XPAR;https://geco.amf-france.org
IT0005117848;CLASS EDITORI;broker_pea_confirmed;GAP_CRITIQUE_PEA;Confirmation officielle requise, jamais déduite;https://live.euronext.com/en/product/equities/IT0005117848-MTAA;https://geco.amf-france.org
NL0012747059;CM.COM;broker_pea_confirmed;GAP_CRITIQUE_PEA;Confirmation officielle requise, jamais déduite;https://live.euronext.com/en/product/equities/NL0012747059-XAMS;https://geco.amf-france.org
FR0010667147;COFACE;broker_pea_confirmed;GAP_CRITIQUE_PEA;Confirmation officielle requise, jamais déduite;https://live.euronext.com/en/product/equities/FR0010667147-XPAR;https://geco.amf-france.org
FR0004031763;COHERIS;broker_pea_confirmed;GAP_CRITIQUE_PEA;Confirmation officielle requise, jamais déduite;https://live.euronext.com/en/product/equities/FR0004031763-XPAR;https://geco.amf-france.org
IT0005246191;COMER INDUSTRIES;broker_pea_confirmed;GAP_CRITIQUE_PEA;Confirmation officielle requise, jamais déduite;https://live.euronext.com/en/product/equities/IT0005246191-MTAA;https://geco.amf-france.org
FR0000130692;COMPAGNIE CHARGEURS INVEST;broker_pea_confirmed;GAP_CRITIQUE_PEA;Confirmation officielle requise, jamais déduite;https://live.euronext.com/en/product/equities/FR0000130692-XPAR;https://geco.amf-france.org
FR0000065393;COURTOIS;broker_pea_confirmed;GAP_CRITIQUE_PEA;Confirmation officielle requise, jamais déduite;https://live.euronext.com/en/product/equities/FR0000065393-XPAR;https://geco.amf-france.org
FR0000044323;CRCAM ALP.PROV.CCI;broker_pea_confirmed;GAP_CRITIQUE_PEA;Confirmation officielle requise, jamais déduite;https://live.euronext.com/en/product/equities/FR0000044323-XPAR;https://geco.amf-france.org
FR0000185506;CRCAM ATL.VEND.CCI;broker_pea_confirmed;GAP_CRITIQUE_PEA;Confirmation officielle requise, jamais déduite;https://live.euronext.com/en/product/equities/FR0000185506-XPAR;https://geco.amf-france.org
FR0010483768;CRCAM BRIE PIC2CCI;broker_pea_confirmed;GAP_CRITIQUE_PEA;Confirmation officielle requise, jamais déduite;https://live.euronext.com/en/product/equities/FR0010483768-XPAR;https://geco.amf-france.org
FR0000045213;CRCAM ILLE-VIL.CCI;broker_pea_confirmed;GAP_CRITIQUE_PEA;Confirmation officielle requise, jamais déduite;https://live.euronext.com/en/product/equities/FR0000045213-XPAR;https://geco.amf-france.org
FR0010461053;CRCAM LANGUED CCI;broker_pea_confirmed;GAP_CRITIQUE_PEA;Confirmation officielle requise, jamais déduite;https://live.euronext.com/en/product/equities/FR0010461053-XPAR;https://geco.amf-france.org
FR0000045239;CRCAM LOIRE HAUTE LOIRE CCI;broker_pea_confirmed;GAP_CRITIQUE_PEA;Confirmation officielle requise, jamais déduite;https://live.euronext.com/en/product/equities/FR0000045239-XPAR;https://geco.amf-france.org
FR0000045551;CRCAM MORBIHAN CCI;broker_pea_confirmed;GAP_CRITIQUE_PEA;Confirmation officielle requise, jamais déduite;https://live.euronext.com/en/product/equities/FR0000045551-XPAR;https://geco.amf-france.org
FR0000185514;CRCAM NORD CCI;broker_pea_confirmed;GAP_CRITIQUE_PEA;Confirmation officielle requise, jamais déduite;https://live.euronext.com/en/product/equities/FR0000185514-XPAR;https://geco.amf-france.org
FR0000044364;CRCAM NORM.SEINE;broker_pea_confirmed;GAP_CRITIQUE_PEA;Confirmation officielle requise, jamais déduite;https://live.euronext.com/en/product/equities/FR0000044364-XPAR;https://geco.amf-france.org
FR0000045528;CRCAM PARIS ET IDF;broker_pea_confirmed;GAP_CRITIQUE_PEA;Confirmation officielle requise, jamais déduite;https://live.euronext.com/en/product/equities/FR0000045528-XPAR;https://geco.amf-france.org
FR0000045346;CRCAM SUD R.A.CCI;broker_pea_confirmed;GAP_CRITIQUE_PEA;Confirmation officielle requise, jamais déduite;https://live.euronext.com/en/product/equities/FR0000045346-XPAR;https://geco.amf-france.org
FR0000045304;CRCAM TOURAINE CCI;broker_pea_confirmed;GAP_CRITIQUE_PEA;Confirmation officielle requise, jamais déduite;https://live.euronext.com/en/product/equities/FR0000045304-XPAR;https://geco.amf-france.org
FR0000050395;CROSSWOOD;broker_pea_confirmed;GAP_CRITIQUE_PEA;Confirmation officielle requise, jamais déduite;https://live.euronext.com/en/product/equities/FR0000050395-XPAR;https://geco.amf-france.org
IT0001127874;CSP INT IND CALZE;broker_pea_confirmed;GAP_CRITIQUE_PEA;Confirmation officielle requise, jamais déduite;https://live.euronext.com/en/product/equities/IT0001127874-MTAA;https://geco.amf-france.org
NL0000345577;CTAC;broker_pea_confirmed;GAP_CRITIQUE_PEA;Confirmation officielle requise, jamais déduite;https://live.euronext.com/en/product/equities/NL0000345577-XAMS;https://geco.amf-france.org
BE0003463685;CUMULEX;broker_pea_confirmed;GAP_CRITIQUE_PEA;Confirmation officielle requise, jamais déduite;https://live.euronext.com/en/product/equities/BE0003463685-XBRU;https://geco.amf-france.org
IT0005412504;CY4GATE;broker_pea_confirmed;GAP_CRITIQUE_PEA;Confirmation officielle requise, jamais déduite;https://live.euronext.com/en/product/equities/IT0005412504-MTAA;https://geco.amf-france.org
LU2592315662;D'AMICO;broker_pea_confirmed;GAP_CRITIQUE_PEA;Confirmation officielle requise, jamais déduite;https://live.euronext.com/en/product/equities/LU2592315662-MTAA;https://geco.amf-france.org
IT0000076502;DANIELI & C;broker_pea_confirmed;GAP_CRITIQUE_PEA;Confirmation officielle requise, jamais déduite;https://live.euronext.com/en/product/equities/IT0000076502-MTAA;https://geco.amf-france.org
IT0004053440;DATALOGIC;broker_pea_confirmed;GAP_CRITIQUE_PEA;Confirmation officielle requise, jamais déduite;https://live.euronext.com/en/product/equities/IT0004053440-MTAA;https://geco.amf-france.org
FR0010417345;DBV TECHNOLOGIES;broker_pea_confirmed;GAP_CRITIQUE_PEA;Confirmation officielle requise, jamais déduite;https://live.euronext.com/en/product/equities/FR0010417345-XPAR;https://geco.amf-france.org
BE0003789063;DECEUNINCK;broker_pea_confirmed;GAP_CRITIQUE_PEA;Confirmation officielle requise, jamais déduite;https://live.euronext.com/en/product/equities/BE0003789063-XBRU;https://geco.amf-france.org
FR001400AYG6;DEEZER;broker_pea_confirmed;GAP_CRITIQUE_PEA;Confirmation officielle requise, jamais déduite;https://live.euronext.com/en/product/equities/FR001400AYG6-XPAR;https://geco.amf-france.org
FR0000062978;DEKUPLE;broker_pea_confirmed;GAP_CRITIQUE_PEA;Confirmation officielle requise, jamais déduite;https://live.euronext.com/en/product/equities/FR0000062978-XPAR;https://geco.amf-france.org
FR0000053381;DERICHEBOURG;broker_pea_confirmed;GAP_CRITIQUE_PEA;Confirmation officielle requise, jamais déduite;https://live.euronext.com/en/product/equities/FR0000053381-XPAR;https://geco.amf-france.org
IT0005543480;DEXELANCE;broker_pea_confirmed;GAP_CRITIQUE_PEA;Confirmation officielle requise, jamais déduite;https://live.euronext.com/en/product/equities/IT0005543480-MTAA;https://geco.amf-france.org
IT0001469995;DIGITAL BROS;broker_pea_confirmed;GAP_CRITIQUE_PEA;Confirmation officielle requise, jamais déduite;https://live.euronext.com/en/product/equities/IT0001469995-MTAA;https://geco.amf-france.org
FR0000065260;DOCK.PETR.AMBES AM;broker_pea_confirmed;GAP_CRITIQUE_PEA;Confirmation officielle requise, jamais déduite;https://live.euronext.com/en/product/equities/FR0000065260-XPAR;https://geco.amf-france.org
IT0005610958;DOVALUE;broker_pea_confirmed;GAP_CRITIQUE_PEA;Confirmation officielle requise, jamais déduite;https://live.euronext.com/en/product/equities/IT0005610958-MTAA;https://geco.amf-france.org
FR0010428771;EAGLE FOOTBALL GROUP;broker_pea_confirmed;GAP_CRITIQUE_PEA;Confirmation officielle requise, jamais déduite;https://live.euronext.com/en/product/equities/FR0010428771-XPAR;https://geco.amf-france.org
NL0000345627;EASE2PAY NV;broker_pea_confirmed;GAP_CRITIQUE_PEA;Confirmation officielle requise, jamais déduite;https://live.euronext.com/en/product/equities/NL0000345627-XAMS;https://geco.amf-france.org
NL0015002AG2;EBUSCO HOLDING N.V.;broker_pea_confirmed;GAP_CRITIQUE_PEA;Confirmation officielle requise, jamais déduite;https://live.euronext.com/en/product/equities/NL0015002AG2-XAMS;https://geco.amf-france.org
BE0974313455;ECONOCOM GROUP;broker_pea_confirmed;GAP_CRITIQUE_PEA;Confirmation officielle requise, jamais déduite;https://live.euronext.com/en/product/equities/BE0974313455-XBRU;https://geco.amf-france.org
FR0011466069;EKINOPS;broker_pea_confirmed;GAP_CRITIQUE_PEA;Confirmation officielle requise, jamais déduite;https://live.euronext.com/en/product/equities/FR0011466069-XPAR;https://geco.amf-france.org
BE0974380124;EKOPAK NV;broker_pea_confirmed;GAP_CRITIQUE_PEA;Confirmation officielle requise, jamais déduite;https://live.euronext.com/en/product/equities/BE0974380124-XBRU;https://geco.amf-france.org
IT0005453250;EL.EN.;broker_pea_confirmed;GAP_CRITIQUE_PEA;Confirmation officielle requise, jamais déduite;https://live.euronext.com/en/product/equities/IT0005453250-MTAA;https://geco.amf-france.org
FR0000031023;ELEC.STRASBOURG;broker_pea_confirmed;GAP_CRITIQUE_PEA;Confirmation officielle requise, jamais déduite;https://live.euronext.com/en/product/equities/FR0000031023-XPAR;https://geco.amf-france.org
FR0000035719;ELECTRICITE ET EAUX DE MADAGASCAR;broker_pea_confirmed;GAP_CRITIQUE_PEA;Confirmation officielle requise, jamais déduite;https://live.euronext.com/en/product/equities/FR0000035719-XPAR;https://geco.amf-france.org
IT0003404214;ELICA;broker_pea_confirmed;GAP_CRITIQUE_PEA;Confirmation officielle requise, jamais déduite;https://live.euronext.com/en/product/equities/IT0003404214-MTAA;https://geco.amf-france.org
FR0011950732;ELIOR GROUP;broker_pea_confirmed;GAP_CRITIQUE_PEA;Confirmation officielle requise, jamais déduite;https://live.euronext.com/en/product/equities/FR0011950732-XPAR;https://geco.amf-france.org
IT0001237053;EMAK;broker_pea_confirmed;GAP_CRITIQUE_PEA;Confirmation officielle requise, jamais déduite;https://live.euronext.com/en/product/equities/IT0001237053-MTAA;https://geco.amf-france.org
FR001400NLM4;EMEIS;broker_pea_confirmed;GAP_CRITIQUE_PEA;Confirmation officielle requise, jamais déduite;https://live.euronext.com/en/product/equities/FR001400NLM4-XPAR;https://geco.amf-france.org
IT0005176406;ENAV;broker_pea_confirmed;GAP_CRITIQUE_PEA;Confirmation officielle requise, jamais déduite;https://live.euronext.com/en/product/equities/IT0005176406-MTAA;https://geco.amf-france.org
BE0974499312;ENERGYVISION;broker_pea_confirmed;GAP_CRITIQUE_PEA;Confirmation officielle requise, jamais déduite;https://live.euronext.com/en/product/equities/BE0974499312-XBRU;https://geco.amf-france.org
IT0004356751;ENERVIT;broker_pea_confirmed;GAP_CRITIQUE_PEA;Confirmation officielle requise, jamais déduite;https://live.euronext.com/en/product/equities/IT0004356751-MTAA;https://geco.amf-france.org
NL0015000GX8;ENVIPCO;broker_pea_confirmed;GAP_CRITIQUE_PEA;Confirmation officielle requise, jamais déduite;https://live.euronext.com/en/product/equities/NL0015000GX8-XAMS;https://geco.amf-france.org
IT0005623845;EPH INVEST;broker_pea_confirmed;GAP_CRITIQUE_PEA;Confirmation officielle requise, jamais déduite;https://live.euronext.com/en/product/equities/IT0005623845-MTAA;https://geco.amf-france.org
FR0012882389;EQUASENS;broker_pea_confirmed;GAP_CRITIQUE_PEA;Confirmation officielle requise, jamais déduite;https://live.euronext.com/en/product/equities/FR0012882389-XPAR;https://geco.amf-france.org
IT0005312027;EQUITA GROUP;broker_pea_confirmed;GAP_CRITIQUE_PEA;Confirmation officielle requise, jamais déduite;https://live.euronext.com/en/product/equities/IT0005312027-MTAA;https://geco.amf-france.org
NL0010389508;ER CAPITAL N.V.;broker_pea_confirmed;GAP_CRITIQUE_PEA;Confirmation officielle requise, jamais déduite;https://live.euronext.com/en/product/equities/NL0010389508-XAMS;https://geco.amf-france.org
FR0000131757;ERAMET;broker_pea_confirmed;GAP_CRITIQUE_PEA;Confirmation officielle requise, jamais déduite;https://live.euronext.com/en/product/equities/FR0000131757-XPAR;https://geco.amf-france.org
IT0003850929;ESPRINET;broker_pea_confirmed;GAP_CRITIQUE_PEA;Confirmation officielle requise, jamais déduite;https://live.euronext.com/en/product/equities/IT0003850929-MTAA;https://geco.amf-france.org
IT0004818297;EUKEDOS;broker_pea_confirmed;GAP_CRITIQUE_PEA;Confirmation officielle requise, jamais déduite;https://live.euronext.com/en/product/equities/IT0004818297-MTAA;https://geco.amf-france.org
FR0014008VX5;EUROAPI SA;broker_pea_confirmed;GAP_CRITIQUE_PEA;Confirmation officielle requise, jamais déduite;https://live.euronext.com/en/product/equities/FR0014008VX5-MTAH;https://geco.amf-france.org
IT0005527616;EUROGROUP LAMINATIONS;broker_pea_confirmed;GAP_CRITIQUE_PEA;Confirmation officielle requise, jamais déduite;https://live.euronext.com/en/product/equities/IT0005527616-MTAA;https://geco.amf-france.org
IT0003895668;EUROTECH;broker_pea_confirmed;GAP_CRITIQUE_PEA;Confirmation officielle requise, jamais déduite;https://live.euronext.com/en/product/equities/IT0003895668-MTAA;https://geco.amf-france.org
FR0010221234;EUTELSAT COMMUNIC.;broker_pea_confirmed;GAP_CRITIQUE_PEA;Confirmation officielle requise, jamais déduite;https://live.euronext.com/en/product/equities/FR0010221234-XPAR;https://geco.amf-france.org
BE0003820371;EVS BROADC.EQUIPM.;broker_pea_confirmed;GAP_CRITIQUE_PEA;Confirmation officielle requise, jamais déduite;https://live.euronext.com/en/product/equities/BE0003820371-XBRU;https://geco.amf-france.org
FR0000062671;EXAIL TECHNOLOGIES;broker_pea_confirmed;GAP_CRITIQUE_PEA;Confirmation officielle requise, jamais déduite;https://live.euronext.com/en/product/equities/FR0000062671-XPAR;https://geco.amf-france.org
FR0004527638;EXEL INDUSTRIES;broker_pea_confirmed;GAP_CRITIQUE_PEA;Confirmation officielle requise, jamais déduite;https://live.euronext.com/en/product/equities/FR0004527638-XPAR;https://geco.amf-france.org
BE0003808251;EXMAR ord.;broker_pea_confirmed;GAP_CRITIQUE_PEA;Confirmation officielle requise, jamais déduite;https://live.euronext.com/en/product/equities/BE0003808251-XBRU;https://geco.amf-france.org
FR001400Q9V2;EXOSENS;broker_pea_confirmed;GAP_CRITIQUE_PEA;Confirmation officielle requise, jamais déduite;https://live.euronext.com/en/product/equities/FR001400Q9V2-XPAR;https://geco.amf-france.org
FR0014003AQ4;EXPLOSIFS PROD.CHI;broker_pea_confirmed;GAP_CRITIQUE_PEA;Confirmation officielle requise, jamais déduite;https://live.euronext.com/en/product/equities/FR0014003AQ4-XPAR;https://geco.amf-france.org
PTESO0AM0000;Estoril-Sol SGPS-Nominativas;broker_pea_confirmed;GAP_CRITIQUE_PEA;Confirmation officielle requise, jamais déduite;https://live.euronext.com/en/product/equities/PTESO0AM0000-XLIS;https://geco.amf-france.org
IE0003290289;FBD HOLDINGS PLC;broker_pea_confirmed;GAP_CRITIQUE_PEA;Confirmation officielle requise, jamais déduite;https://live.euronext.com/en/product/equities/IE0003290289-XMSM;https://geco.amf-france.org
FR0000062101;FERM.CASINO MUNICIPAL CANNES;broker_pea_confirmed;GAP_CRITIQUE_PEA;Confirmation officielle requise, jamais déduite;https://live.euronext.com/en/product/equities/FR0000062101-XPAR;https://geco.amf-france.org
IT0005383291;FERRETTI;broker_pea_confirmed;GAP_CRITIQUE_PEA;Confirmation officielle requise, jamais déduite;https://live.euronext.com/en/product/equities/IT0005383291-MTAA;https://geco.amf-france.org
IT0005654683;FIDIA;broker_pea_confirmed;GAP_CRITIQUE_PEA;Confirmation officielle requise, jamais déduite;https://live.euronext.com/en/product/equities/IT0005654683-MTAA;https://geco.amf-france.org
FR0000061418;FIDUCIAL OFF.SOL.;broker_pea_confirmed;GAP_CRITIQUE_PEA;Confirmation officielle requise, jamais déduite;https://live.euronext.com/en/product/equities/FR0000061418-XPAR;https://geco.amf-france.org
FR0000060535;FIDUCIAL REAL EST.;broker_pea_confirmed;GAP_CRITIQUE_PEA;Confirmation officielle requise, jamais déduite;https://live.euronext.com/en/product/equities/FR0000060535-XPAR;https://geco.amf-france.org
IT0003365613;FIERA MILANO;broker_pea_confirmed;GAP_CRITIQUE_PEA;Confirmation officielle requise, jamais déduite;https://live.euronext.com/en/product/equities/IT0003365613-MTAA;https://geco.amf-france.org
FR0011665280;FIGEAC AERO;broker_pea_confirmed;GAP_CRITIQUE_PEA;Confirmation officielle requise, jamais déduite;https://live.euronext.com/en/product/equities/FR0011665280-XPAR;https://geco.amf-france.org
IT0004967292;FILA;broker_pea_confirmed;GAP_CRITIQUE_PEA;Confirmation officielle requise, jamais déduite;https://live.euronext.com/en/product/equities/IT0004967292-MTAA;https://geco.amf-france.org
FR0000060824;FINANCIERE MARJOS;broker_pea_confirmed;GAP_CRITIQUE_PEA;Confirmation officielle requise, jamais déduite;https://live.euronext.com/en/product/equities/FR0000060824-XPAR;https://geco.amf-france.org
IT0005599938;FINCANTIERI;broker_pea_confirmed;GAP_CRITIQUE_PEA;Confirmation officielle requise, jamais déduite;https://live.euronext.com/en/product/equities/IT0005599938-MTAA;https://geco.amf-france.org
IT0005215329;FINE FOODS & PHARMACEUTICALS NTM;broker_pea_confirmed;GAP_CRITIQUE_PEA;Confirmation officielle requise, jamais déduite;https://live.euronext.com/en/product/equities/IT0005215329-MTAA;https://geco.amf-france.org
PTFXD0AM0018;FLEXDEAL;broker_pea_confirmed;GAP_CRITIQUE_PEA;Confirmation officielle requise, jamais déduite;https://live.euronext.com/en/product/equities/PTFXD0AM0018-XLIS;https://geco.amf-france.org
BE0974502347;FLORIDIENNE;broker_pea_confirmed;GAP_CRITIQUE_PEA;Confirmation officielle requise, jamais déduite;https://live.euronext.com/en/product/equities/BE0974502347-XBRU;https://geco.amf-france.org
BE0974265945;FLUXYS BELGIUM;broker_pea_confirmed;GAP_CRITIQUE_PEA;Confirmation officielle requise, jamais déduite;https://live.euronext.com/en/product/equities/BE0974265945-XBRU;https://geco.amf-france.org
FR0011476928;FNAC DARTY;broker_pea_confirmed;GAP_CRITIQUE_PEA;Confirmation officielle requise, jamais déduite;https://live.euronext.com/en/product/equities/FR0011476928-XPAR;https://geco.amf-france.org
IT0000060886;FNM;broker_pea_confirmed;GAP_CRITIQUE_PEA;Confirmation officielle requise, jamais déduite;https://live.euronext.com/en/product/equities/IT0000060886-MTAA;https://geco.amf-france.org
FR0000065930;FONCIERE 7 INVEST;broker_pea_confirmed;GAP_CRITIQUE_PEA;Confirmation officielle requise, jamais déduite;https://live.euronext.com/en/product/equities/FR0000065930-XPAR;https://geco.amf-france.org
FR0000053944;FONCIERE VOLTA;broker_pea_confirmed;GAP_CRITIQUE_PEA;Confirmation officielle requise, jamais déduite;https://live.euronext.com/en/product/equities/FR0000053944-XPAR;https://geco.amf-france.org
NL0011832811;FORFARMERS;broker_pea_confirmed;GAP_CRITIQUE_PEA;Confirmation officielle requise, jamais déduite;https://live.euronext.com/en/product/equities/NL0011832811-XAMS;https://geco.amf-france.org
FR0000121147;FORVIA;broker_pea_confirmed;GAP_CRITIQUE_PEA;Confirmation officielle requise, jamais déduite;https://live.euronext.com/en/product/equities/FR0000121147-XPAR;https://geco.amf-france.org
BE0003752665;FOUNTAIN;broker_pea_confirmed;GAP_CRITIQUE_PEA;Confirmation officielle requise, jamais déduite;https://live.euronext.com/en/product/equities/BE0003752665-XBRU;https://geco.amf-france.org
FR0013030152;FRANCAISE ENERGIE;broker_pea_confirmed;GAP_CRITIQUE_PEA;Confirmation officielle requise, jamais déduite;https://live.euronext.com/en/product/equities/FR0013030152-XPAR;https://geco.amf-france.org
FR0000031973;FSDV;broker_pea_confirmed;GAP_CRITIQUE_PEA;Confirmation officielle requise, jamais déduite;https://live.euronext.com/en/product/equities/FR0000031973-XPAR;https://geco.amf-france.org
PTFCP0AM0008;FUT.CLUBE PORTO;broker_pea_confirmed;GAP_CRITIQUE_PEA;Confirmation officielle requise, jamais déduite;https://live.euronext.com/en/product/equities/PTFCP0AM0008-XLIS;https://geco.amf-france.org
IT0005023038;GABETTI;broker_pea_confirmed;GAP_CRITIQUE_PEA;Confirmation officielle requise, jamais déduite;https://live.euronext.com/en/product/equities/IT0005023038-MTAA;https://geco.amf-france.org
IT0005345233;GAROFALO HEALTH CARE;broker_pea_confirmed;GAP_CRITIQUE_PEA;Confirmation officielle requise, jamais déduite;https://live.euronext.com/en/product/equities/IT0005345233-MTAA;https://geco.amf-france.org
IT0004098510;GAS PLUS;broker_pea_confirmed;GAP_CRITIQUE_PEA;Confirmation officielle requise, jamais déduite;https://live.euronext.com/en/product/equities/IT0004098510-MTAA;https://geco.amf-france.org
FR0000034894;GAUMONT;broker_pea_confirmed;GAP_CRITIQUE_PEA;Confirmation officielle requise, jamais déduite;https://live.euronext.com/en/product/equities/FR0000034894-XPAR;https://geco.amf-france.org
FR0000053035;GEA GRENOBL.ELECT.;broker_pea_confirmed;GAP_CRITIQUE_PEA;Confirmation officielle requise, jamais déduite;https://live.euronext.com/en/product/equities/FR0000053035-XPAR;https://geco.amf-france.org
IT0003203947;GEFRAN;broker_pea_confirmed;GAP_CRITIQUE_PEA;Confirmation officielle requise, jamais déduite;https://live.euronext.com/en/product/equities/IT0003203947-MTAA;https://geco.amf-france.org
IT0005144784;GENERALFINANCE;broker_pea_confirmed;GAP_CRITIQUE_PEA;Confirmation officielle requise, jamais déduite;https://live.euronext.com/en/product/equities/IT0005144784-MTAA;https://geco.amf-france.org
FR0004163111;GENFIT;broker_pea_confirmed;GAP_CRITIQUE_PEA;Confirmation officielle requise, jamais déduite;https://live.euronext.com/en/product/equities/FR0004163111-XPAR;https://geco.amf-france.org
IT0005713232;GENS AUREA;broker_pea_confirmed;GAP_CRITIQUE_PEA;Confirmation officielle requise, jamais déduite;https://live.euronext.com/en/product/equities/IT0005713232-MTAA;https://geco.amf-france.org
FR0013183985;GENSIGHT BIOLOGICS;broker_pea_confirmed;GAP_CRITIQUE_PEA;Confirmation officielle requise, jamais déduite;https://live.euronext.com/en/product/equities/FR0013183985-XPAR;https://geco.amf-france.org
IT0003697080;GEOX;broker_pea_confirmed;GAP_CRITIQUE_PEA;Confirmation officielle requise, jamais déduite;https://live.euronext.com/en/product/equities/IT0003697080-MTAA;https://geco.amf-france.org
BE0003699130;GIMV;broker_pea_confirmed;GAP_CRITIQUE_PEA;Confirmation officielle requise, jamais déduite;https://live.euronext.com/en/product/equities/BE0003699130-XBRU;https://geco.amf-france.org
FR0000066672;GL EVENTS;broker_pea_confirmed;GAP_CRITIQUE_PEA;Confirmation officielle requise, jamais déduite;https://live.euronext.com/en/product/equities/FR0000066672-XPAR;https://geco.amf-france.org
IE00BD6JX574;GLENVEAGH PROPERTIES PLC;broker_pea_confirmed;GAP_CRITIQUE_PEA;Confirmation officielle requise, jamais déduite;https://live.euronext.com/en/product/equities/IE00BD6JX574-XMSM;https://geco.amf-france.org
PTPAD0AM0007;GLINT;broker_pea_confirmed;GAP_CRITIQUE_PEA;Confirmation officielle requise, jamais déduite;https://live.euronext.com/en/product/equities/PTPAD0AM0007-XLIS;https://geco.amf-france.org
FR0010214064;GPE GROUP PIZZORNO;broker_pea_confirmed;GAP_CRITIQUE_PEA;Confirmation officielle requise, jamais déduite;https://live.euronext.com/en/product/equities/FR0010214064-XPAR;https://geco.amf-france.org
IT0005221517;GPI;broker_pea_confirmed;GAP_CRITIQUE_PEA;Confirmation officielle requise, jamais déduite;https://live.euronext.com/en/product/equities/IT0005221517-MTAA;https://geco.amf-france.org
FR0000065971;GRAINES VOLTZ;broker_pea_confirmed;GAP_CRITIQUE_PEA;Confirmation officielle requise, jamais déduite;https://live.euronext.com/en/product/equities/FR0000065971-XPAR;https://geco.amf-france.org
NL0009169515;GREEN EARTH GROUP N.V.;broker_pea_confirmed;GAP_CRITIQUE_PEA;Confirmation officielle requise, jamais déduite;https://live.euronext.com/en/product/equities/NL0009169515-XAMS;https://geco.amf-france.org
FR0000036675;GROUPE CRIT;broker_pea_confirmed;GAP_CRITIQUE_PEA;Confirmation officielle requise, jamais déduite;https://live.euronext.com/en/product/equities/FR0000036675-XPAR;https://geco.amf-france.org
FR0004010338;GROUPE JAJ;broker_pea_confirmed;GAP_CRITIQUE_PEA;Confirmation officielle requise, jamais déduite;https://live.euronext.com/en/product/equities/FR0004010338-XPAR;https://geco.amf-france.org
FR0012612646;GROUPE PARTOUCHE;broker_pea_confirmed;GAP_CRITIQUE_PEA;Confirmation officielle requise, jamais déduite;https://live.euronext.com/en/product/equities/FR0012612646-XPAR;https://geco.amf-france.org
FR0004155000;GROUPE SFPI;broker_pea_confirmed;GAP_CRITIQUE_PEA;Confirmation officielle requise, jamais déduite;https://live.euronext.com/en/product/equities/FR0004155000-XPAR;https://geco.amf-france.org
FR0000032526;GUERBET;broker_pea_confirmed;GAP_CRITIQUE_PEA;Confirmation officielle requise, jamais déduite;https://live.euronext.com/en/product/equities/FR0000032526-XPAR;https://geco.amf-france.org
FR0000066722;GUILLEMOT;broker_pea_confirmed;GAP_CRITIQUE_PEA;Confirmation officielle requise, jamais déduite;https://live.euronext.com/en/product/equities/FR0000066722-XPAR;https://geco.amf-france.org
IT0005411209;GVS;broker_pea_confirmed;GAP_CRITIQUE_PEA;Confirmation officielle requise, jamais déduite;https://live.euronext.com/en/product/equities/IT0005411209-MTAA;https://geco.amf-france.org
FR0000066755;HAULOTTE GROUP;broker_pea_confirmed;GAP_CRITIQUE_PEA;Confirmation officielle requise, jamais déduite;https://live.euronext.com/en/product/equities/FR0000066755-XPAR;https://geco.amf-france.org
NL0015002K83;HAVAS;broker_pea_confirmed;GAP_CRITIQUE_PEA;Confirmation officielle requise, jamais déduite;https://live.euronext.com/en/product/equities/NL0015002K83-XAMS;https://geco.amf-france.org
NL0010556726;HAWICK DATA NV;broker_pea_confirmed;GAP_CRITIQUE_PEA;Confirmation officielle requise, jamais déduite;https://live.euronext.com/en/product/equities/NL0010556726-XAMS;https://geco.amf-france.org
FR0000054231;HIGH CO;broker_pea_confirmed;GAP_CRITIQUE_PEA;Confirmation officielle requise, jamais déduite;https://live.euronext.com/en/product/equities/FR0000054231-XPAR;https://geco.amf-france.org
FR0004165801;HOTELS DE PARIS;broker_pea_confirmed;GAP_CRITIQUE_PEA;Confirmation officielle requise, jamais déduite;https://live.euronext.com/en/product/equities/FR0004165801-XPAR;https://geco.amf-france.org
NL0009391242;HYDRATEC Gewone aandelen;broker_pea_confirmed;GAP_CRITIQUE_PEA;Confirmation officielle requise, jamais déduite;https://live.euronext.com/en/product/equities/NL0009391242-XAMS;https://geco.amf-france.org
FR0014003VY4;HYDROGENE DE FRANCE;broker_pea_confirmed;GAP_CRITIQUE_PEA;Confirmation officielle requise, jamais déduite;https://live.euronext.com/en/product/equities/FR0014003VY4-XPAR;https://geco.amf-france.org
BE0974363955;HYLORIS;broker_pea_confirmed;GAP_CRITIQUE_PEA;Confirmation officielle requise, jamais déduite;https://live.euronext.com/en/product/equities/BE0974363955-XBRU;https://geco.amf-france.org
NL0000440311;Holland Colours;broker_pea_confirmed;GAP_CRITIQUE_PEA;Confirmation officielle requise, jamais déduite;https://live.euronext.com/en/product/equities/NL0000440311-XAMS;https://geco.amf-france.org
IT0005108219;I GRANDI VIAGGI;broker_pea_confirmed;GAP_CRITIQUE_PEA;Confirmation officielle requise, jamais déduite;https://live.euronext.com/en/product/equities/IT0005108219-MTAA;https://geco.amf-france.org
FR0010929125;ID LOGISTICS GROUP;broker_pea_confirmed;GAP_CRITIQUE_PEA;Confirmation officielle requise, jamais déduite;https://live.euronext.com/en/product/equities/FR0010929125-XPAR;https://geco.amf-france.org
FR0000051393;IDI;broker_pea_confirmed;GAP_CRITIQUE_PEA;Confirmation officielle requise, jamais déduite;https://live.euronext.com/en/product/equities/FR0000051393-XPAR;https://geco.amf-france.org
BE0003748622;IEP INVEST;broker_pea_confirmed;GAP_CRITIQUE_PEA;Confirmation officielle requise, jamais déduite;https://live.euronext.com/en/product/equities/BE0003748622-XBRU;https://geco.amf-france.org
BE0003599108;IMMOBEL;broker_pea_confirmed;GAP_CRITIQUE_PEA;Confirmation officielle requise, jamais déduite;https://live.euronext.com/en/product/equities/BE0003599108-XBRU;https://geco.amf-france.org
IT0001413837;IMMSI;broker_pea_confirmed;GAP_CRITIQUE_PEA;Confirmation officielle requise, jamais déduite;https://live.euronext.com/en/product/equities/IT0001413837-MTAA;https://geco.amf-france.org
BE0974374069;INCLUSIO SA/NV;broker_pea_confirmed;GAP_CRITIQUE_PEA;Confirmation officielle requise, jamais déduite;https://live.euronext.com/en/product/equities/BE0974374069-XBRU;https://geco.amf-france.org
IT0005245508;INDEL B;broker_pea_confirmed;GAP_CRITIQUE_PEA;Confirmation officielle requise, jamais déduite;https://live.euronext.com/en/product/equities/IT0005245508-MTAA;https://geco.amf-france.org
IT0005186371;INDUSTRIE DE NORA;broker_pea_confirmed;GAP_CRITIQUE_PEA;Confirmation officielle requise, jamais déduite;https://live.euronext.com/en/product/equities/IT0005186371-MTAA;https://geco.amf-france.org
FR0000071797;INFOTEL;broker_pea_confirmed;GAP_CRITIQUE_PEA;Confirmation officielle requise, jamais déduite;https://live.euronext.com/en/product/equities/FR0000071797-XPAR;https://geco.amf-france.org
FR0010331421;INNATE PHARMA;broker_pea_confirmed;GAP_CRITIQUE_PEA;Confirmation officielle requise, jamais déduite;https://live.euronext.com/en/product/equities/FR0010331421-XPAR;https://geco.amf-france.org
IT0005455875;INTERCOS;broker_pea_confirmed;GAP_CRITIQUE_PEA;Confirmation officielle requise, jamais déduite;https://live.euronext.com/en/product/equities/IT0005455875-MTAA;https://geco.amf-france.org
FR0000064958;INTEXA;broker_pea_confirmed;GAP_CRITIQUE_PEA;Confirmation officielle requise, jamais déduite;https://live.euronext.com/en/product/equities/FR0000064958-XPAR;https://geco.amf-france.org
FR0013233012;INVENTIVA;broker_pea_confirmed;GAP_CRITIQUE_PEA;Confirmation officielle requise, jamais déduite;https://live.euronext.com/en/product/equities/FR0013233012-XPAR;https://geco.amf-france.org
BE0003766806;ION BEAM APPLICATIONS;broker_pea_confirmed;GAP_CRITIQUE_PEA;Confirmation officielle requise, jamais déduite;https://live.euronext.com/en/product/equities/BE0003766806-XBRU;https://geco.amf-france.org
FR0000073298;IPSOS;broker_pea_confirmed;GAP_CRITIQUE_PEA;Confirmation officielle requise, jamais déduite;https://live.euronext.com/en/product/equities/FR0000073298-XPAR;https://geco.amf-france.org
IT0001077780;IRCE;broker_pea_confirmed;GAP_CRITIQUE_PEA;Confirmation officielle requise, jamais déduite;https://live.euronext.com/en/product/equities/IT0001077780-MTAA;https://geco.amf-france.org
IE00BLP58571;IRISH CONTINENTAL GROUP PLC;broker_pea_confirmed;GAP_CRITIQUE_PEA;Confirmation officielle requise, jamais déduite;https://live.euronext.com/en/product/equities/IE00BLP58571-XMSM;https://geco.amf-france.org
IT0003057624;IT WAY;broker_pea_confirmed;GAP_CRITIQUE_PEA;Confirmation officielle requise, jamais déduite;https://live.euronext.com/en/product/equities/IT0003057624-MTAA;https://geco.amf-france.org
IT0003411417;ITALIAN EXHIBITION GROUP;broker_pea_confirmed;GAP_CRITIQUE_PEA;Confirmation officielle requise, jamais déduite;https://live.euronext.com/en/product/equities/IT0003411417-MTAA;https://geco.amf-france.org
IT0005253205;ITALMOBILIARE;broker_pea_confirmed;GAP_CRITIQUE_PEA;Confirmation officielle requise, jamais déduite;https://live.euronext.com/en/product/equities/IT0005253205-MTAA;https://geco.amf-france.org
PTIPR0AM0000;Impresa, SGPS - Nom.;broker_pea_confirmed;GAP_CRITIQUE_PEA;Confirmation officielle requise, jamais déduite;https://live.euronext.com/en/product/equities/PTIPR0AM0000-XLIS;https://geco.amf-france.org
FR0012872141;JACQUES BOGART;broker_pea_confirmed;GAP_CRITIQUE_PEA;Confirmation officielle requise, jamais déduite;https://live.euronext.com/en/product/equities/FR0012872141-XPAR;https://geco.amf-france.org
FR0000033904;JACQUET METALS;broker_pea_confirmed;GAP_CRITIQUE_PEA;Confirmation officielle requise, jamais déduite;https://live.euronext.com/en/product/equities/FR0000033904-XPAR;https://geco.amf-france.org
BE0003858751;JENSEN-GROUP;broker_pea_confirmed;GAP_CRITIQUE_PEA;Confirmation officielle requise, jamais déduite;https://live.euronext.com/en/product/equities/BE0003858751-XBRU;https://geco.amf-france.org
IT0005572778;JUVENTUS FC;broker_pea_confirmed;GAP_CRITIQUE_PEA;Confirmation officielle requise, jamais déduite;https://live.euronext.com/en/product/equities/IT0005572778-MTAA;https://geco.amf-france.org
FR0004007813;KAUFMAN ET BROAD;broker_pea_confirmed;GAP_CRITIQUE_PEA;Confirmation officielle requise, jamais déduite;https://live.euronext.com/en/product/equities/FR0004007813-XPAR;https://geco.amf-france.org
NL0000852531;KENDRION N.V.;broker_pea_confirmed;GAP_CRITIQUE_PEA;Confirmation officielle requise, jamais déduite;https://live.euronext.com/en/product/equities/NL0000852531-XAMS;https://geco.amf-france.org
IE00BDC5DG00;KENMARE RESOURCES PLC;broker_pea_confirmed;GAP_CRITIQUE_PEA;Confirmation officielle requise, jamais déduite;https://live.euronext.com/en/product/equities/IE00BDC5DG00-XMSM;https://geco.amf-france.org
BE0974274061;KINEPOLIS GROUP;broker_pea_confirmed;GAP_CRITIQUE_PEA;Confirmation officielle requise, jamais déduite;https://live.euronext.com/en/product/equities/BE0974274061-XBRU;https://geco.amf-france.org
IT0004552359;KME GROUP;broker_pea_confirmed;GAP_CRITIQUE_PEA;Confirmation officielle requise, jamais déduite;https://live.euronext.com/en/product/equities/IT0004552359-MTAA;https://geco.amf-france.org
NL0000378669;KONINKLIJKE PORCELEYNE FLES;broker_pea_confirmed;GAP_CRITIQUE_PEA;Confirmation officielle requise, jamais déduite;https://live.euronext.com/en/product/equities/NL0000378669-XAMS;https://geco.amf-france.org
IT0005707341;KRUSO KAPITAL;broker_pea_confirmed;GAP_CRITIQUE_PEA;Confirmation officielle requise, jamais déduite;https://live.euronext.com/en/product/equities/IT0005707341-MTAA;https://geco.amf-france.org
FR001400SF56;L.D.C.;broker_pea_confirmed;GAP_CRITIQUE_PEA;Confirmation officielle requise, jamais déduite;https://live.euronext.com/en/product/equities/FR001400SF56-XPAR;https://geco.amf-france.org
FR0000066607;LACROIX GROUP;broker_pea_confirmed;GAP_CRITIQUE_PEA;Confirmation officielle requise, jamais déduite;https://live.euronext.com/en/product/equities/FR0000066607-XPAR;https://geco.amf-france.org
IT0005619843;LANDI RENZO;broker_pea_confirmed;GAP_CRITIQUE_PEA;Confirmation officielle requise, jamais déduite;https://live.euronext.com/en/product/equities/IT0005619843-MTAA;https://geco.amf-france.org
FR001400JY13;LATECOERE;broker_pea_confirmed;GAP_CRITIQUE_PEA;Confirmation officielle requise, jamais déduite;https://live.euronext.com/en/product/equities/FR001400JY13-XPAR;https://geco.amf-france.org
FR0006864484;LAURENT-PERRIER;broker_pea_confirmed;GAP_CRITIQUE_PEA;Confirmation officielle requise, jamais déduite;https://live.euronext.com/en/product/equities/FR0006864484-XPAR;https://geco.amf-france.org
NL0010545679;LAVIDE HOLDING;broker_pea_confirmed;GAP_CRITIQUE_PEA;Confirmation officielle requise, jamais déduite;https://live.euronext.com/en/product/equities/NL0010545679-XAMS;https://geco.amf-france.org
FR0000065484;LECTRA;broker_pea_confirmed;GAP_CRITIQUE_PEA;Confirmation officielle requise, jamais déduite;https://live.euronext.com/en/product/equities/FR0000065484-XPAR;https://geco.amf-france.org
FR0014009YQ1;LHYFE S.A.;broker_pea_confirmed;GAP_CRITIQUE_PEA;Confirmation officielle requise, jamais déduite;https://live.euronext.com/en/product/equities/FR0014009YQ1-XPAR;https://geco.amf-france.org
FR0004156297;LINEDATA SERVICES;broker_pea_confirmed;GAP_CRITIQUE_PEA;Confirmation officielle requise, jamais déduite;https://live.euronext.com/en/product/equities/FR0004156297-XPAR;https://geco.amf-france.org
FR0000050353;LISI;broker_pea_confirmed;GAP_CRITIQUE_PEA;Confirmation officielle requise, jamais déduite;https://live.euronext.com/en/product/equities/FR0000050353-XPAR;https://geco.amf-france.org
FR0004170017;LNA SANTE;broker_pea_confirmed;GAP_CRITIQUE_PEA;Confirmation officielle requise, jamais déduite;https://live.euronext.com/en/product/equities/FR0004170017-XPAR;https://geco.amf-france.org
FR0000038242;LUMIBIRD;broker_pea_confirmed;GAP_CRITIQUE_PEA;Confirmation officielle requise, jamais déduite;https://live.euronext.com/en/product/equities/FR0000038242-XPAR;https://geco.amf-france.org
IT0005107492;LUVE;broker_pea_confirmed;GAP_CRITIQUE_PEA;Confirmation officielle requise, jamais déduite;https://live.euronext.com/en/product/equities/IT0005107492-MTAA;https://geco.amf-france.org
FR0012634822;MAAT PHARMA;broker_pea_confirmed;GAP_CRITIQUE_PEA;Confirmation officielle requise, jamais déduite;https://live.euronext.com/en/product/equities/FR0012634822-XPAR;https://geco.amf-france.org
IT0004931058;MAIRE;broker_pea_confirmed;GAP_CRITIQUE_PEA;Confirmation officielle requise, jamais déduite;https://live.euronext.com/en/product/equities/IT0004931058-MTAA;https://geco.amf-france.org
FR0000062796;MAISON POMMERY & ASSOCIES;broker_pea_confirmed;GAP_CRITIQUE_PEA;Confirmation officielle requise, jamais déduite;https://live.euronext.com/en/product/equities/FR0000062796-XPAR;https://geco.amf-france.org
FR0013153541;MAISONS DU MONDE;broker_pea_confirmed;GAP_CRITIQUE_PEA;Confirmation officielle requise, jamais déduite;https://live.euronext.com/en/product/equities/FR0013153541-XPAR;https://geco.amf-france.org
FR0000030074;MALTERIES FCO-BEL.;broker_pea_confirmed;GAP_CRITIQUE_PEA;Confirmation officielle requise, jamais déduite;https://live.euronext.com/en/product/equities/FR0000030074-XPAR;https://geco.amf-france.org
FR0000038606;MANITOU BF;broker_pea_confirmed;GAP_CRITIQUE_PEA;Confirmation officielle requise, jamais déduite;https://live.euronext.com/en/product/equities/FR0000038606-XPAR;https://geco.amf-france.org
FR0000060873;MARIE BRIZARD WINE AND SPIRITS;broker_pea_confirmed;GAP_CRITIQUE_PEA;Confirmation officielle requise, jamais déduite;https://live.euronext.com/en/product/equities/FR0000060873-XPAR;https://geco.amf-france.org
IT0003428445;MARR;broker_pea_confirmed;GAP_CRITIQUE_PEA;Confirmation officielle requise, jamais déduite;https://live.euronext.com/en/product/equities/IT0003428445-MTAA;https://geco.amf-france.org
BE0974501331;MATERIALISE NV;broker_pea_confirmed;GAP_CRITIQUE_PEA;Confirmation officielle requise, jamais déduite;https://live.euronext.com/en/product/equities/BE0974501331-XBRU;https://geco.amf-france.org
FR0000051070;MAUREL ET PROM;broker_pea_confirmed;GAP_CRITIQUE_PEA;Confirmation officielle requise, jamais déduite;https://live.euronext.com/en/product/equities/FR0000051070-XPAR;https://geco.amf-france.org
PTGMC0AM0003;MEDIA CAPITAL;broker_pea_confirmed;GAP_CRITIQUE_PEA;Confirmation officielle requise, jamais déduite;https://live.euronext.com/en/product/equities/PTGMC0AM0003-XLIS;https://geco.amf-france.org
FR0004065605;MEDINCELL S.A.;broker_pea_confirmed;GAP_CRITIQUE_PEA;Confirmation officielle requise, jamais déduite;https://live.euronext.com/en/product/equities/FR0004065605-XPAR;https://geco.amf-france.org
FR0010298620;MEMSCAP REGPT;broker_pea_confirmed;GAP_CRITIQUE_PEA;Confirmation officielle requise, jamais déduite;https://live.euronext.com/en/product/equities/FR0010298620-XPAR;https://geco.amf-france.org
FR0000039620;MERSEN;broker_pea_confirmed;GAP_CRITIQUE_PEA;Confirmation officielle requise, jamais déduite;https://live.euronext.com/en/product/equities/FR0000039620-XPAR;https://geco.amf-france.org
IT0005481855;MET.EXTRA GROUP;broker_pea_confirmed;GAP_CRITIQUE_PEA;Confirmation officielle requise, jamais déduite;https://live.euronext.com/en/product/equities/IT0005481855-MTAA;https://geco.amf-france.org
FR0000053225;METROPOLE TV;broker_pea_confirmed;GAP_CRITIQUE_PEA;Confirmation officielle requise, jamais déduite;https://live.euronext.com/en/product/equities/FR0000053225-XPAR;https://geco.amf-france.org
NL0015001OJ9;MFE B;broker_pea_confirmed;GAP_CRITIQUE_PEA;Confirmation officielle requise, jamais déduite;https://live.euronext.com/en/product/equities/NL0015001OJ9-MTAA;https://geco.amf-france.org
BE0003731453;MIKO;broker_pea_confirmed;GAP_CRITIQUE_PEA;Confirmation officielle requise, jamais déduite;https://live.euronext.com/en/product/equities/BE0003731453-XBRU;https://geco.amf-france.org
NL0009312842;MKB Nedsense N.V.;broker_pea_confirmed;GAP_CRITIQUE_PEA;Confirmation officielle requise, jamais déduite;https://live.euronext.com/en/product/equities/NL0009312842-XAMS;https://geco.amf-france.org
IT0004195308;MOLTIPLY GROUP;broker_pea_confirmed;GAP_CRITIQUE_PEA;Confirmation officielle requise, jamais déduite;https://live.euronext.com/en/product/equities/IT0004195308-MTAA;https://geco.amf-france.org
FR001400SU99;MONCEY (FIN.) NOM.;broker_pea_confirmed;GAP_CRITIQUE_PEA;Confirmation officielle requise, jamais déduite;https://live.euronext.com/en/product/equities/FR001400SU99-XPAR;https://geco.amf-france.org
IT0001469383;MONDADORI EDIT;broker_pea_confirmed;GAP_CRITIQUE_PEA;Confirmation officielle requise, jamais déduite;https://live.euronext.com/en/product/equities/IT0001469383-MTAA;https://geco.amf-france.org
IT0001447785;MONDO TV;broker_pea_confirmed;GAP_CRITIQUE_PEA;Confirmation officielle requise, jamais déduite;https://live.euronext.com/en/product/equities/IT0001447785-MTAA;https://geco.amf-france.org
NL0000488153;MOPOLI;broker_pea_confirmed;GAP_CRITIQUE_PEA;Confirmation officielle requise, jamais déduite;https://live.euronext.com/en/product/equities/NL0000488153-XBRU;https://geco.amf-france.org
BE0003602134;MOURY CONSTRUCT;broker_pea_confirmed;GAP_CRITIQUE_PEA;Confirmation officielle requise, jamais déduite;https://live.euronext.com/en/product/equities/BE0003602134-XBRU;https://geco.amf-france.org
FR001400IE67;MYHOTELMATCH;broker_pea_confirmed;GAP_CRITIQUE_PEA;Confirmation officielle requise, jamais déduite;https://live.euronext.com/en/product/equities/FR001400IE67-XPAR;https://geco.amf-france.org
PTMFR0AM0003;Martifer, SGPS, SA;broker_pea_confirmed;GAP_CRITIQUE_PEA;Confirmation officielle requise, jamais déduite;https://live.euronext.com/en/product/equities/PTMFR0AM0003-XLIS;https://geco.amf-france.org
FR0013482791;NACON;broker_pea_confirmed;GAP_CRITIQUE_PEA;Confirmation officielle requise, jamais déduite;https://live.euronext.com/en/product/equities/FR0013482791-XPAR;https://geco.amf-france.org
FR0011341205;NANOBIOTIX;broker_pea_confirmed;GAP_CRITIQUE_PEA;Confirmation officielle requise, jamais déduite;https://live.euronext.com/en/product/equities/FR0011341205-XPAR;https://geco.amf-france.org
NL0000371243;NEDAP;broker_pea_confirmed;GAP_CRITIQUE_PEA;Confirmation officielle requise, jamais déduite;https://live.euronext.com/en/product/equities/NL0000371243-XAMS;https://geco.amf-france.org
IT0005275778;NEODECORTECH;broker_pea_confirmed;GAP_CRITIQUE_PEA;Confirmation officielle requise, jamais déduite;https://live.euronext.com/en/product/equities/IT0005275778-MTAA;https://geco.amf-france.org
FR0004050250;NEURONES;broker_pea_confirmed;GAP_CRITIQUE_PEA;Confirmation officielle requise, jamais déduite;https://live.euronext.com/en/product/equities/FR0004050250-XPAR;https://geco.amf-france.org
IT0005385213;NEWPRINCES;broker_pea_confirmed;GAP_CRITIQUE_PEA;Confirmation officielle requise, jamais déduite;https://live.euronext.com/en/product/equities/IT0005385213-MTAA;https://geco.amf-france.org
FR0010112524;NEXITY;broker_pea_confirmed;GAP_CRITIQUE_PEA;Confirmation officielle requise, jamais déduite;https://live.euronext.com/en/product/equities/FR0010112524-XPAR;https://geco.amf-france.org
FR0014001PV6;NR 21;broker_pea_confirmed;GAP_CRITIQUE_PEA;Confirmation officielle requise, jamais déduite;https://live.euronext.com/en/product/equities/FR0014001PV6-XPAR;https://geco.amf-france.org
FR0000121691;NRJ GROUP;broker_pea_confirmed;GAP_CRITIQUE_PEA;Confirmation officielle requise, jamais déduite;https://live.euronext.com/en/product/equities/FR0000121691-XPAR;https://geco.amf-france.org
NL0015000D50;NX FILTRATION N.V.;broker_pea_confirmed;GAP_CRITIQUE_PEA;Confirmation officielle requise, jamais déduite;https://live.euronext.com/en/product/equities/NL0015000D50-XAMS;https://geco.amf-france.org
BE0974294267;NYRSTAR;broker_pea_confirmed;GAP_CRITIQUE_PEA;Confirmation officielle requise, jamais déduite;https://live.euronext.com/en/product/equities/BE0974294267-XBRU;https://geco.amf-france.org
BE0974358906;NYXOAH SA;broker_pea_confirmed;GAP_CRITIQUE_PEA;Confirmation officielle requise, jamais déduite;https://live.euronext.com/en/product/equities/BE0974358906-XBRU;https://geco.amf-france.org
NL0009822014;New Sources Energy N.V.;broker_pea_confirmed;GAP_CRITIQUE_PEA;Confirmation officielle requise, jamais déduite;https://live.euronext.com/en/product/equities/NL0009822014-XAMS;https://geco.amf-france.org
FR0000120669;North Atlantic Energies;broker_pea_confirmed;GAP_CRITIQUE_PEA;Confirmation officielle requise, jamais déduite;https://live.euronext.com/en/product/equities/FR0000120669-XPAR;https://geco.amf-france.org
PTNBA0AM0006;Novabase, SGPS - Nom.;broker_pea_confirmed;GAP_CRITIQUE_PEA;Confirmation officielle requise, jamais déduite;https://live.euronext.com/en/product/equities/PTNBA0AM0006-XLIS;https://geco.amf-france.org
FR0000052680;OENEO;broker_pea_confirmed;GAP_CRITIQUE_PEA;Confirmation officielle requise, jamais déduite;https://live.euronext.com/en/product/equities/FR0000052680-XPAR;https://geco.amf-france.org
IT0005634610;OLIDATA;broker_pea_confirmed;GAP_CRITIQUE_PEA;Confirmation officielle requise, jamais déduite;https://live.euronext.com/en/product/equities/IT0005634610-MTAA;https://geco.amf-france.org
BE0974276082;ONTEX GROUP;broker_pea_confirmed;GAP_CRITIQUE_PEA;Confirmation officielle requise, jamais déduite;https://live.euronext.com/en/product/equities/BE0974276082-XBRU;https://geco.amf-france.org
NL0015000HT4;ONWARD MEDICAL;broker_pea_confirmed;GAP_CRITIQUE_PEA;Confirmation officielle requise, jamais déduite;https://live.euronext.com/en/product/equities/NL0015000HT4-XBRU;https://geco.amf-france.org
FR0000124570;OPMOBILITY;broker_pea_confirmed;GAP_CRITIQUE_PEA;Confirmation officielle requise, jamais déduite;https://live.euronext.com/en/product/equities/FR0000124570-XPAR;https://geco.amf-france.org
IT0005122400;OPS ECOM;broker_pea_confirmed;GAP_CRITIQUE_PEA;Confirmation officielle requise, jamais déduite;https://live.euronext.com/en/product/equities/IT0005122400-MTAA;https://geco.amf-france.org
IT0005577868;OPS Italia (ex EEMS Italia);broker_pea_confirmed;GAP_CRITIQUE_PEA;Confirmation officielle requise, jamais déduite;https://live.euronext.com/en/product/equities/IT0005577868-MTAA;https://geco.amf-france.org
IT0005545675;OPS RETAIL;broker_pea_confirmed;GAP_CRITIQUE_PEA;Confirmation officielle requise, jamais déduite;https://live.euronext.com/en/product/equities/IT0005545675-MTAA;https://geco.amf-france.org
BE0003735496;ORANGE BELGIUM;broker_pea_confirmed;GAP_CRITIQUE_PEA;Confirmation officielle requise, jamais déduite;https://live.euronext.com/en/product/equities/BE0003735496-XBRU;https://geco.amf-france.org
FR0010609206;OREGE;broker_pea_confirmed;GAP_CRITIQUE_PEA;Confirmation officielle requise, jamais déduite;https://live.euronext.com/en/product/equities/FR0010609206-XPAR;https://geco.amf-france.org
IT0005138703;ORSERO;broker_pea_confirmed;GAP_CRITIQUE_PEA;Confirmation officielle requise, jamais déduite;https://live.euronext.com/en/product/equities/IT0005138703-MTAA;https://geco.amf-france.org
FR0012127173;OSE IMMUNOTHERAPEUTICS;broker_pea_confirmed;GAP_CRITIQUE_PEA;Confirmation officielle requise, jamais déduite;https://live.euronext.com/en/product/equities/FR0012127173-XPAR;https://geco.amf-france.org
FR0014005HJ9;OVH;broker_pea_confirmed;GAP_CRITIQUE_PEA;Confirmation officielle requise, jamais déduite;https://live.euronext.com/en/product/equities/FR0014005HJ9-MTAH;https://geco.amf-france.org
IT0005043507;OVS;broker_pea_confirmed;GAP_CRITIQUE_PEA;Confirmation officielle requise, jamais déduite;https://live.euronext.com/en/product/equities/IT0005043507-MTAA;https://geco.amf-france.org
BE0974487192;OXURION;broker_pea_confirmed;GAP_CRITIQUE_PEA;Confirmation officielle requise, jamais déduite;https://live.euronext.com/en/product/equities/BE0974487192-XBRU;https://geco.amf-france.org
FR0004038263;PARROT;broker_pea_confirmed;GAP_CRITIQUE_PEA;Confirmation officielle requise, jamais déduite;https://live.euronext.com/en/product/equities/FR0004038263-XPAR;https://geco.amf-france.org
NL0000336303;PB HOLDING N.V.;broker_pea_confirmed;GAP_CRITIQUE_PEA;Confirmation officielle requise, jamais déduite;https://live.euronext.com/en/product/equities/NL0000336303-XAMS;https://geco.amf-france.org
IE00BWB8X525;PERMANENT TSB GROUP HOLDINGS PLC;broker_pea_confirmed;GAP_CRITIQUE_PEA;Confirmation officielle requise, jamais déduite;https://live.euronext.com/en/product/equities/IE00BWB8X525-XMSM;https://geco.amf-france.org
FR0000061459;PERRIER (GERARD);broker_pea_confirmed;GAP_CRITIQUE_PEA;Confirmation officielle requise, jamais déduite;https://live.euronext.com/en/product/equities/FR0000061459-XPAR;https://geco.amf-france.org
FR0000064784;PEUGEOT INVEST;broker_pea_confirmed;GAP_CRITIQUE_PEA;Confirmation officielle requise, jamais déduite;https://live.euronext.com/en/product/equities/FR0000064784-XPAR;https://geco.amf-france.org
IT0005274094;PHARMANUTRA;broker_pea_confirmed;GAP_CRITIQUE_PEA;Confirmation officielle requise, jamais déduite;https://live.euronext.com/en/product/equities/IT0005274094-MTAA;https://geco.amf-france.org
IT0005373789;PHILOGEN;broker_pea_confirmed;GAP_CRITIQUE_PEA;Confirmation officielle requise, jamais déduite;https://live.euronext.com/en/product/equities/IT0005373789-MTAA;https://geco.amf-france.org
IT0003073266;PIAGGIO;broker_pea_confirmed;GAP_CRITIQUE_PEA;Confirmation officielle requise, jamais déduite;https://live.euronext.com/en/product/equities/IT0003073266-MTAA;https://geco.amf-france.org
FR0000073041;PIERRE VACANCES;broker_pea_confirmed;GAP_CRITIQUE_PEA;Confirmation officielle requise, jamais déduite;https://live.euronext.com/en/product/equities/FR0000073041-XPAR;https://geco.amf-france.org
IT0003056386;PININFARINA SPA;broker_pea_confirmed;GAP_CRITIQUE_PEA;Confirmation officielle requise, jamais déduite;https://live.euronext.com/en/product/equities/IT0003056386-MTAA;https://geco.amf-france.org
IT0004240443;PIQUADRO;broker_pea_confirmed;GAP_CRITIQUE_PEA;Confirmation officielle requise, jamais déduite;https://live.euronext.com/en/product/equities/IT0004240443-MTAA;https://geco.amf-france.org
FR001400PFU4;PLANISWARE;broker_pea_confirmed;GAP_CRITIQUE_PEA;Confirmation officielle requise, jamais déduite;https://live.euronext.com/en/product/equities/FR001400PFU4-XPAR;https://geco.amf-france.org
IT0005339160;PLC;broker_pea_confirmed;GAP_CRITIQUE_PEA;Confirmation officielle requise, jamais déduite;https://live.euronext.com/en/product/equities/IT0005339160-MTAA;https://geco.amf-france.org
NL0015001W49;PLUXEE;broker_pea_confirmed;GAP_CRITIQUE_PEA;Confirmation officielle requise, jamais déduite;https://live.euronext.com/en/product/equities/NL0015001W49-XPAR;https://geco.amf-france.org
NL0009739416;POSTNL;broker_pea_confirmed;GAP_CRITIQUE_PEA;Confirmation officielle requise, jamais déduite;https://live.euronext.com/en/product/equities/NL0009739416-XAMS;https://geco.amf-france.org
FR0012432516;POXEL;broker_pea_confirmed;GAP_CRITIQUE_PEA;Confirmation officielle requise, jamais déduite;https://live.euronext.com/en/product/equities/FR0012432516-XPAR;https://geco.amf-france.org
FR0004052561;PROACTIS SA;broker_pea_confirmed;GAP_CRITIQUE_PEA;Confirmation officielle requise, jamais déduite;https://live.euronext.com/en/product/equities/FR0004052561-XPAR;https://geco.amf-france.org
BE0003810273;PROXIMUS;broker_pea_confirmed;GAP_CRITIQUE_PEA;Confirmation officielle requise, jamais déduite;https://live.euronext.com/en/product/equities/BE0003810273-XBRU;https://geco.amf-france.org
PTPTC0AM0009;Pharol, SA;broker_pea_confirmed;GAP_CRITIQUE_PEA;Confirmation officielle requise, jamais déduite;https://live.euronext.com/en/product/equities/PTPTC0AM0009-XLIS;https://geco.amf-france.org
FR0000120560;QUADIENT S.A.;broker_pea_confirmed;GAP_CRITIQUE_PEA;Confirmation officielle requise, jamais déduite;https://live.euronext.com/en/product/equities/FR0000120560-XPAR;https://geco.amf-france.org
IT0005054967;RAI WAY;broker_pea_confirmed;GAP_CRITIQUE_PEA;Confirmation officielle requise, jamais déduite;https://live.euronext.com/en/product/equities/IT0005054967-MTAA;https://geco.amf-france.org
PTFRV0AE0004;RAMADA INVESTIMENTOS E INDUSTRIA S.A.;broker_pea_confirmed;GAP_CRITIQUE_PEA;Confirmation officielle requise, jamais déduite;https://live.euronext.com/en/product/equities/PTFRV0AE0004-XLIS;https://geco.amf-france.org
FR0000044471;RAMSAY GENERALE DE SANTE;broker_pea_confirmed;GAP_CRITIQUE_PEA;Confirmation officielle requise, jamais déduite;https://live.euronext.com/en/product/equities/FR0000044471-XPAR;https://geco.amf-france.org
IT0004724107;RATTI;broker_pea_confirmed;GAP_CRITIQUE_PEA;Confirmation officielle requise, jamais déduite;https://live.euronext.com/en/product/equities/IT0004724107-MTAA;https://geco.amf-france.org
IT0004931496;RCS MEDIAGROUP;broker_pea_confirmed;GAP_CRITIQUE_PEA;Confirmation officielle requise, jamais déduite;https://live.euronext.com/en/product/equities/IT0004931496-MTAA;https://geco.amf-france.org
BE0003656676;RECTICEL;broker_pea_confirmed;GAP_CRITIQUE_PEA;Confirmation officielle requise, jamais déduite;https://live.euronext.com/en/product/equities/BE0003656676-XBRU;https://geco.amf-france.org
FR0000130395;REMYCOINTREAU;broker_pea_confirmed;GAP_CRITIQUE_PEA;Confirmation officielle requise, jamais déduite;https://live.euronext.com/en/product/equities/FR0000130395-XPAR;https://geco.amf-france.org
IT0005513202;REVO INSURANCE;broker_pea_confirmed;GAP_CRITIQUE_PEA;Confirmation officielle requise, jamais déduite;https://live.euronext.com/en/product/equities/IT0005513202-MTAA;https://geco.amf-france.org
IT0001402269;RISANAMENTO;broker_pea_confirmed;GAP_CRITIQUE_PEA;Confirmation officielle requise, jamais déduite;https://live.euronext.com/en/product/equities/IT0001402269-MTAA;https://geco.amf-france.org
FR0000039091;ROBERTET;broker_pea_confirmed;GAP_CRITIQUE_PEA;Confirmation officielle requise, jamais déduite;https://live.euronext.com/en/product/equities/FR0000039091-XPAR;https://geco.amf-france.org
FR0013344173;ROCHE BOBOIS;broker_pea_confirmed;GAP_CRITIQUE_PEA;Confirmation officielle requise, jamais déduite;https://live.euronext.com/en/product/equities/FR0013344173-XPAR;https://geco.amf-france.org
BE0003741551;ROULARTA;broker_pea_confirmed;GAP_CRITIQUE_PEA;Confirmation officielle requise, jamais déduite;https://live.euronext.com/en/product/equities/BE0003741551-XBRU;https://geco.amf-france.org
IT0003621783;S.S. LAZIO;broker_pea_confirmed;GAP_CRITIQUE_PEA;Confirmation officielle requise, jamais déduite;https://live.euronext.com/en/product/equities/IT0003621783-MTAA;https://geco.amf-france.org
IT0001042610;SABAF;broker_pea_confirmed;GAP_CRITIQUE_PEA;Confirmation officielle requise, jamais déduite;https://live.euronext.com/en/product/equities/IT0001042610-MTAA;https://geco.amf-france.org
IT0004604762;SAFILO GROUP;broker_pea_confirmed;GAP_CRITIQUE_PEA;Confirmation officielle requise, jamais déduite;https://live.euronext.com/en/product/equities/IT0004604762-MTAA;https://geco.amf-france.org
FR0000060121;SAINT JEAN GROUPE;broker_pea_confirmed;GAP_CRITIQUE_PEA;Confirmation officielle requise, jamais déduite;https://live.euronext.com/en/product/equities/FR0000060121-XPAR;https://geco.amf-france.org
IT0004712375;SALVATORE FERRAGAMO;broker_pea_confirmed;GAP_CRITIQUE_PEA;Confirmation officielle requise, jamais déduite;https://live.euronext.com/en/product/equities/IT0004712375-MTAA;https://geco.amf-france.org
FR0000060071;SAMSE;broker_pea_confirmed;GAP_CRITIQUE_PEA;Confirmation officielle requise, jamais déduite;https://live.euronext.com/en/product/equities/FR0000060071-XPAR;https://geco.amf-france.org
IT0003549422;SANLORENZO;broker_pea_confirmed;GAP_CRITIQUE_PEA;Confirmation officielle requise, jamais déduite;https://live.euronext.com/en/product/equities/IT0003549422-MTAA;https://geco.amf-france.org
FR0000120107;SAVENCIA S.A.;broker_pea_confirmed;GAP_CRITIQUE_PEA;Confirmation officielle requise, jamais déduite;https://live.euronext.com/en/product/equities/FR0000120107-XPAR;https://geco.amf-france.org
FR0000039109;SECHE ENVIRONNEM.;broker_pea_confirmed;GAP_CRITIQUE_PEA;Confirmation officielle requise, jamais déduite;https://live.euronext.com/en/product/equities/FR0000039109-XPAR;https://geco.amf-france.org
IT0005438046;SECO;broker_pea_confirmed;GAP_CRITIQUE_PEA;Confirmation officielle requise, jamais déduite;https://live.euronext.com/en/product/equities/IT0005438046-MTAA;https://geco.amf-france.org
FR0000065492;SELCODIS;broker_pea_confirmed;GAP_CRITIQUE_PEA;Confirmation officielle requise, jamais déduite;https://live.euronext.com/en/product/equities/FR0000065492-XPAR;https://geco.amf-france.org
IE000O0F49R3;SENUS PLC;broker_pea_confirmed;GAP_CRITIQUE_PEA;Confirmation officielle requise, jamais déduite;https://live.euronext.com/en/product/equities/IE000O0F49R3-XACD;https://geco.amf-france.org
BE0974340722;SEQUANA MEDICAL;broker_pea_confirmed;GAP_CRITIQUE_PEA;Confirmation officielle requise, jamais déduite;https://live.euronext.com/en/product/equities/BE0974340722-XBRU;https://geco.amf-france.org
IT0005283640;SERI INDUSTRIAL;broker_pea_confirmed;GAP_CRITIQUE_PEA;Confirmation officielle requise, jamais déduite;https://live.euronext.com/en/product/equities/IT0005283640-MTAA;https://geco.amf-france.org
IT0004729759;SESA;broker_pea_confirmed;GAP_CRITIQUE_PEA;Confirmation officielle requise, jamais déduite;https://live.euronext.com/en/product/equities/IT0004729759-MTAA;https://geco.amf-france.org
FR0013006558;SHOWROOMPRIVE;broker_pea_confirmed;GAP_CRITIQUE_PEA;Confirmation officielle requise, jamais déduite;https://live.euronext.com/en/product/equities/FR0013006558-XPAR;https://geco.amf-france.org
NL0011660485;SIF HOLDING;broker_pea_confirmed;GAP_CRITIQUE_PEA;Confirmation officielle requise, jamais déduite;https://live.euronext.com/en/product/equities/NL0011660485-XAMS;https://geco.amf-france.org
BE0003898187;SIPEF;broker_pea_confirmed;GAP_CRITIQUE_PEA;Confirmation officielle requise, jamais déduite;https://live.euronext.com/en/product/equities/BE0003898187-XBRU;https://geco.amf-france.org
IT0005262149;SIT;broker_pea_confirmed;GAP_CRITIQUE_PEA;Confirmation officielle requise, jamais déduite;https://live.euronext.com/en/product/equities/IT0005262149-MTAA;https://geco.amf-france.org
FR0013214145;SMCP;broker_pea_confirmed;GAP_CRITIQUE_PEA;Confirmation officielle requise, jamais déduite;https://live.euronext.com/en/product/equities/FR0013214145-XPAR;https://geco.amf-france.org
FR0010209809;SOC FRANC CASINOS;broker_pea_confirmed;GAP_CRITIQUE_PEA;Confirmation officielle requise, jamais déduite;https://live.euronext.com/en/product/equities/FR0010209809-XPAR;https://geco.amf-france.org
IT0001469953;SOFTLAB;broker_pea_confirmed;GAP_CRITIQUE_PEA;Confirmation officielle requise, jamais déduite;https://live.euronext.com/en/product/equities/IT0001469953-MTAA;https://geco.amf-france.org
IT0000076536;SOGEFI;broker_pea_confirmed;GAP_CRITIQUE_PEA;Confirmation officielle requise, jamais déduite;https://live.euronext.com/en/product/equities/IT0000076536-MTAA;https://geco.amf-france.org
FR0013227113;SOITEC;broker_pea_confirmed;GAP_CRITIQUE_PEA;Confirmation officielle requise, jamais déduite;https://live.euronext.com/en/product/equities/FR0013227113-XPAR;https://geco.amf-france.org
IT0001206769;SOL;broker_pea_confirmed;GAP_CRITIQUE_PEA;Confirmation officielle requise, jamais déduite;https://live.euronext.com/en/product/equities/IT0001206769-MTAA;https://geco.amf-france.org
FR001400SA10;SOLOCAL GROUP;broker_pea_confirmed;GAP_CRITIQUE_PEA;Confirmation officielle requise, jamais déduite;https://live.euronext.com/en/product/equities/FR001400SA10-XPAR;https://geco.amf-france.org
FR0013379484;SOLUTIONS 30 SE;broker_pea_confirmed;GAP_CRITIQUE_PEA;Confirmation officielle requise, jamais déduite;https://live.euronext.com/en/product/equities/FR0013379484-XPAR;https://geco.amf-france.org
BE0003545531;SOLVACNOM(RETAIL);broker_pea_confirmed;GAP_CRITIQUE_PEA;Confirmation officielle requise, jamais déduite;https://live.euronext.com/en/product/equities/BE0003545531-XBRU;https://geco.amf-france.org
IT0005329815;SOMEC;broker_pea_confirmed;GAP_CRITIQUE_PEA;Confirmation officielle requise, jamais déduite;https://live.euronext.com/en/product/equities/IT0005329815-MTAA;https://geco.amf-france.org
PTSNC0AM0006;SONAECOM,SGPS;broker_pea_confirmed;GAP_CRITIQUE_PEA;Confirmation officielle requise, jamais déduite;https://live.euronext.com/en/product/equities/PTSNC0AM0006-XLIS;https://geco.amf-france.org
BE0003798155;SPADEL;broker_pea_confirmed;GAP_CRITIQUE_PEA;Confirmation officielle requise, jamais déduite;https://live.euronext.com/en/product/equities/BE0003798155-XBRU;https://geco.amf-france.org
FR0000054199;ST DUPONT;broker_pea_confirmed;GAP_CRITIQUE_PEA;Confirmation officielle requise, jamais déduite;https://live.euronext.com/en/product/equities/FR0000054199-XPAR;https://geco.amf-france.org
FR0000064271;STEF;broker_pea_confirmed;GAP_CRITIQUE_PEA;Confirmation officielle requise, jamais déduite;https://live.euronext.com/en/product/equities/FR0000064271-XPAR;https://geco.amf-france.org
FR0004180578;SWORD GROUP;broker_pea_confirmed;GAP_CRITIQUE_PEA;Confirmation officielle requise, jamais déduite;https://live.euronext.com/en/product/equities/FR0004180578-XPAR;https://geco.amf-france.org
FR0000032658;SYNERGIE;broker_pea_confirmed;GAP_CRITIQUE_PEA;Confirmation officielle requise, jamais déduite;https://live.euronext.com/en/product/equities/FR0000032658-XPAR;https://geco.amf-france.org
IT0005595423;SYS-DAT;broker_pea_confirmed;GAP_CRITIQUE_PEA;Confirmation officielle requise, jamais déduite;https://live.euronext.com/en/product/equities/IT0005595423-MTAA;https://geco.amf-france.org
NL0000817179;Sligro Food Group N.V.;broker_pea_confirmed;GAP_CRITIQUE_PEA;Confirmation officielle requise, jamais déduite;https://live.euronext.com/en/product/equities/NL0000817179-XAMS;https://geco.amf-france.org
PTSCP0AM0001;Sporting Clube de Portugal;broker_pea_confirmed;GAP_CRITIQUE_PEA;Confirmation officielle requise, jamais déduite;https://live.euronext.com/en/product/equities/PTSCP0AM0001-XLIS;https://geco.amf-france.org
IT0003153621;TAMBURI;broker_pea_confirmed;GAP_CRITIQUE_PEA;Confirmation officielle requise, jamais déduite;https://live.euronext.com/en/product/equities/IT0003153621-MTAA;https://geco.amf-france.org
FR0000063307;TBSO;broker_pea_confirmed;GAP_CRITIQUE_PEA;Confirmation officielle requise, jamais déduite;https://live.euronext.com/en/product/equities/FR0000063307-XPAR;https://geco.amf-france.org
IT0005162406;TECHNOGYM;broker_pea_confirmed;GAP_CRITIQUE_PEA;Confirmation officielle requise, jamais déduite;https://live.euronext.com/en/product/equities/IT0005162406-MTAA;https://geco.amf-france.org
IT0005482333;TECHNOPROBE;broker_pea_confirmed;GAP_CRITIQUE_PEA;Confirmation officielle requise, jamais déduite;https://live.euronext.com/en/product/equities/IT0005482333-MTAA;https://geco.amf-france.org
IT0004585243;TESMEC;broker_pea_confirmed;GAP_CRITIQUE_PEA;Confirmation officielle requise, jamais déduite;https://live.euronext.com/en/product/equities/IT0004585243-MTAA;https://geco.amf-france.org
IT0005496473;TESSELLIS;broker_pea_confirmed;GAP_CRITIQUE_PEA;Confirmation officielle requise, jamais déduite;https://live.euronext.com/en/product/equities/IT0005496473-MTAA;https://geco.amf-france.org
BE0003555639;TESSENDERLO GROUP;broker_pea_confirmed;GAP_CRITIQUE_PEA;Confirmation officielle requise, jamais déduite;https://live.euronext.com/en/product/equities/BE0003555639-XBRU;https://geco.amf-france.org
BE0974263924;TEXAF;broker_pea_confirmed;GAP_CRITIQUE_PEA;Confirmation officielle requise, jamais déduite;https://live.euronext.com/en/product/equities/BE0974263924-XBRU;https://geco.amf-france.org
FR0000054900;TF1;broker_pea_confirmed;GAP_CRITIQUE_PEA;Confirmation officielle requise, jamais déduite;https://live.euronext.com/en/product/equities/FR0000054900-XPAR;https://geco.amf-france.org
FR0013295789;TFF GROUP;broker_pea_confirmed;GAP_CRITIQUE_PEA;Confirmation officielle requise, jamais déduite;https://live.euronext.com/en/product/equities/FR0013295789-XPAR;https://geco.amf-france.org
IT0005439085;THE ITALIAN SEA GROUP;broker_pea_confirmed;GAP_CRITIQUE_PEA;Confirmation officielle requise, jamais déduite;https://live.euronext.com/en/product/equities/IT0005439085-MTAA;https://geco.amf-france.org
FR0013333432;THERMADOR GROUPE;broker_pea_confirmed;GAP_CRITIQUE_PEA;Confirmation officielle requise, jamais déduite;https://live.euronext.com/en/product/equities/FR0013333432-XPAR;https://geco.amf-france.org
BE0974282148;TINC;broker_pea_confirmed;GAP_CRITIQUE_PEA;Confirmation officielle requise, jamais déduite;https://live.euronext.com/en/product/equities/BE0974282148-XBRU;https://geco.amf-france.org
IT0005037210;TINEXTA;broker_pea_confirmed;GAP_CRITIQUE_PEA;Confirmation officielle requise, jamais déduite;https://live.euronext.com/en/product/equities/IT0005037210-MTAA;https://geco.amf-france.org
BE0974338700;TITAN S.A.;broker_pea_confirmed;GAP_CRITIQUE_PEA;Confirmation officielle requise, jamais déduite;https://live.euronext.com/en/product/equities/BE0974338700-XBRU;https://geco.amf-france.org
NL0013332471;TOMTOM;broker_pea_confirmed;GAP_CRITIQUE_PEA;Confirmation officielle requise, jamais déduite;https://live.euronext.com/en/product/equities/NL0013332471-XAMS;https://geco.amf-france.org
IT0000214293;TOSCANA AEROPORTI;broker_pea_confirmed;GAP_CRITIQUE_PEA;Confirmation officielle requise, jamais déduite;https://live.euronext.com/en/product/equities/IT0000214293-MTAA;https://geco.amf-france.org
FR0005175080;TRANSGENE;broker_pea_confirmed;GAP_CRITIQUE_PEA;Confirmation officielle requise, jamais déduite;https://live.euronext.com/en/product/equities/FR0005175080-XPAR;https://geco.amf-france.org
FR0000035784;TRANSITION EVERGREEN;broker_pea_confirmed;GAP_CRITIQUE_PEA;Confirmation officielle requise, jamais déduite;https://live.euronext.com/en/product/equities/FR0000035784-XPAR;https://geco.amf-france.org
IT0005709909;TREVI FIN IND;broker_pea_confirmed;GAP_CRITIQUE_PEA;Confirmation officielle requise, jamais déduite;https://live.euronext.com/en/product/equities/IT0005709909-MTAA;https://geco.amf-france.org
IT0005001554;TRIBOO;broker_pea_confirmed;GAP_CRITIQUE_PEA;Confirmation officielle requise, jamais déduite;https://live.euronext.com/en/product/equities/IT0005001554-MTAA;https://geco.amf-france.org
IT0001454435;TXT E-SOLUTIONS;broker_pea_confirmed;GAP_CRITIQUE_PEA;Confirmation officielle requise, jamais déduite;https://live.euronext.com/en/product/equities/IT0001454435-MTAA;https://geco.amf-france.org
PTSCT0AP0018;Toyota Caetano;broker_pea_confirmed;GAP_CRITIQUE_PEA;Confirmation officielle requise, jamais déduite;https://live.euronext.com/en/product/equities/PTSCT0AP0018-XLIS;https://geco.amf-france.org
FR0000054470;UBISOFT ENTERTAIN;broker_pea_confirmed;GAP_CRITIQUE_PEA;Confirmation officielle requise, jamais déduite;https://live.euronext.com/en/product/equities/FR0000054470-ETLX;https://geco.amf-france.org
IT0005573065;UNIDATA;broker_pea_confirmed;GAP_CRITIQUE_PEA;Confirmation officielle requise, jamais déduite;https://live.euronext.com/en/product/equities/IT0005573065-MTAA;https://geco.amf-france.org
FR0000074197;UNION TECH.INFOR.;broker_pea_confirmed;GAP_CRITIQUE_PEA;Confirmation officielle requise, jamais déduite;https://live.euronext.com/en/product/equities/FR0000074197-XPAR;https://geco.amf-france.org
PTVAA0AM0019;VAA VISTA ALEGRE;broker_pea_confirmed;GAP_CRITIQUE_PEA;Confirmation officielle requise, jamais déduite;https://live.euronext.com/en/product/equities/PTVAA0AM0019-XLIS;https://geco.amf-france.org
FR0004056851;VALNEVA SE;broker_pea_confirmed;GAP_CRITIQUE_PEA;Confirmation officielle requise, jamais déduite;https://live.euronext.com/en/product/equities/FR0004056851-ETLX;https://geco.amf-france.org
IT0001018362;VALSOIA;broker_pea_confirmed;GAP_CRITIQUE_PEA;Confirmation officielle requise, jamais déduite;https://live.euronext.com/en/product/equities/IT0001018362-MTAA;https://geco.amf-france.org
NL0010661864;VALUE8;broker_pea_confirmed;GAP_CRITIQUE_PEA;Confirmation officielle requise, jamais déduite;https://live.euronext.com/en/product/equities/NL0010661864-XAMS;https://geco.amf-france.org
BE0003839561;VAN DE VELDE;broker_pea_confirmed;GAP_CRITIQUE_PEA;Confirmation officielle requise, jamais déduite;https://live.euronext.com/en/product/equities/BE0003839561-XBRU;https://geco.amf-france.org
FR0013505062;VANTIVA S.A.;broker_pea_confirmed;GAP_CRITIQUE_PEA;Confirmation officielle requise, jamais déduite;https://live.euronext.com/en/product/equities/FR0013505062-XPAR;https://geco.amf-france.org
FR0010291245;VERIMATRIX;broker_pea_confirmed;GAP_CRITIQUE_PEA;Confirmation officielle requise, jamais déduite;https://live.euronext.com/en/product/equities/FR0010291245-XPAR;https://geco.amf-france.org
FR0004186856;VETOQUINOL;broker_pea_confirmed;GAP_CRITIQUE_PEA;Confirmation officielle requise, jamais déduite;https://live.euronext.com/en/product/equities/FR0004186856-XPAR;https://geco.amf-france.org
BE0003878957;VGP;broker_pea_confirmed;GAP_CRITIQUE_PEA;Confirmation officielle requise, jamais déduite;https://live.euronext.com/en/product/equities/BE0003878957-XBRU;https://geco.amf-france.org
FR0000031775;VICAT;broker_pea_confirmed;GAP_CRITIQUE_PEA;Confirmation officielle requise, jamais déduite;https://live.euronext.com/en/product/equities/FR0000031775-XPAR;https://geco.amf-france.org
FR0000050049;VIEL ET COMPAGNIE;broker_pea_confirmed;GAP_CRITIQUE_PEA;Confirmation officielle requise, jamais déduite;https://live.euronext.com/en/product/equities/FR0000050049-XPAR;https://geco.amf-france.org
BE0974271034;VIOHALCO;broker_pea_confirmed;GAP_CRITIQUE_PEA;Confirmation officielle requise, jamais déduite;https://live.euronext.com/en/product/equities/BE0974271034-XBRU;https://geco.amf-france.org
FR0000031577;VIRBAC;broker_pea_confirmed;GAP_CRITIQUE_PEA;Confirmation officielle requise, jamais déduite;https://live.euronext.com/en/product/equities/FR0000031577-XPAR;https://geco.amf-france.org
FR001400PVN6;VIRIDIEN;broker_pea_confirmed;GAP_CRITIQUE_PEA;Confirmation officielle requise, jamais déduite;https://live.euronext.com/en/product/equities/FR001400PVN6-XPAR;https://geco.amf-france.org
NL00150002Q7;VIVORYON THERAPEUTICS N.V.;broker_pea_confirmed;GAP_CRITIQUE_PEA;Confirmation officielle requise, jamais déduite;https://live.euronext.com/en/product/equities/NL00150002Q7-XAMS;https://geco.amf-france.org
FR0011995588;VOLTALIA;broker_pea_confirmed;GAP_CRITIQUE_PEA;Confirmation officielle requise, jamais déduite;https://live.euronext.com/en/product/equities/FR0011995588-XPAR;https://geco.amf-france.org
FR0010282822;Vusion;broker_pea_confirmed;GAP_CRITIQUE_PEA;Confirmation officielle requise, jamais déduite;https://live.euronext.com/en/product/equities/FR0010282822-XPAR;https://geco.amf-france.org
FR0012532810;WAGA ENERGY;broker_pea_confirmed;GAP_CRITIQUE_PEA;Confirmation officielle requise, jamais déduite;https://live.euronext.com/en/product/equities/FR0012532810-XPAR;https://geco.amf-france.org
FR0013357621;WAVESTONE;broker_pea_confirmed;GAP_CRITIQUE_PEA;Confirmation officielle requise, jamais déduite;https://live.euronext.com/en/product/equities/FR0013357621-XPAR;https://geco.amf-france.org
IT0003865570;WEBUILD;broker_pea_confirmed;GAP_CRITIQUE_PEA;Confirmation officielle requise, jamais déduite;https://live.euronext.com/en/product/equities/IT0003865570-MTAA;https://geco.amf-france.org
IT0005440893;WIIT;broker_pea_confirmed;GAP_CRITIQUE_PEA;Confirmation officielle requise, jamais déduite;https://live.euronext.com/en/product/equities/IT0005440893-MTAA;https://geco.amf-france.org
FR00140182K6;WORLDLINE;broker_pea_confirmed;GAP_CRITIQUE_PEA;Confirmation officielle requise, jamais déduite;https://live.euronext.com/en/product/equities/FR00140182K6-XPAR;https://geco.amf-france.org
BE0974310428;X-FAB SILICON FOUNDRIES SE;broker_pea_confirmed;GAP_CRITIQUE_PEA;Confirmation officielle requise, jamais déduite;https://live.euronext.com/en/product/equities/BE0974310428-XPAR;https://geco.amf-france.org
LU2999653251;YOUNITED FINANCIAL;broker_pea_confirmed;GAP_CRITIQUE_PEA;Confirmation officielle requise, jamais déduite;https://live.euronext.com/en/product/equities/LU2999653251-XPAR;https://geco.amf-france.org
IT0005013013;ZEST;broker_pea_confirmed;GAP_CRITIQUE_PEA;Confirmation officielle requise, jamais déduite;https://live.euronext.com/en/product/equities/IT0005013013-MTAA;https://geco.amf-france.org
IT0004171440;ZIGNAGO VETRO;broker_pea_confirmed;GAP_CRITIQUE_PEA;Confirmation officielle requise, jamais déduite;https://live.euronext.com/en/product/equities/IT0004171440-MTAA;https://geco.amf-france.org
IT0005395071;ZUCCHI;broker_pea_confirmed;GAP_CRITIQUE_PEA;Confirmation officielle requise, jamais déduite;https://live.euronext.com/en/product/equities/IT0005395071-MTAA;https://geco.amf-france.org
NL0015002AH0;HAVAS;broker_pea_confirmed;GAP_CRITIQUE_PEA;Confirmation officielle requise, jamais déduite;https://live.euronext.com/en/product/equities/NL0015002AH0-XAMS;https://geco.amf-france.org
IT0005439861;A.B.P. NOCIVELLI;broker_pea_confirmed;GAP_CRITIQUE_PEA;Confirmation officielle requise, jamais déduite;https://live.euronext.com/en/product/equities/IT0005439861-EXGM;https://geco.amf-france.org
IT0005548521;AATECH;broker_pea_confirmed;GAP_CRITIQUE_PEA;Confirmation officielle requise, jamais déduite;https://live.euronext.com/en/product/equities/IT0005548521-EXGM;https://geco.amf-france.org
IT0005466294;ABC COMPANY;broker_pea_confirmed;GAP_CRITIQUE_PEA;Confirmation officielle requise, jamais déduite;https://live.euronext.com/en/product/equities/IT0005466294-EXGM;https://geco.amf-france.org
IT0005443061;ACQUAZZURRA;broker_pea_confirmed;GAP_CRITIQUE_PEA;Confirmation officielle requise, jamais déduite;https://live.euronext.com/en/product/equities/IT0005443061-EXGM;https://geco.amf-france.org
FR0010979377;ACTIVIUM GROUP;broker_pea_confirmed;GAP_CRITIQUE_PEA;Confirmation officielle requise, jamais déduite;https://live.euronext.com/en/product/equities/FR0010979377-XMLI;https://geco.amf-france.org
NL0015002K91;ADEC INNOVATIONS;broker_pea_confirmed;GAP_CRITIQUE_PEA;Confirmation officielle requise, jamais déduite;https://live.euronext.com/en/product/equities/NL0015002K91-MLXB;https://geco.amf-france.org
FR00140153H3;ADOMOS;broker_pea_confirmed;GAP_CRITIQUE_PEA;Confirmation officielle requise, jamais déduite;https://live.euronext.com/en/product/equities/FR00140153H3-ALXP;https://geco.amf-france.org
IT0005607715;ADVENTURE;broker_pea_confirmed;GAP_CRITIQUE_PEA;Confirmation officielle requise, jamais déduite;https://live.euronext.com/en/product/equities/IT0005607715-EXGM;https://geco.amf-france.org
FR0011908045;AG3I;broker_pea_confirmed;GAP_CRITIQUE_PEA;Confirmation officielle requise, jamais déduite;https://live.euronext.com/en/product/equities/FR0011908045-XMLI;https://geco.amf-france.org
IT0005244030;ALFIO BARDOLLA;broker_pea_confirmed;GAP_CRITIQUE_PEA;Confirmation officielle requise, jamais déduite;https://live.euronext.com/en/product/equities/IT0005244030-EXGM;https://geco.amf-france.org
IT0005466039;ALFONSINO;broker_pea_confirmed;GAP_CRITIQUE_PEA;Confirmation officielle requise, jamais déduite;https://live.euronext.com/en/product/equities/IT0005466039-EXGM;https://geco.amf-france.org
IT0005717241;ALIA MENTIS;broker_pea_confirmed;GAP_CRITIQUE_PEA;Confirmation officielle requise, jamais déduite;https://live.euronext.com/en/product/equities/IT0005717241-EXGM;https://geco.amf-france.org
IT0005461303;ALLCORE;broker_pea_confirmed;GAP_CRITIQUE_PEA;Confirmation officielle requise, jamais déduite;https://live.euronext.com/en/product/equities/IT0005461303-EXGM;https://geco.amf-france.org
FR0013253812;ALVEEN;broker_pea_confirmed;GAP_CRITIQUE_PEA;Confirmation officielle requise, jamais déduite;https://live.euronext.com/en/product/equities/FR0013253812-XMLI;https://geco.amf-france.org
NL0010273694;AMATHEON AGRI HOLDING N.V.;broker_pea_confirmed;GAP_CRITIQUE_PEA;Confirmation officielle requise, jamais déduite;https://live.euronext.com/en/product/equities/NL0010273694-XMLI;https://geco.amf-france.org
IT0004779515;AMBROMOBILIARE;broker_pea_confirmed;GAP_CRITIQUE_PEA;Confirmation officielle requise, jamais déduite;https://live.euronext.com/en/product/equities/IT0004779515-EXGM;https://geco.amf-france.org
ES0105744009;ANDINO INVERSIONES GLOBAL, S.A.;broker_pea_confirmed;GAP_CRITIQUE_PEA;Confirmation officielle requise, jamais déduite;https://live.euronext.com/en/product/equities/ES0105744009-XMLI;https://geco.amf-france.org
FR0005057635;ARDOIN ST AMAND A;broker_pea_confirmed;GAP_CRITIQUE_PEA;Confirmation officielle requise, jamais déduite;https://live.euronext.com/en/product/equities/FR0005057635-XMLI;https://geco.amf-france.org
IT0005386369;ARTERRA BIOSCIENCE;broker_pea_confirmed;GAP_CRITIQUE_PEA;Confirmation officielle requise, jamais déduite;https://live.euronext.com/en/product/equities/IT0005386369-EXGM;https://geco.amf-france.org
FR0012968485;ASHLER ET MANSON;broker_pea_confirmed;GAP_CRITIQUE_PEA;Confirmation officielle requise, jamais déduite;https://live.euronext.com/en/product/equities/FR0012968485-XMLI;https://geco.amf-france.org
FR00140173Y6;ATARI S.A.;broker_pea_confirmed;GAP_CRITIQUE_PEA;Confirmation officielle requise, jamais déduite;https://live.euronext.com/en/product/equities/FR00140173Y6-ALXP;https://geco.amf-france.org
IT0005449464;ATON GREEN STORAGE;broker_pea_confirmed;GAP_CRITIQUE_PEA;Confirmation officielle requise, jamais déduite;https://live.euronext.com/en/product/equities/IT0005449464-EXGM;https://geco.amf-france.org
IT0004812258;AZ LEASING;broker_pea_confirmed;GAP_CRITIQUE_PEA;Confirmation officielle requise, jamais déduite;https://live.euronext.com/en/product/equities/IT0004812258-XMLI;https://geco.amf-france.org
PTAZR0AM0006;AZOREAN AQUATIC TECHNOLOGIES SA;broker_pea_confirmed;GAP_CRITIQUE_PEA;Confirmation officielle requise, jamais déduite;https://live.euronext.com/en/product/equities/PTAZR0AM0006-XMLI;https://geco.amf-france.org
IT0005497042;BELLINI NAUTICA;broker_pea_confirmed;GAP_CRITIQUE_PEA;Confirmation officielle requise, jamais déduite;https://live.euronext.com/en/product/equities/IT0005497042-EXGM;https://geco.amf-france.org
FR0013340973;BLUE SHARK POWER;broker_pea_confirmed;GAP_CRITIQUE_PEA;Confirmation officielle requise, jamais déduite;https://live.euronext.com/en/product/equities/FR0013340973-XMLI;https://geco.amf-france.org
FR0010106039;BODY ONE;broker_pea_confirmed;GAP_CRITIQUE_PEA;Confirmation officielle requise, jamais déduite;https://live.euronext.com/en/product/equities/FR0010106039-XMLI;https://geco.amf-france.org
IT0003516066;BOLOGNAFIERE;broker_pea_confirmed;GAP_CRITIQUE_PEA;Confirmation officielle requise, jamais déduite;https://live.euronext.com/en/product/equities/IT0003516066-EXGM;https://geco.amf-france.org
BE6333353298;BONYF;broker_pea_confirmed;GAP_CRITIQUE_PEA;Confirmation officielle requise, jamais déduite;https://live.euronext.com/en/product/equities/BE6333353298-XMLI;https://geco.amf-france.org
FR00140153G5;BOOSTHEAT;broker_pea_confirmed;GAP_CRITIQUE_PEA;Confirmation officielle requise, jamais déduite;https://live.euronext.com/en/product/equities/FR00140153G5-ALXP;https://geco.amf-france.org
IT0005003782;CASTA DIVA GROUP;broker_pea_confirmed;GAP_CRITIQUE_PEA;Confirmation officielle requise, jamais déduite;https://live.euronext.com/en/product/equities/IT0005003782-EXGM;https://geco.amf-france.org
FR0000037871;CH.FER DEPARTEMENTAUX;broker_pea_confirmed;GAP_CRITIQUE_PEA;Confirmation officielle requise, jamais déduite;https://live.euronext.com/en/product/equities/FR0000037871-XMLI;https://geco.amf-france.org
BE0974370026;CHOICE NV;broker_pea_confirmed;GAP_CRITIQUE_PEA;Confirmation officielle requise, jamais déduite;https://live.euronext.com/en/product/equities/BE0974370026-MLXB;https://geco.amf-france.org
FR0000060428;CIE DU MONT BLANC;broker_pea_confirmed;GAP_CRITIQUE_PEA;Confirmation officielle requise, jamais déduite;https://live.euronext.com/en/product/equities/FR0000060428-XMLI;https://geco.amf-france.org
IT0005344996;CIRCLE;broker_pea_confirmed;GAP_CRITIQUE_PEA;Confirmation officielle requise, jamais déduite;https://live.euronext.com/en/product/equities/IT0005344996-EXGM;https://geco.amf-france.org
IT0005091324;CLABO;broker_pea_confirmed;GAP_CRITIQUE_PEA;Confirmation officielle requise, jamais déduite;https://live.euronext.com/en/product/equities/IT0005091324-EXGM;https://geco.amf-france.org
FR0013426004;CLARANOVA;broker_pea_confirmed;GAP_CRITIQUE_PEA;Confirmation officielle requise, jamais déduite;https://live.euronext.com/en/product/equities/FR0013426004-ALXP;https://geco.amf-france.org
IT0005377277;CLEANBNB;broker_pea_confirmed;GAP_CRITIQUE_PEA;Confirmation officielle requise, jamais déduite;https://live.euronext.com/en/product/equities/IT0005377277-EXGM;https://geco.amf-france.org
IT0005577090;CLOUDIA RESEARCH;broker_pea_confirmed;GAP_CRITIQUE_PEA;Confirmation officielle requise, jamais déduite;https://live.euronext.com/en/product/equities/IT0005577090-EXGM;https://geco.amf-france.org
FR0013406881;CMG CLEANTECH;broker_pea_confirmed;GAP_CRITIQUE_PEA;Confirmation officielle requise, jamais déduite;https://live.euronext.com/en/product/equities/FR0013406881-XMLI;https://geco.amf-france.org
IT0005465619;COFLE;broker_pea_confirmed;GAP_CRITIQUE_PEA;Confirmation officielle requise, jamais déduite;https://live.euronext.com/en/product/equities/IT0005465619-EXGM;https://geco.amf-france.org
IT0005618043;COGEFEED;broker_pea_confirmed;GAP_CRITIQUE_PEA;Confirmation officielle requise, jamais déduite;https://live.euronext.com/en/product/equities/IT0005618043-EXGM;https://geco.amf-france.org
FR0010959684;COLIPAYS;broker_pea_confirmed;GAP_CRITIQUE_PEA;Confirmation officielle requise, jamais déduite;https://live.euronext.com/en/product/equities/FR0010959684-XMLI;https://geco.amf-france.org
IT0005632945;COM.TEL;broker_pea_confirmed;GAP_CRITIQUE_PEA;Confirmation officielle requise, jamais déduite;https://live.euronext.com/en/product/equities/IT0005632945-EXGM;https://geco.amf-france.org
IT0005453235;COMPAGNIA DEI CARAIBI;broker_pea_confirmed;GAP_CRITIQUE_PEA;Confirmation officielle requise, jamais déduite;https://live.euronext.com/en/product/equities/IT0005453235-EXGM;https://geco.amf-france.org
BE6252013725;CONDOR TECHNOLOGIES;broker_pea_confirmed;GAP_CRITIQUE_PEA;Confirmation officielle requise, jamais déduite;https://live.euronext.com/en/product/equities/BE6252013725-XMLI;https://geco.amf-france.org
IT0005379604;CONFINVEST ORO;broker_pea_confirmed;GAP_CRITIQUE_PEA;Confirmation officielle requise, jamais déduite;https://live.euronext.com/en/product/equities/IT0005379604-EXGM;https://geco.amf-france.org
FR0000077828;CONSORT NT;broker_pea_confirmed;GAP_CRITIQUE_PEA;Confirmation officielle requise, jamais déduite;https://live.euronext.com/en/product/equities/FR0000077828-XMLI;https://geco.amf-france.org
FR00140007I9;CONSTRUCTEURS BOIS;broker_pea_confirmed;GAP_CRITIQUE_PEA;Confirmation officielle requise, jamais déduite;https://live.euronext.com/en/product/equities/FR00140007I9-XMLI;https://geco.amf-france.org
IT0005426215;CONVERGENZE;broker_pea_confirmed;GAP_CRITIQUE_PEA;Confirmation officielle requise, jamais déduite;https://live.euronext.com/en/product/equities/IT0005426215-EXGM;https://geco.amf-france.org
IT0005379406;COPERNICO;broker_pea_confirmed;GAP_CRITIQUE_PEA;Confirmation officielle requise, jamais déduite;https://live.euronext.com/en/product/equities/IT0005379406-EXGM;https://geco.amf-france.org
FR0010035816;COREP LIGHTING;broker_pea_confirmed;GAP_CRITIQUE_PEA;Confirmation officielle requise, jamais déduite;https://live.euronext.com/en/product/equities/FR0010035816-XMLI;https://geco.amf-france.org
FR0004998318;COURBET;broker_pea_confirmed;GAP_CRITIQUE_PEA;Confirmation officielle requise, jamais déduite;https://live.euronext.com/en/product/equities/FR0004998318-XMLI;https://geco.amf-france.org
IT0005408593;CREACTIVES GROUP;broker_pea_confirmed;GAP_CRITIQUE_PEA;Confirmation officielle requise, jamais déduite;https://live.euronext.com/en/product/equities/IT0005408593-EXGM;https://geco.amf-france.org
IT0005353575;CROWDFUNDME;broker_pea_confirmed;GAP_CRITIQUE_PEA;Confirmation officielle requise, jamais déduite;https://live.euronext.com/en/product/equities/IT0005353575-EXGM;https://geco.amf-france.org
IT0005532483;CUBE LABS;broker_pea_confirmed;GAP_CRITIQUE_PEA;Confirmation officielle requise, jamais déduite;https://live.euronext.com/en/product/equities/IT0005532483-EXGM;https://geco.amf-france.org
IT0005546103;CYBEROO;broker_pea_confirmed;GAP_CRITIQUE_PEA;Confirmation officielle requise, jamais déduite;https://live.euronext.com/en/product/equities/IT0005546103-EXGM;https://geco.amf-france.org
FR0010447086;Cheops Technology;broker_pea_confirmed;GAP_CRITIQUE_PEA;Confirmation officielle requise, jamais déduite;https://live.euronext.com/en/product/equities/FR0010447086-XMLI;https://geco.amf-france.org
PTCDU0AE0003;Conduril-Engenharia;broker_pea_confirmed;GAP_CRITIQUE_PEA;Confirmation officielle requise, jamais déduite;https://live.euronext.com/en/product/equities/PTCDU0AE0003-ENXL;https://geco.amf-france.org
FR0000077885;DAMARIS;broker_pea_confirmed;GAP_CRITIQUE_PEA;Confirmation officielle requise, jamais déduite;https://live.euronext.com/en/product/equities/FR0000077885-XMLI;https://geco.amf-france.org
IT0005468357;DATRIX;broker_pea_confirmed;GAP_CRITIQUE_PEA;Confirmation officielle requise, jamais déduite;https://live.euronext.com/en/product/equities/IT0005468357-EXGM;https://geco.amf-france.org
IT0005285942;DBA GROUP;broker_pea_confirmed;GAP_CRITIQUE_PEA;Confirmation officielle requise, jamais déduite;https://live.euronext.com/en/product/equities/IT0005285942-EXGM;https://geco.amf-france.org
IT0005659724;DEDEM;broker_pea_confirmed;GAP_CRITIQUE_PEA;Confirmation officielle requise, jamais déduite;https://live.euronext.com/en/product/equities/IT0005659724-EXGM;https://geco.amf-france.org
IT0005528937;DEODATO.GALLERY;broker_pea_confirmed;GAP_CRITIQUE_PEA;Confirmation officielle requise, jamais déduite;https://live.euronext.com/en/product/equities/IT0005528937-EXGM;https://geco.amf-france.org
IT0005454027;DESTINATION ITALIA;broker_pea_confirmed;GAP_CRITIQUE_PEA;Confirmation officielle requise, jamais déduite;https://live.euronext.com/en/product/equities/IT0005454027-EXGM;https://geco.amf-france.org
IT0005203622;DHH;broker_pea_confirmed;GAP_CRITIQUE_PEA;Confirmation officielle requise, jamais déduite;https://live.euronext.com/en/product/equities/IT0005203622-EXGM;https://geco.amf-france.org
IT0005089476;DIGITOUCH;broker_pea_confirmed;GAP_CRITIQUE_PEA;Confirmation officielle requise, jamais déduite;https://live.euronext.com/en/product/equities/IT0005089476-EXGM;https://geco.amf-france.org
IT0001463063;DIRECTA SIM;broker_pea_confirmed;GAP_CRITIQUE_PEA;Confirmation officielle requise, jamais déduite;https://live.euronext.com/en/product/equities/IT0001463063-EXGM;https://geco.amf-france.org
IT0005600249;DISTRIBUZIONE ELETTRICA ADRIATICA;broker_pea_confirmed;GAP_CRITIQUE_PEA;Confirmation officielle requise, jamais déduite;https://live.euronext.com/en/product/equities/IT0005600249-EXGM;https://geco.amf-france.org
IT0005523839;DOTSTAY;broker_pea_confirmed;GAP_CRITIQUE_PEA;Confirmation officielle requise, jamais déduite;https://live.euronext.com/en/product/equities/IT0005523839-EXGM;https://geco.amf-france.org
IT0005394413;DOXEE;broker_pea_confirmed;GAP_CRITIQUE_PEA;Confirmation officielle requise, jamais déduite;https://live.euronext.com/en/product/equities/IT0005394413-EXGM;https://geco.amf-france.org
FR0000052920;DYNAFOND;broker_pea_confirmed;GAP_CRITIQUE_PEA;Confirmation officielle requise, jamais déduite;https://live.euronext.com/en/product/equities/FR0000052920-XMLI;https://geco.amf-france.org
IT0005557514;E-GLOBE;broker_pea_confirmed;GAP_CRITIQUE_PEA;Confirmation officielle requise, jamais déduite;https://live.euronext.com/en/product/equities/IT0005557514-EXGM;https://geco.amf-france.org
IT0005391229;E-NOVIA;broker_pea_confirmed;GAP_CRITIQUE_PEA;Confirmation officielle requise, jamais déduite;https://live.euronext.com/en/product/equities/IT0005391229-EXGM;https://geco.amf-france.org
IT0005669558;E.T.S. Engineering and Technical Services;broker_pea_confirmed;GAP_CRITIQUE_PEA;Confirmation officielle requise, jamais déduite;https://live.euronext.com/en/product/equities/IT0005669558-EXGM;https://geco.amf-france.org
FR0007200100;EAUX DE ROYAN;broker_pea_confirmed;GAP_CRITIQUE_PEA;Confirmation officielle requise, jamais déduite;https://live.euronext.com/en/product/equities/FR0007200100-XMLI;https://geco.amf-france.org
FR0010536185;EAVS;broker_pea_confirmed;GAP_CRITIQUE_PEA;Confirmation officielle requise, jamais déduite;https://live.euronext.com/en/product/equities/FR0010536185-XMLI;https://geco.amf-france.org
IT0005543332;ECOMEMBRANE;broker_pea_confirmed;GAP_CRITIQUE_PEA;Confirmation officielle requise, jamais déduite;https://live.euronext.com/en/product/equities/IT0005543332-EXGM;https://geco.amf-france.org
IT0005654766;ECOSUNTEK;broker_pea_confirmed;GAP_CRITIQUE_PEA;Confirmation officielle requise, jamais déduite;https://live.euronext.com/en/product/equities/IT0005654766-EXGM;https://geco.amf-france.org
IT0005627762;EDGELAB;broker_pea_confirmed;GAP_CRITIQUE_PEA;Confirmation officielle requise, jamais déduite;https://live.euronext.com/en/product/equities/IT0005627762-EXGM;https://geco.amf-france.org
IT0005561441;EDIL SAN FELICE;broker_pea_confirmed;GAP_CRITIQUE_PEA;Confirmation officielle requise, jamais déduite;https://live.euronext.com/en/product/equities/IT0005561441-EXGM;https://geco.amf-france.org
FR0010882886;EDUFORM'ACTION;broker_pea_confirmed;GAP_CRITIQUE_PEA;Confirmation officielle requise, jamais déduite;https://live.euronext.com/en/product/equities/FR0010882886-ALXP;https://geco.amf-france.org
IT0005586497;EGOMNIA;broker_pea_confirmed;GAP_CRITIQUE_PEA;Confirmation officielle requise, jamais déduite;https://live.euronext.com/en/product/equities/IT0005586497-EXGM;https://geco.amf-france.org
IT0005561466;ELSA SOLUTIONS;broker_pea_confirmed;GAP_CRITIQUE_PEA;Confirmation officielle requise, jamais déduite;https://live.euronext.com/en/product/equities/IT0005561466-EXGM;https://geco.amf-france.org
ES0105639001;EMBENTION SISTEMAS INTELIGENTES SA;broker_pea_confirmed;GAP_CRITIQUE_PEA;Confirmation officielle requise, jamais déduite;https://live.euronext.com/en/product/equities/ES0105639001-ALXP;https://geco.amf-france.org
IT0005562183;EMMA VILLAS;broker_pea_confirmed;GAP_CRITIQUE_PEA;Confirmation officielle requise, jamais déduite;https://live.euronext.com/en/product/equities/IT0005562183-EXGM;https://geco.amf-france.org
IT0005468290;ENA (ex-S.I.F. ITALIA);broker_pea_confirmed;GAP_CRITIQUE_PEA;Confirmation officielle requise, jamais déduite;https://live.euronext.com/en/product/equities/IT0005468290-EXGM;https://geco.amf-france.org
IT0005500712;ENERGY;broker_pea_confirmed;GAP_CRITIQUE_PEA;Confirmation officielle requise, jamais déduite;https://live.euronext.com/en/product/equities/IT0005500712-EXGM;https://geco.amf-france.org
ES0105687000;ENERGY SOLAR TECH;broker_pea_confirmed;GAP_CRITIQUE_PEA;Confirmation officielle requise, jamais déduite;https://live.euronext.com/en/product/equities/ES0105687000-ALXP;https://geco.amf-france.org
IT0005660219;ENERGY TIME;broker_pea_confirmed;GAP_CRITIQUE_PEA;Confirmation officielle requise, jamais déduite;https://live.euronext.com/en/product/equities/IT0005660219-EXGM;https://geco.amf-france.org
IT0005519837;EPRCOMUNICAZIONE;broker_pea_confirmed;GAP_CRITIQUE_PEA;Confirmation officielle requise, jamais déduite;https://live.euronext.com/en/product/equities/IT0005519837-EXGM;https://geco.amf-france.org
IT0005521247;ERREDUE;broker_pea_confirmed;GAP_CRITIQUE_PEA;Confirmation officielle requise, jamais déduite;https://live.euronext.com/en/product/equities/IT0005521247-EXGM;https://geco.amf-france.org
IT0005337107;ESAUTOMOTION;broker_pea_confirmed;GAP_CRITIQUE_PEA;Confirmation officielle requise, jamais déduite;https://live.euronext.com/en/product/equities/IT0005337107-EXGM;https://geco.amf-france.org
IT0005421885;ESI;broker_pea_confirmed;GAP_CRITIQUE_PEA;Confirmation officielle requise, jamais déduite;https://live.euronext.com/en/product/equities/IT0005421885-EXGM;https://geco.amf-france.org
IT0005573818;ESPE;broker_pea_confirmed;GAP_CRITIQUE_PEA;Confirmation officielle requise, jamais déduite;https://live.euronext.com/en/product/equities/IT0005573818-EXGM;https://geco.amf-france.org
IT0005468191;ESTRIMA;broker_pea_confirmed;GAP_CRITIQUE_PEA;Confirmation officielle requise, jamais déduite;https://live.euronext.com/en/product/equities/IT0005468191-EXGM;https://geco.amf-france.org
IT0005720005;ETI;broker_pea_confirmed;GAP_CRITIQUE_PEA;Confirmation officielle requise, jamais déduite;https://live.euronext.com/en/product/equities/IT0005720005-EXGM;https://geco.amf-france.org
FR0014011QJ8;EUROPLASMA;broker_pea_confirmed;GAP_CRITIQUE_PEA;Confirmation officielle requise, jamais déduite;https://live.euronext.com/en/product/equities/FR0014011QJ8-ALXP;https://geco.amf-france.org
IT0005430936;EVISO;broker_pea_confirmed;GAP_CRITIQUE_PEA;Confirmation officielle requise, jamais déduite;https://live.euronext.com/en/product/equities/IT0005430936-EXGM;https://geco.amf-france.org
IT0005557530;EXECUS;broker_pea_confirmed;GAP_CRITIQUE_PEA;Confirmation officielle requise, jamais déduite;https://live.euronext.com/en/product/equities/IT0005557530-EXGM;https://geco.amf-france.org
IT0004496029;EXPERT.AI;broker_pea_confirmed;GAP_CRITIQUE_PEA;Confirmation officielle requise, jamais déduite;https://live.euronext.com/en/product/equities/IT0004496029-EXGM;https://geco.amf-france.org
ES0106046008;EXXITA BE CIRCULAR;broker_pea_confirmed;GAP_CRITIQUE_PEA;Confirmation officielle requise, jamais déduite;https://live.euronext.com/en/product/equities/ES0106046008-XMLI;https://geco.amf-france.org
IT0005500688;FAE TECHNOLOGY;broker_pea_confirmed;GAP_CRITIQUE_PEA;Confirmation officielle requise, jamais déduite;https://live.euronext.com/en/product/equities/IT0005500688-EXGM;https://geco.amf-france.org
IT0005487670;FARMACOSMO;broker_pea_confirmed;GAP_CRITIQUE_PEA;Confirmation officielle requise, jamais déduite;https://live.euronext.com/en/product/equities/IT0005487670-EXGM;https://geco.amf-france.org
PTFNV1AM0002;FARMINVESTE;broker_pea_confirmed;GAP_CRITIQUE_PEA;Confirmation officielle requise, jamais déduite;https://live.euronext.com/en/product/equities/PTFNV1AM0002-ENXL;https://geco.amf-france.org
FR0012300424;FD;broker_pea_confirmed;GAP_CRITIQUE_PEA;Confirmation officielle requise, jamais déduite;https://live.euronext.com/en/product/equities/FR0012300424-XMLI;https://geco.amf-france.org
IT0005475162;FINANZA.TECH;broker_pea_confirmed;GAP_CRITIQUE_PEA;Confirmation officielle requise, jamais déduite;https://live.euronext.com/en/product/equities/IT0005475162-EXGM;https://geco.amf-france.org
FR0010487272;FINAXO ENVIRONNEMENT;broker_pea_confirmed;GAP_CRITIQUE_PEA;Confirmation officielle requise, jamais déduite;https://live.euronext.com/en/product/equities/FR0010487272-XMLI;https://geco.amf-france.org
IT0005252736;FIRST CAPITAL;broker_pea_confirmed;GAP_CRITIQUE_PEA;Confirmation officielle requise, jamais déduite;https://live.euronext.com/en/product/equities/IT0005252736-EXGM;https://geco.amf-france.org
IT0005720500;FIRST POINT;broker_pea_confirmed;GAP_CRITIQUE_PEA;Confirmation officielle requise, jamais déduite;https://live.euronext.com/en/product/equities/IT0005720500-EXGM;https://geco.amf-france.org
BE0003847648;FLOWSPARKS;broker_pea_confirmed;GAP_CRITIQUE_PEA;Confirmation officielle requise, jamais déduite;https://live.euronext.com/en/product/equities/BE0003847648-MLXB;https://geco.amf-france.org
FR0013230067;FNP TECHNOLOGIES SA;broker_pea_confirmed;GAP_CRITIQUE_PEA;Confirmation officielle requise, jamais déduite;https://live.euronext.com/en/product/equities/FR0013230067-XMLI;https://geco.amf-france.org
FR0011605617;FONCIERE VINDI;broker_pea_confirmed;GAP_CRITIQUE_PEA;Confirmation officielle requise, jamais déduite;https://live.euronext.com/en/product/equities/FR0011605617-XMLI;https://geco.amf-france.org
IT0005203424;FOPE;broker_pea_confirmed;GAP_CRITIQUE_PEA;Confirmation officielle requise, jamais déduite;https://live.euronext.com/en/product/equities/IT0005203424-EXGM;https://geco.amf-france.org
FR0014005SB3;FORSEE POWER;broker_pea_confirmed;GAP_CRITIQUE_PEA;Confirmation officielle requise, jamais déduite;https://live.euronext.com/en/product/equities/FR0014005SB3-ALXP;https://geco.amf-france.org
FR0010823724;FRANCE TOURISME IMMOBILIER;broker_pea_confirmed;GAP_CRITIQUE_PEA;Confirmation officielle requise, jamais déduite;https://live.euronext.com/en/product/equities/FR0010823724-XMLI;https://geco.amf-france.org
IT0005508574;FRANCHETTI;broker_pea_confirmed;GAP_CRITIQUE_PEA;Confirmation officielle requise, jamais déduite;https://live.euronext.com/en/product/equities/IT0005508574-EXGM;https://geco.amf-france.org
IT0005335754;FRANCHI UMBERTO MARMI;broker_pea_confirmed;GAP_CRITIQUE_PEA;Confirmation officielle requise, jamais déduite;https://live.euronext.com/en/product/equities/IT0005335754-EXGM;https://geco.amf-france.org
IT0004819857;FRENDY ENERGY;broker_pea_confirmed;GAP_CRITIQUE_PEA;Confirmation officielle requise, jamais déduite;https://live.euronext.com/en/product/equities/IT0004819857-EXGM;https://geco.amf-france.org
FR0000053415;G.A.I.;broker_pea_confirmed;GAP_CRITIQUE_PEA;Confirmation officielle requise, jamais déduite;https://live.euronext.com/en/product/equities/FR0000053415-XMLI;https://geco.amf-france.org
IT0005498610;G.M. LEATHER;broker_pea_confirmed;GAP_CRITIQUE_PEA;Confirmation officielle requise, jamais déduite;https://live.euronext.com/en/product/equities/IT0005498610-EXGM;https://geco.amf-france.org
FR0011100759;GALEO;broker_pea_confirmed;GAP_CRITIQUE_PEA;Confirmation officielle requise, jamais déduite;https://live.euronext.com/en/product/equities/FR0011100759-XMLI;https://geco.amf-france.org
IT0005122392;GAMBERO ROSSO;broker_pea_confirmed;GAP_CRITIQUE_PEA;Confirmation officielle requise, jamais déduite;https://live.euronext.com/en/product/equities/IT0005122392-EXGM;https://geco.amf-france.org
IT0005312365;GEL;broker_pea_confirmed;GAP_CRITIQUE_PEA;Confirmation officielle requise, jamais déduite;https://live.euronext.com/en/product/equities/IT0005312365-EXGM;https://geco.amf-france.org
IT0005531261;GENTILI MOSCONI;broker_pea_confirmed;GAP_CRITIQUE_PEA;Confirmation officielle requise, jamais déduite;https://live.euronext.com/en/product/equities/IT0005531261-EXGM;https://geco.amf-france.org
PTGVE1AM0017;GENTLEMEN'S EQUITY SA;broker_pea_confirmed;GAP_CRITIQUE_PEA;Confirmation officielle requise, jamais déduite;https://live.euronext.com/en/product/equities/PTGVE1AM0017-XMLI;https://geco.amf-france.org
IT0005453003;GIGLIO.COM;broker_pea_confirmed;GAP_CRITIQUE_PEA;Confirmation officielle requise, jamais déduite;https://live.euronext.com/en/product/equities/IT0005453003-EXGM;https://geco.amf-france.org
IT0005652489;GIOCAMONDO STUDY;broker_pea_confirmed;GAP_CRITIQUE_PEA;Confirmation officielle requise, jamais déduite;https://live.euronext.com/en/product/equities/IT0005652489-EXGM;https://geco.amf-france.org
IT0005391138;GISMONDI 1754;broker_pea_confirmed;GAP_CRITIQUE_PEA;Confirmation officielle requise, jamais déduite;https://live.euronext.com/en/product/equities/IT0005391138-EXGM;https://geco.amf-france.org
IT0005722191;GIUNTI PSYCHOMETRICS HOLDING;broker_pea_confirmed;GAP_CRITIQUE_PEA;Confirmation officielle requise, jamais déduite;https://live.euronext.com/en/product/equities/IT0005722191-EXGM;https://geco.amf-france.org
IT0005613739;GLASS TO POWER S.P.A.;broker_pea_confirmed;GAP_CRITIQUE_PEA;Confirmation officielle requise, jamais déduite;https://live.euronext.com/en/product/equities/IT0005613739-XMLI;https://geco.amf-france.org
IT0005549768;GREEN OLEO;broker_pea_confirmed;GAP_CRITIQUE_PEA;Confirmation officielle requise, jamais déduite;https://live.euronext.com/en/product/equities/IT0005549768-EXGM;https://geco.amf-france.org
IT0005332595;GRIFAL;broker_pea_confirmed;GAP_CRITIQUE_PEA;Confirmation officielle requise, jamais déduite;https://live.euronext.com/en/product/equities/IT0005332595-EXGM;https://geco.amf-france.org
FR0000076960;GROUPE CARNIVOR;broker_pea_confirmed;GAP_CRITIQUE_PEA;Confirmation officielle requise, jamais déduite;https://live.euronext.com/en/product/equities/FR0000076960-XMLI;https://geco.amf-france.org
IT0005040354;GROWENS;broker_pea_confirmed;GAP_CRITIQUE_PEA;Confirmation officielle requise, jamais déduite;https://live.euronext.com/en/product/equities/IT0005040354-EXGM;https://geco.amf-france.org
IT0005607699;GT TALENT GROUP;broker_pea_confirmed;GAP_CRITIQUE_PEA;Confirmation officielle requise, jamais déduite;https://live.euronext.com/en/product/equities/IT0005607699-EXGM;https://geco.amf-france.org
IT0005723074;GUIDOTTI SHIPS;broker_pea_confirmed;GAP_CRITIQUE_PEA;Confirmation officielle requise, jamais déduite;https://live.euronext.com/en/product/equities/IT0005723074-EXGM;https://geco.amf-france.org
IT0004674666;H-FARM;broker_pea_confirmed;GAP_CRITIQUE_PEA;Confirmation officielle requise, jamais déduite;https://live.euronext.com/en/product/equities/IT0004674666-EXGM;https://geco.amf-france.org
IT0005628778;HAIKI+;broker_pea_confirmed;GAP_CRITIQUE_PEA;Confirmation officielle requise, jamais déduite;https://live.euronext.com/en/product/equities/IT0005628778-EXGM;https://geco.amf-france.org
IT0005451213;HELYX INDUSTRIES (ex Ulisse Biomed S.p.A.);broker_pea_confirmed;GAP_CRITIQUE_PEA;Confirmation officielle requise, jamais déduite;https://live.euronext.com/en/product/equities/IT0005451213-EXGM;https://geco.amf-france.org
IT0005450694;HIGH QUALITY FOOD;broker_pea_confirmed;GAP_CRITIQUE_PEA;Confirmation officielle requise, jamais déduite;https://live.euronext.com/en/product/equities/IT0005450694-EXGM;https://geco.amf-france.org
DE000A11Q133;HK;broker_pea_confirmed;GAP_CRITIQUE_PEA;Confirmation officielle requise, jamais déduite;https://live.euronext.com/en/product/equities/DE000A11Q133-XMLI;https://geco.amf-france.org
FR0000051302;HOCHE BAINS L.BAIN;broker_pea_confirmed;GAP_CRITIQUE_PEA;Confirmation officielle requise, jamais déduite;https://live.euronext.com/en/product/equities/FR0000051302-XMLI;https://geco.amf-france.org
FR0012336691;HOME CONCEPT;broker_pea_confirmed;GAP_CRITIQUE_PEA;Confirmation officielle requise, jamais déduite;https://live.euronext.com/en/product/equities/FR0012336691-XMLI;https://geco.amf-france.org
FR0010312181;HOPENING;broker_pea_confirmed;GAP_CRITIQUE_PEA;Confirmation officielle requise, jamais déduite;https://live.euronext.com/en/product/equities/FR0010312181-XMLI;https://geco.amf-france.org
ES0105664009;HOTELES BESTPRICE;broker_pea_confirmed;GAP_CRITIQUE_PEA;Confirmation officielle requise, jamais déduite;https://live.euronext.com/en/product/equities/ES0105664009-XMLI;https://geco.amf-france.org
FR0000053738;HOTELIM;broker_pea_confirmed;GAP_CRITIQUE_PEA;Confirmation officielle requise, jamais déduite;https://live.euronext.com/en/product/equities/FR0000053738-XMLI;https://geco.amf-france.org
FR0006563904;HOTL.IMMOB.NICE;broker_pea_confirmed;GAP_CRITIQUE_PEA;Confirmation officielle requise, jamais déduite;https://live.euronext.com/en/product/equities/FR0006563904-XMLI;https://geco.amf-france.org
FR0000064735;HYDRAULIQUE HOLDING;broker_pea_confirmed;GAP_CRITIQUE_PEA;Confirmation officielle requise, jamais déduite;https://live.euronext.com/en/product/equities/FR0000064735-XMLI;https://geco.amf-france.org
FR0005843125;HYDRO-EXPLOIT.;broker_pea_confirmed;GAP_CRITIQUE_PEA;Confirmation officielle requise, jamais déduite;https://live.euronext.com/en/product/equities/FR0005843125-XMLI;https://geco.amf-france.org
IT0001214433;I.CO.P.;broker_pea_confirmed;GAP_CRITIQUE_PEA;Confirmation officielle requise, jamais déduite;https://live.euronext.com/en/product/equities/IT0001214433-EXGM;https://geco.amf-france.org
IT0005549255;I.M.D. INTERNATIONAL MEDICAL DEVICES;broker_pea_confirmed;GAP_CRITIQUE_PEA;Confirmation officielle requise, jamais déduite;https://live.euronext.com/en/product/equities/IT0005549255-EXGM;https://geco.amf-france.org
FR0000079691;IDS;broker_pea_confirmed;GAP_CRITIQUE_PEA;Confirmation officielle requise, jamais déduite;https://live.euronext.com/en/product/equities/FR0000079691-XMLI;https://geco.amf-france.org
FR0014015ND9;IEVA GROUP S.A.;broker_pea_confirmed;GAP_CRITIQUE_PEA;Confirmation officielle requise, jamais déduite;https://live.euronext.com/en/product/equities/FR0014015ND9-ALXP;https://geco.amf-france.org
IT0005578395;ILLA;broker_pea_confirmed;GAP_CRITIQUE_PEA;Confirmation officielle requise, jamais déduite;https://live.euronext.com/en/product/equities/IT0005578395-EXGM;https://geco.amf-france.org
IT0005359101;ILPRA;broker_pea_confirmed;GAP_CRITIQUE_PEA;Confirmation officielle requise, jamais déduite;https://live.euronext.com/en/product/equities/IT0005359101-EXGM;https://geco.amf-france.org
FR0010086371;IMALLIANCE;broker_pea_confirmed;GAP_CRITIQUE_PEA;Confirmation officielle requise, jamais déduite;https://live.euronext.com/en/product/equities/FR0010086371-XMLI;https://geco.amf-france.org
FR001400QW73;IMEON ENERGY;broker_pea_confirmed;GAP_CRITIQUE_PEA;Confirmation officielle requise, jamais déduite;https://live.euronext.com/en/product/equities/FR001400QW73-XMLI;https://geco.amf-france.org
FR0006859039;IMM.PARIS.PERLE;broker_pea_confirmed;GAP_CRITIQUE_PEA;Confirmation officielle requise, jamais déduite;https://live.euronext.com/en/product/equities/FR0006859039-XMLI;https://geco.amf-france.org
IT0005518953;IMPIANTI;broker_pea_confirmed;GAP_CRITIQUE_PEA;Confirmation officielle requise, jamais déduite;https://live.euronext.com/en/product/equities/IT0005518953-EXGM;https://geco.amf-france.org
FR0000065773;IMPRIMERIE CHIRAT;broker_pea_confirmed;GAP_CRITIQUE_PEA;Confirmation officielle requise, jamais déduite;https://live.euronext.com/en/product/equities/FR0000065773-XMLI;https://geco.amf-france.org
ES0105590006;IMPULSE FITNESS SOLUTIONS S.A.;broker_pea_confirmed;GAP_CRITIQUE_PEA;Confirmation officielle requise, jamais déduite;https://live.euronext.com/en/product/equities/ES0105590006-XMLI;https://geco.amf-france.org
IT0005416281;INDUSTRIE CHIMICHE FORESTALI;broker_pea_confirmed;GAP_CRITIQUE_PEA;Confirmation officielle requise, jamais déduite;https://live.euronext.com/en/product/equities/IT0005416281-EXGM;https://geco.amf-france.org
FR0011158823;INFOCLIP;broker_pea_confirmed;GAP_CRITIQUE_PEA;Confirmation officielle requise, jamais déduite;https://live.euronext.com/en/product/equities/FR0011158823-XMLI;https://geco.amf-france.org
IT0005037905;INIZIATIVE BRESCIANE;broker_pea_confirmed;GAP_CRITIQUE_PEA;Confirmation officielle requise, jamais déduite;https://live.euronext.com/en/product/equities/IT0005037905-EXGM;https://geco.amf-france.org
ES0105908000;INMOLECULE NANOTECH;broker_pea_confirmed;GAP_CRITIQUE_PEA;Confirmation officielle requise, jamais déduite;https://live.euronext.com/en/product/equities/ES0105908000-XMLI;https://geco.amf-france.org
IT0005412298;INNOVATEC;broker_pea_confirmed;GAP_CRITIQUE_PEA;Confirmation officielle requise, jamais déduite;https://live.euronext.com/en/product/equities/IT0005412298-EXGM;https://geco.amf-france.org
IT0005391161;INNOVATIVE RFK SPA;broker_pea_confirmed;GAP_CRITIQUE_PEA;Confirmation officielle requise, jamais déduite;https://live.euronext.com/en/product/equities/IT0005391161-XMLI;https://geco.amf-france.org
FR0014003FN0;INTEGRITAS VIAGER S.A.;broker_pea_confirmed;GAP_CRITIQUE_PEA;Confirmation officielle requise, jamais déduite;https://live.euronext.com/en/product/equities/FR0014003FN0-XMLI;https://geco.amf-france.org
IT0005469371;INTERNATIONAL CARE COMPANY;broker_pea_confirmed;GAP_CRITIQUE_PEA;Confirmation officielle requise, jamais déduite;https://live.euronext.com/en/product/equities/IT0005469371-EXGM;https://geco.amf-france.org
IT0005337818;INTRED;broker_pea_confirmed;GAP_CRITIQUE_PEA;Confirmation officielle requise, jamais déduite;https://live.euronext.com/en/product/equities/IT0005337818-EXGM;https://geco.amf-france.org
IT0005474108;ISCC FINTECH;broker_pea_confirmed;GAP_CRITIQUE_PEA;Confirmation officielle requise, jamais déduite;https://live.euronext.com/en/product/equities/IT0005474108-EXGM;https://geco.amf-france.org
IT0005075764;ITALIAN WINE BRANDS;broker_pea_confirmed;GAP_CRITIQUE_PEA;Confirmation officielle requise, jamais déduite;https://live.euronext.com/en/product/equities/IT0005075764-EXGM;https://geco.amf-france.org
IT0005336521;ITALY INNOVAZIONI;broker_pea_confirmed;GAP_CRITIQUE_PEA;Confirmation officielle requise, jamais déduite;https://live.euronext.com/en/product/equities/IT0005336521-XMLI;https://geco.amf-france.org
IT0005554784;IVISION TECH;broker_pea_confirmed;GAP_CRITIQUE_PEA;Confirmation officielle requise, jamais déduite;https://live.euronext.com/en/product/equities/IT0005554784-EXGM;https://geco.amf-france.org
IT0005678104;KALEON;broker_pea_confirmed;GAP_CRITIQUE_PEA;Confirmation officielle requise, jamais déduite;https://live.euronext.com/en/product/equities/IT0005678104-EXGM;https://geco.amf-france.org
FR0014005WE9;L'AGENCE AUTOMOBILIERE S.A.;broker_pea_confirmed;GAP_CRITIQUE_PEA;Confirmation officielle requise, jamais déduite;https://live.euronext.com/en/product/equities/FR0014005WE9-XMLI;https://geco.amf-france.org
IT0005497885;LABORATORIO FARMACEUTICO ERFO;broker_pea_confirmed;GAP_CRITIQUE_PEA;Confirmation officielle requise, jamais déduite;https://live.euronext.com/en/product/equities/IT0005497885-EXGM;https://geco.amf-france.org
FR0014018Y10;LE SLIP Français;broker_pea_confirmed;GAP_CRITIQUE_PEA;Confirmation officielle requise, jamais déduite;https://live.euronext.com/en/product/equities/FR0014018Y10-ALXP;https://geco.amf-france.org
IT0005573438;LEMON SISTEMI;broker_pea_confirmed;GAP_CRITIQUE_PEA;Confirmation officielle requise, jamais déduite;https://live.euronext.com/en/product/equities/IT0005573438-EXGM;https://geco.amf-france.org
IT0004973696;LEONE FILM GROUP;broker_pea_confirmed;GAP_CRITIQUE_PEA;Confirmation officielle requise, jamais déduite;https://live.euronext.com/en/product/equities/IT0004973696-EXGM;https://geco.amf-france.org
IT0005469272;LINDBERGH;broker_pea_confirmed;GAP_CRITIQUE_PEA;Confirmation officielle requise, jamais déduite;https://live.euronext.com/en/product/equities/IT0005469272-EXGM;https://geco.amf-france.org
IT0005600801;LITIX;broker_pea_confirmed;GAP_CRITIQUE_PEA;Confirmation officielle requise, jamais déduite;https://live.euronext.com/en/product/equities/IT0005600801-EXGM;https://geco.amf-france.org
FR0004155208;LOCASYSTEM INTL;broker_pea_confirmed;GAP_CRITIQUE_PEA;Confirmation officielle requise, jamais déduite;https://live.euronext.com/en/product/equities/FR0004155208-XMLI;https://geco.amf-france.org
FR0006205019;LOMBARD ET MEDOT;broker_pea_confirmed;GAP_CRITIQUE_PEA;Confirmation officielle requise, jamais déduite;https://live.euronext.com/en/product/equities/FR0006205019-XMLI;https://geco.amf-france.org
IT0005337073;LONGINO&CARDENAL;broker_pea_confirmed;GAP_CRITIQUE_PEA;Confirmation officielle requise, jamais déduite;https://live.euronext.com/en/product/equities/IT0005337073-EXGM;https://geco.amf-france.org
FR0014013HG9;LUCIBEL;broker_pea_confirmed;GAP_CRITIQUE_PEA;Confirmation officielle requise, jamais déduite;https://live.euronext.com/en/product/equities/FR0014013HG9-ALXP;https://geco.amf-france.org
IT0004522162;LUCISANO MEDIA GROUP;broker_pea_confirmed;GAP_CRITIQUE_PEA;Confirmation officielle requise, jamais déduite;https://live.euronext.com/en/product/equities/IT0004522162-EXGM;https://geco.amf-france.org
FR001400NQB6;MACOMPTA.FR;broker_pea_confirmed;GAP_CRITIQUE_PEA;Confirmation officielle requise, jamais déduite;https://live.euronext.com/en/product/equities/FR001400NQB6-ALXP;https://geco.amf-france.org
FR0010827741;MAGILLEM DESIGN SERVICES;broker_pea_confirmed;GAP_CRITIQUE_PEA;Confirmation officielle requise, jamais déduite;https://live.euronext.com/en/product/equities/FR0010827741-XMLI;https://geco.amf-france.org
IT0005525347;MAGIS;broker_pea_confirmed;GAP_CRITIQUE_PEA;Confirmation officielle requise, jamais déduite;https://live.euronext.com/en/product/equities/IT0005525347-EXGM;https://geco.amf-france.org
FR0011092089;MAISON CLIO BLUE;broker_pea_confirmed;GAP_CRITIQUE_PEA;Confirmation officielle requise, jamais déduite;https://live.euronext.com/en/product/equities/FR0011092089-XMLI;https://geco.amf-france.org
IT0005364333;MAPS;broker_pea_confirmed;GAP_CRITIQUE_PEA;Confirmation officielle requise, jamais déduite;https://live.euronext.com/en/product/equities/IT0005364333-EXGM;https://geco.amf-france.org
IT0005588626;MARE ENGINEERING GROUP;broker_pea_confirmed;GAP_CRITIQUE_PEA;Confirmation officielle requise, jamais déduite;https://live.euronext.com/en/product/equities/IT0005588626-EXGM;https://geco.amf-france.org
IT0005670960;MARKBASS;broker_pea_confirmed;GAP_CRITIQUE_PEA;Confirmation officielle requise, jamais déduite;https://live.euronext.com/en/product/equities/IT0005670960-EXGM;https://geco.amf-france.org
IT0004376858;MARZOCCHI POMPE;broker_pea_confirmed;GAP_CRITIQUE_PEA;Confirmation officielle requise, jamais déduite;https://live.euronext.com/en/product/equities/IT0004376858-EXGM;https://geco.amf-france.org
IT0004125677;MASI AGRICOLA;broker_pea_confirmed;GAP_CRITIQUE_PEA;Confirmation officielle requise, jamais déduite;https://live.euronext.com/en/product/equities/IT0004125677-EXGM;https://geco.amf-france.org
IT0005388449;MATICA FINTEC;broker_pea_confirmed;GAP_CRITIQUE_PEA;Confirmation officielle requise, jamais déduite;https://live.euronext.com/en/product/equities/IT0005388449-EXGM;https://geco.amf-france.org
BE0974404361;MAZARO;broker_pea_confirmed;GAP_CRITIQUE_PEA;Confirmation officielle requise, jamais déduite;https://live.euronext.com/en/product/equities/BE0974404361-MLXB;https://geco.amf-france.org
IT0005324105;MEDIA LAB;broker_pea_confirmed;GAP_CRITIQUE_PEA;Confirmation officielle requise, jamais déduite;https://live.euronext.com/en/product/equities/IT0005324105-XMLI;https://geco.amf-france.org
IT0005450173;MEGLIOQUESTO;broker_pea_confirmed;GAP_CRITIQUE_PEA;Confirmation officielle requise, jamais déduite;https://live.euronext.com/en/product/equities/IT0005450173-EXGM;https://geco.amf-france.org
BE0974328602;METRICS IN BALANCE;broker_pea_confirmed;GAP_CRITIQUE_PEA;Confirmation officielle requise, jamais déduite;https://live.euronext.com/en/product/equities/BE0974328602-XMLI;https://geco.amf-france.org
IT0005651481;METRIKS AI;broker_pea_confirmed;GAP_CRITIQUE_PEA;Confirmation officielle requise, jamais déduite;https://live.euronext.com/en/product/equities/IT0005651481-EXGM;https://geco.amf-france.org
IT0005586950;MEVIM;broker_pea_confirmed;GAP_CRITIQUE_PEA;Confirmation officielle requise, jamais déduite;https://live.euronext.com/en/product/equities/IT0005586950-EXGM;https://geco.amf-france.org
FR0010500363;MIGUET ET ASSOCIES;broker_pea_confirmed;GAP_CRITIQUE_PEA;Confirmation officielle requise, jamais déduite;https://live.euronext.com/en/product/equities/FR0010500363-XMLI;https://geco.amf-france.org
IT0005603078;MISITANO & STRACUZZI;broker_pea_confirmed;GAP_CRITIQUE_PEA;Confirmation officielle requise, jamais déduite;https://live.euronext.com/en/product/equities/IT0005603078-EXGM;https://geco.amf-france.org
IT0005427510;MIT SIM;broker_pea_confirmed;GAP_CRITIQUE_PEA;Confirmation officielle requise, jamais déduite;https://live.euronext.com/en/product/equities/IT0005427510-EXGM;https://geco.amf-france.org
FR0014011ND8;MONDO TV France;broker_pea_confirmed;GAP_CRITIQUE_PEA;Confirmation officielle requise, jamais déduite;https://live.euronext.com/en/product/equities/FR0014011ND8-EXGM;https://geco.amf-france.org
IT0005338139;MONNALISA;broker_pea_confirmed;GAP_CRITIQUE_PEA;Confirmation officielle requise, jamais déduite;https://live.euronext.com/en/product/equities/IT0005338139-EXGM;https://geco.amf-france.org
BE0974503352;MONNI;broker_pea_confirmed;GAP_CRITIQUE_PEA;Confirmation officielle requise, jamais déduite;https://live.euronext.com/en/product/equities/BE0974503352-ALXB;https://geco.amf-france.org
PTMNN0AE0006;MONUMENTAL RESIDENCE;broker_pea_confirmed;GAP_CRITIQUE_PEA;Confirmation officielle requise, jamais déduite;https://live.euronext.com/en/product/equities/PTMNN0AE0006-ENXL;https://geco.amf-france.org
NL0015268814;MPC ENERGY SOLUTIONS N.V.;broker_pea_confirmed;GAP_CRITIQUE_PEA;Confirmation officielle requise, jamais déduite;https://live.euronext.com/en/product/equities/NL0015268814-MERK;https://geco.amf-france.org
ES0105697009;MUTTER VENTURES, S.A.;broker_pea_confirmed;GAP_CRITIQUE_PEA;Confirmation officielle requise, jamais déduite;https://live.euronext.com/en/product/equities/ES0105697009-XMLI;https://geco.amf-france.org
IT0005497018;NEOSPERIENCE;broker_pea_confirmed;GAP_CRITIQUE_PEA;Confirmation officielle requise, jamais déduite;https://live.euronext.com/en/product/equities/IT0005497018-EXGM;https://geco.amf-france.org
FR0014018EV4;NEOVACS;broker_pea_confirmed;GAP_CRITIQUE_PEA;Confirmation officielle requise, jamais déduite;https://live.euronext.com/en/product/equities/FR0014018EV4-ALXP;https://geco.amf-france.org
BE0003680916;NEUFCOUR-FIN.;broker_pea_confirmed;GAP_CRITIQUE_PEA;Confirmation officielle requise, jamais déduite;https://live.euronext.com/en/product/equities/BE0003680916-MLXB;https://geco.amf-france.org
BE0003832491;NEWTREE;broker_pea_confirmed;GAP_CRITIQUE_PEA;Confirmation officielle requise, jamais déduite;https://live.euronext.com/en/product/equities/BE0003832491-MLXB;https://geco.amf-france.org
IT0005594418;NEXT GEOSOLUTIONS EUROPE;broker_pea_confirmed;GAP_CRITIQUE_PEA;Confirmation officielle requise, jamais déduite;https://live.euronext.com/en/product/equities/IT0005594418-EXGM;https://geco.amf-france.org
ES0105719001;NORTEM BIOGROUP;broker_pea_confirmed;GAP_CRITIQUE_PEA;Confirmation officielle requise, jamais déduite;https://live.euronext.com/en/product/equities/ES0105719001-XMLI;https://geco.amf-france.org
IT0005025355;NOTORIOUS PICTURES;broker_pea_confirmed;GAP_CRITIQUE_PEA;Confirmation officielle requise, jamais déduite;https://live.euronext.com/en/product/equities/IT0005025355-EXGM;https://geco.amf-france.org
IT0005605701;NOVAMARINE;broker_pea_confirmed;GAP_CRITIQUE_PEA;Confirmation officielle requise, jamais déduite;https://live.euronext.com/en/product/equities/IT0005605701-EXGM;https://geco.amf-france.org
FR0000185464;NOVATECH IND.;broker_pea_confirmed;GAP_CRITIQUE_PEA;Confirmation officielle requise, jamais déduite;https://live.euronext.com/en/product/equities/FR0000185464-XMLI;https://geco.amf-france.org
IT0005453110;NUSCO;broker_pea_confirmed;GAP_CRITIQUE_PEA;Confirmation officielle requise, jamais déduite;https://live.euronext.com/en/product/equities/IT0005453110-EXGM;https://geco.amf-france.org
FR0013310281;OCTOPUS BIOSAFETY;broker_pea_confirmed;GAP_CRITIQUE_PEA;Confirmation officielle requise, jamais déduite;https://live.euronext.com/en/product/equities/FR0013310281-XMLI;https://geco.amf-france.org
FR0014010DV3;ODIOT HOLDING;broker_pea_confirmed;GAP_CRITIQUE_PEA;Confirmation officielle requise, jamais déduite;https://live.euronext.com/en/product/equities/FR0014010DV3-XMLI;https://geco.amf-france.org
IT0005374035;OFFICINA STELLARE;broker_pea_confirmed;GAP_CRITIQUE_PEA;Confirmation officielle requise, jamais déduite;https://live.euronext.com/en/product/equities/IT0005374035-EXGM;https://geco.amf-france.org
IT0005453748;OMER;broker_pea_confirmed;GAP_CRITIQUE_PEA;Confirmation officielle requise, jamais déduite;https://live.euronext.com/en/product/equities/IT0005453748-EXGM;https://geco.amf-france.org
FR0004174712;ONLINEFORMAPRO;broker_pea_confirmed;GAP_CRITIQUE_PEA;Confirmation officielle requise, jamais déduite;https://live.euronext.com/en/product/equities/FR0004174712-XMLI;https://geco.amf-france.org
IT0005713646;OPT;broker_pea_confirmed;GAP_CRITIQUE_PEA;Confirmation officielle requise, jamais déduite;https://live.euronext.com/en/product/equities/IT0005713646-EXGM;https://geco.amf-france.org
IT0005424830;OSAI AUTOMATION SYSTEM;broker_pea_confirmed;GAP_CRITIQUE_PEA;Confirmation officielle requise, jamais déduite;https://live.euronext.com/en/product/equities/IT0005424830-EXGM;https://geco.amf-france.org
IT0005663361;OTOFARMA;broker_pea_confirmed;GAP_CRITIQUE_PEA;Confirmation officielle requise, jamais déduite;https://live.euronext.com/en/product/equities/IT0005663361-EXGM;https://geco.amf-france.org
FR0000077992;PACTE NOVATION;broker_pea_confirmed;GAP_CRITIQUE_PEA;Confirmation officielle requise, jamais déduite;https://live.euronext.com/en/product/equities/FR0000077992-XMLI;https://geco.amf-france.org
NL0012650535;PARX MATERIALS NV;broker_pea_confirmed;GAP_CRITIQUE_PEA;Confirmation officielle requise, jamais déduite;https://live.euronext.com/en/product/equities/NL0012650535-XMLI;https://geco.amf-france.org
IT0005546319;PASQUARELLI AUTO;broker_pea_confirmed;GAP_CRITIQUE_PEA;Confirmation officielle requise, jamais déduite;https://live.euronext.com/en/product/equities/IT0005546319-EXGM;https://geco.amf-france.org
FR0000038465;PASSAT;broker_pea_confirmed;GAP_CRITIQUE_PEA;Confirmation officielle requise, jamais déduite;https://live.euronext.com/en/product/equities/FR0000038465-ALXP;https://geco.amf-france.org
IT0005378143;PATTERN;broker_pea_confirmed;GAP_CRITIQUE_PEA;Confirmation officielle requise, jamais déduite;https://live.euronext.com/en/product/equities/IT0005378143-EXGM;https://geco.amf-france.org
FR0000185480;PHONE WEB;broker_pea_confirmed;GAP_CRITIQUE_PEA;Confirmation officielle requise, jamais déduite;https://live.euronext.com/en/product/equities/FR0000185480-XMLI;https://geco.amf-france.org
BE0948608451;PHOTONIKE CAPITAL;broker_pea_confirmed;GAP_CRITIQUE_PEA;Confirmation officielle requise, jamais déduite;https://live.euronext.com/en/product/equities/BE0948608451-XMLI;https://geco.amf-france.org
FR0000030769;PLACOPLATRE;broker_pea_confirmed;GAP_CRITIQUE_PEA;Confirmation officielle requise, jamais déduite;https://live.euronext.com/en/product/equities/FR0000030769-XMLI;https://geco.amf-france.org
IT0005430951;PLANETEL;broker_pea_confirmed;GAP_CRITIQUE_PEA;Confirmation officielle requise, jamais déduite;https://live.euronext.com/en/product/equities/IT0005430951-EXGM;https://geco.amf-france.org
FR0013252186;PLAST.VAL LOIRE;broker_pea_confirmed;GAP_CRITIQUE_PEA;Confirmation officielle requise, jamais déduite;https://live.euronext.com/en/product/equities/FR0013252186-ALXP;https://geco.amf-france.org
IT0004587470;POLIGRAFICI PRINTING;broker_pea_confirmed;GAP_CRITIQUE_PEA;Confirmation officielle requise, jamais déduite;https://live.euronext.com/en/product/equities/IT0004587470-EXGM;https://geco.amf-france.org
IT0005545238;PORTO AVIATION GROUP;broker_pea_confirmed;GAP_CRITIQUE_PEA;Confirmation officielle requise, jamais déduite;https://live.euronext.com/en/product/equities/IT0005545238-EXGM;https://geco.amf-france.org
IT0005337495;PORTOBELLO;broker_pea_confirmed;GAP_CRITIQUE_PEA;Confirmation officielle requise, jamais déduite;https://live.euronext.com/en/product/equities/IT0005337495-EXGM;https://geco.amf-france.org
IT0005353815;POWERSOFT;broker_pea_confirmed;GAP_CRITIQUE_PEA;Confirmation officielle requise, jamais déduite;https://live.euronext.com/en/product/equities/IT0005353815-EXGM;https://geco.amf-france.org
IT0005499949;POZZI MILANO;broker_pea_confirmed;GAP_CRITIQUE_PEA;Confirmation officielle requise, jamais déduite;https://live.euronext.com/en/product/equities/IT0005499949-EXGM;https://geco.amf-france.org
FR001400WXE7;PREATONI GROUP;broker_pea_confirmed;GAP_CRITIQUE_PEA;Confirmation officielle requise, jamais déduite;https://live.euronext.com/en/product/equities/FR001400WXE7-ALXP;https://geco.amf-france.org
IT0005611071;PREDICT;broker_pea_confirmed;GAP_CRITIQUE_PEA;Confirmation officielle requise, jamais déduite;https://live.euronext.com/en/product/equities/IT0005611071-EXGM;https://geco.amf-france.org
FR0014011SJ4;PRELUDE S.A.;broker_pea_confirmed;GAP_CRITIQUE_PEA;Confirmation officielle requise, jamais déduite;https://live.euronext.com/en/product/equities/FR0014011SJ4-XMLI;https://geco.amf-france.org
IT0005442154;PREMIA FINANCE;broker_pea_confirmed;GAP_CRITIQUE_PEA;Confirmation officielle requise, jamais déduite;https://live.euronext.com/en/product/equities/IT0005442154-EXGM;https://geco.amf-france.org
IT0005425365;PROMOTICA;broker_pea_confirmed;GAP_CRITIQUE_PEA;Confirmation officielle requise, jamais déduite;https://live.euronext.com/en/product/equities/IT0005425365-EXGM;https://geco.amf-france.org
FR0000061376;PROPRIETE IMMEUBLES;broker_pea_confirmed;GAP_CRITIQUE_PEA;Confirmation officielle requise, jamais déduite;https://live.euronext.com/en/product/equities/FR0000061376-XMLI;https://geco.amf-france.org
NL0015002E73;PRYME N.V.;broker_pea_confirmed;GAP_CRITIQUE_PEA;Confirmation officielle requise, jamais déduite;https://live.euronext.com/en/product/equities/NL0015002E73-MERK;https://geco.amf-france.org
FR0013371507;PYRATZ CORP.;broker_pea_confirmed;GAP_CRITIQUE_PEA;Confirmation officielle requise, jamais déduite;https://live.euronext.com/en/product/equities/FR0013371507-XMLI;https://geco.amf-france.org
DE000A2G8ZX8;PYRUM INNOVATIONS AG;broker_pea_confirmed;GAP_CRITIQUE_PEA;Confirmation officielle requise, jamais déduite;https://live.euronext.com/en/product/equities/DE000A2G8ZX8-MERK;https://geco.amf-france.org
IT0005676140;Piu' Medical;broker_pea_confirmed;GAP_CRITIQUE_PEA;Confirmation officielle requise, jamais déduite;https://live.euronext.com/en/product/equities/IT0005676140-EXGM;https://geco.amf-france.org
IT0005379737;RADICI;broker_pea_confirmed;GAP_CRITIQUE_PEA;Confirmation officielle requise, jamais déduite;https://live.euronext.com/en/product/equities/IT0005379737-EXGM;https://geco.amf-france.org
PTRIZ0AM0009;RAIZE-INSTITUICAO DE PAGAMENTOS S.A.;broker_pea_confirmed;GAP_CRITIQUE_PEA;Confirmation officielle requise, jamais déduite;https://live.euronext.com/en/product/equities/PTRIZ0AM0009-ENXL;https://geco.amf-france.org
BE0003841583;REALCO;broker_pea_confirmed;GAP_CRITIQUE_PEA;Confirmation officielle requise, jamais déduite;https://live.euronext.com/en/product/equities/BE0003841583-MLXB;https://geco.amf-france.org
IT0005496101;REDELFI;broker_pea_confirmed;GAP_CRITIQUE_PEA;Confirmation officielle requise, jamais déduite;https://live.euronext.com/en/product/equities/IT0005496101-EXGM;https://geco.amf-france.org
IT0005549354;REDFISH LONGTERM CAPITAL;broker_pea_confirmed;GAP_CRITIQUE_PEA;Confirmation officielle requise, jamais déduite;https://live.euronext.com/en/product/equities/IT0005549354-EXGM;https://geco.amf-france.org
NL0015001BF4;REFUELS N.V.;broker_pea_confirmed;GAP_CRITIQUE_PEA;Confirmation officielle requise, jamais déduite;https://live.euronext.com/en/product/equities/NL0015001BF4-MERK;https://geco.amf-france.org
BE0003829463;REIBEL;broker_pea_confirmed;GAP_CRITIQUE_PEA;Confirmation officielle requise, jamais déduite;https://live.euronext.com/en/product/equities/BE0003829463-MLXB;https://geco.amf-france.org
IT0005500571;RENOVALO;broker_pea_confirmed;GAP_CRITIQUE_PEA;Confirmation officielle requise, jamais déduite;https://live.euronext.com/en/product/equities/IT0005500571-EXGM;https://geco.amf-france.org
IT0005543613;RES;broker_pea_confirmed;GAP_CRITIQUE_PEA;Confirmation officielle requise, jamais déduite;https://live.euronext.com/en/product/equities/IT0005543613-EXGM;https://geco.amf-france.org
IT0005418204;RETI;broker_pea_confirmed;GAP_CRITIQUE_PEA;Confirmation officielle requise, jamais déduite;https://live.euronext.com/en/product/equities/IT0005418204-EXGM;https://geco.amf-france.org
IT0005528069;REWAY GROUP;broker_pea_confirmed;GAP_CRITIQUE_PEA;Confirmation officielle requise, jamais déduite;https://live.euronext.com/en/product/equities/IT0005528069-EXGM;https://geco.amf-france.org
ES0105724001;RIBA MUNDO TECNOLOGIA;broker_pea_confirmed;GAP_CRITIQUE_PEA;Confirmation officielle requise, jamais déduite;https://live.euronext.com/en/product/equities/ES0105724001-EXGM;https://geco.amf-france.org
IT0005663429;RINO PETINO;broker_pea_confirmed;GAP_CRITIQUE_PEA;Confirmation officielle requise, jamais déduite;https://live.euronext.com/en/product/equities/IT0005663429-EXGM;https://geco.amf-france.org
FR00140164Q1;RISING STONE S.A;broker_pea_confirmed;GAP_CRITIQUE_PEA;Confirmation officielle requise, jamais déduite;https://live.euronext.com/en/product/equities/FR00140164Q1-ALXP;https://geco.amf-france.org
IT0005481830;ROCKET SHARING COMPANY;broker_pea_confirmed;GAP_CRITIQUE_PEA;Confirmation officielle requise, jamais déduite;https://live.euronext.com/en/product/equities/IT0005481830-EXGM;https://geco.amf-france.org
IT0001017851;ROSETTI MARINO;broker_pea_confirmed;GAP_CRITIQUE_PEA;Confirmation officielle requise, jamais déduite;https://live.euronext.com/en/product/equities/IT0001017851-EXGM;https://geco.amf-france.org
FR001400EA65;ROTH MIONS S.A.;broker_pea_confirmed;GAP_CRITIQUE_PEA;Confirmation officielle requise, jamais déduite;https://live.euronext.com/en/product/equities/FR001400EA65-XMLI;https://geco.amf-france.org
IT0005680373;RT&L;broker_pea_confirmed;GAP_CRITIQUE_PEA;Confirmation officielle requise, jamais déduite;https://live.euronext.com/en/product/equities/IT0005680373-EXGM;https://geco.amf-france.org
IT0005521551;SACCHERIA F.LLI FRANCESCHETTI;broker_pea_confirmed;GAP_CRITIQUE_PEA;Confirmation officielle requise, jamais déduite;https://live.euronext.com/en/product/equities/IT0005521551-EXGM;https://geco.amf-france.org
FR0013155975;SAVONNERIE NYONS;broker_pea_confirmed;GAP_CRITIQUE_PEA;Confirmation officielle requise, jamais déduite;https://live.euronext.com/en/product/equities/FR0013155975-XMLI;https://geco.amf-france.org
IT0005568461;SBE-VARVIT;broker_pea_confirmed;GAP_CRITIQUE_PEA;Confirmation officielle requise, jamais déduite;https://live.euronext.com/en/product/equities/IT0005568461-EXGM;https://geco.amf-france.org
FR0010972091;SCEMI;broker_pea_confirmed;GAP_CRITIQUE_PEA;Confirmation officielle requise, jamais déduite;https://live.euronext.com/en/product/equities/FR0010972091-XMLI;https://geco.amf-france.org
ES0105592002;SCIENTIA SCHOOL S.A.;broker_pea_confirmed;GAP_CRITIQUE_PEA;Confirmation officielle requise, jamais déduite;https://live.euronext.com/en/product/equities/ES0105592002-XMLI;https://geco.amf-france.org
IT0005340051;SCIUKER FRAMES;broker_pea_confirmed;GAP_CRITIQUE_PEA;Confirmation officielle requise, jamais déduite;https://live.euronext.com/en/product/equities/IT0005340051-EXGM;https://geco.amf-france.org
NL0010623518;SEQUA PETROLEUM NV;broker_pea_confirmed;GAP_CRITIQUE_PEA;Confirmation officielle requise, jamais déduite;https://live.euronext.com/en/product/equities/NL0010623518-XMLI;https://geco.amf-france.org
FR0011950682;SERGEFERRARI GROUP;broker_pea_confirmed;GAP_CRITIQUE_PEA;Confirmation officielle requise, jamais déduite;https://live.euronext.com/en/product/equities/FR0011950682-ALXP;https://geco.amf-france.org
IT0005337172;SG COMPANY;broker_pea_confirmed;GAP_CRITIQUE_PEA;Confirmation officielle requise, jamais déduite;https://live.euronext.com/en/product/equities/IT0005337172-EXGM;https://geco.amf-france.org
IT0005504128;SIAV;broker_pea_confirmed;GAP_CRITIQUE_PEA;Confirmation officielle requise, jamais déduite;https://live.euronext.com/en/product/equities/IT0005504128-EXGM;https://geco.amf-france.org
IT0005556581;SICILY BY CAR;broker_pea_confirmed;GAP_CRITIQUE_PEA;Confirmation officielle requise, jamais déduite;https://live.euronext.com/en/product/equities/IT0005556581-EXGM;https://geco.amf-france.org
IT0005573123;SIMONE;broker_pea_confirmed;GAP_CRITIQUE_PEA;Confirmation officielle requise, jamais déduite;https://live.euronext.com/en/product/equities/IT0005573123-EXGM;https://geco.amf-france.org
FR0014017FP5;SIRIUS MEDIA;broker_pea_confirmed;GAP_CRITIQUE_PEA;Confirmation officielle requise, jamais déduite;https://live.euronext.com/en/product/equities/FR0014017FP5-ALXP;https://geco.amf-france.org
FR0011131788;SMALTO;broker_pea_confirmed;GAP_CRITIQUE_PEA;Confirmation officielle requise, jamais déduite;https://live.euronext.com/en/product/equities/FR0011131788-XMLI;https://geco.amf-france.org
IT0005621070;SMART CAPITAL;broker_pea_confirmed;GAP_CRITIQUE_PEA;Confirmation officielle requise, jamais déduite;https://live.euronext.com/en/product/equities/IT0005621070-EXGM;https://geco.amf-france.org
FR0000078321;SODITECH;broker_pea_confirmed;GAP_CRITIQUE_PEA;Confirmation officielle requise, jamais déduite;https://live.euronext.com/en/product/equities/FR0000078321-ALXP;https://geco.amf-france.org
IT0005597411;SOGES GROUP;broker_pea_confirmed;GAP_CRITIQUE_PEA;Confirmation officielle requise, jamais déduite;https://live.euronext.com/en/product/equities/IT0005597411-EXGM;https://geco.amf-france.org
IT0005497893;SOLID WORLD GROUP;broker_pea_confirmed;GAP_CRITIQUE_PEA;Confirmation officielle requise, jamais déduite;https://live.euronext.com/en/product/equities/IT0005497893-EXGM;https://geco.amf-france.org
PTSNG0AM0007;SONAGI;broker_pea_confirmed;GAP_CRITIQUE_PEA;Confirmation officielle requise, jamais déduite;https://live.euronext.com/en/product/equities/PTSNG0AM0007-ENXL;https://geco.amf-france.org
IT0005338675;SOSTRAVEL.COM;broker_pea_confirmed;GAP_CRITIQUE_PEA;Confirmation officielle requise, jamais déduite;https://live.euronext.com/en/product/equities/IT0005338675-EXGM;https://geco.amf-france.org
FR0000054371;SPEED RABBIT PIZZA;broker_pea_confirmed;GAP_CRITIQUE_PEA;Confirmation officielle requise, jamais déduite;https://live.euronext.com/en/product/equities/FR0000054371-XMLI;https://geco.amf-france.org
IT0005466195;STAR7;broker_pea_confirmed;GAP_CRITIQUE_PEA;Confirmation officielle requise, jamais déduite;https://live.euronext.com/en/product/equities/IT0005466195-EXGM;https://geco.amf-france.org
FR0000063976;STREIT MECANIQUE;broker_pea_confirmed;GAP_CRITIQUE_PEA;Confirmation officielle requise, jamais déduite;https://live.euronext.com/en/product/equities/FR0000063976-XMLI;https://geco.amf-france.org
IT0005469264;SVAS BIOSANA;broker_pea_confirmed;GAP_CRITIQUE_PEA;Confirmation officielle requise, jamais déduite;https://live.euronext.com/en/product/equities/IT0005469264-EXGM;https://geco.amf-france.org
PTSCB0AM0001;Sporting Clube de Braga;broker_pea_confirmed;GAP_CRITIQUE_PEA;Confirmation officielle requise, jamais déduite;https://live.euronext.com/en/product/equities/PTSCB0AM0001-ENXL;https://geco.amf-france.org
IT0005378333;TALEA GROUP;broker_pea_confirmed;GAP_CRITIQUE_PEA;Confirmation officielle requise, jamais déduite;https://live.euronext.com/en/product/equities/IT0005378333-EXGM;https://geco.amf-france.org
IT0005425050;TECMA SOLUTIONS;broker_pea_confirmed;GAP_CRITIQUE_PEA;Confirmation officielle requise, jamais déduite;https://live.euronext.com/en/product/equities/IT0005425050-EXGM;https://geco.amf-france.org
IT0005658841;TECNO;broker_pea_confirmed;GAP_CRITIQUE_PEA;Confirmation officielle requise, jamais déduite;https://live.euronext.com/en/product/equities/IT0005658841-EXGM;https://geco.amf-france.org
IT0005240046;TELESIA;broker_pea_confirmed;GAP_CRITIQUE_PEA;Confirmation officielle requise, jamais déduite;https://live.euronext.com/en/product/equities/IT0005240046-EXGM;https://geco.amf-france.org
FR0011076595;TELEVISTA;broker_pea_confirmed;GAP_CRITIQUE_PEA;Confirmation officielle requise, jamais déduite;https://live.euronext.com/en/product/equities/FR0011076595-XMLI;https://geco.amf-france.org
IT0005683401;TELMES;broker_pea_confirmed;GAP_CRITIQUE_PEA;Confirmation officielle requise, jamais déduite;https://live.euronext.com/en/product/equities/IT0005683401-EXGM;https://geco.amf-france.org
IT0005428898;TENAX INTERNATIONAL;broker_pea_confirmed;GAP_CRITIQUE_PEA;Confirmation officielle requise, jamais déduite;https://live.euronext.com/en/product/equities/IT0005428898-EXGM;https://geco.amf-france.org
NL00150001S5;THE KINGFISH COMPANY;broker_pea_confirmed;GAP_CRITIQUE_PEA;Confirmation officielle requise, jamais déduite;https://live.euronext.com/en/product/equities/NL00150001S5-MERK;https://geco.amf-france.org
IT0005531238;TMP GROUP;broker_pea_confirmed;GAP_CRITIQUE_PEA;Confirmation officielle requise, jamais déduite;https://live.euronext.com/en/product/equities/IT0005531238-EXGM;https://geco.amf-france.org
IT0005246142;TPS;broker_pea_confirmed;GAP_CRITIQUE_PEA;Confirmation officielle requise, jamais déduite;https://live.euronext.com/en/product/equities/IT0005246142-EXGM;https://geco.amf-france.org
FR0014014ZV8;TRACTIAL (ex-BD MULTI MEDIA);broker_pea_confirmed;GAP_CRITIQUE_PEA;Confirmation officielle requise, jamais déduite;https://live.euronext.com/en/product/equities/FR0014014ZV8-ALXP;https://geco.amf-france.org
IT0005651507;TRADELAB;broker_pea_confirmed;GAP_CRITIQUE_PEA;Confirmation officielle requise, jamais déduite;https://live.euronext.com/en/product/equities/IT0005651507-EXGM;https://geco.amf-france.org
IT0005717571;TRAWELL CO;broker_pea_confirmed;GAP_CRITIQUE_PEA;Confirmation officielle requise, jamais déduite;https://live.euronext.com/en/product/equities/IT0005717571-EXGM;https://geco.amf-france.org
FR0000031106;TROC ILE;broker_pea_confirmed;GAP_CRITIQUE_PEA;Confirmation officielle requise, jamais déduite;https://live.euronext.com/en/product/equities/FR0000031106-XMLI;https://geco.amf-france.org
IT0005380461;UCAPITAL24;broker_pea_confirmed;GAP_CRITIQUE_PEA;Confirmation officielle requise, jamais déduite;https://live.euronext.com/en/product/equities/IT0005380461-EXGM;https://geco.amf-france.org
FR0011776889;UMALIS GROUP;broker_pea_confirmed;GAP_CRITIQUE_PEA;Confirmation officielle requise, jamais déduite;https://live.euronext.com/en/product/equities/FR0011776889-XMLI;https://geco.amf-france.org
IT0005628158;Ubaldi Costruzioni;broker_pea_confirmed;GAP_CRITIQUE_PEA;Confirmation officielle requise, jamais déduite;https://live.euronext.com/en/product/equities/IT0005628158-EXGM;https://geco.amf-france.org
IT0005562514;VALICA;broker_pea_confirmed;GAP_CRITIQUE_PEA;Confirmation officielle requise, jamais déduite;https://live.euronext.com/en/product/equities/IT0005562514-EXGM;https://geco.amf-france.org
IT0005532525;VALTECNE;broker_pea_confirmed;GAP_CRITIQUE_PEA;Confirmation officielle requise, jamais déduite;https://live.euronext.com/en/product/equities/IT0005532525-EXGM;https://geco.amf-france.org
IT0005433765;VANTEA SMART;broker_pea_confirmed;GAP_CRITIQUE_PEA;Confirmation officielle requise, jamais déduite;https://live.euronext.com/en/product/equities/IT0005433765-EXGM;https://geco.amf-france.org
FR0014010YR7;VERGNET;broker_pea_confirmed;GAP_CRITIQUE_PEA;Confirmation officielle requise, jamais déduite;https://live.euronext.com/en/product/equities/FR0014010YR7-ALXP;https://geco.amf-france.org
IT0004717200;VIMI FASTENERS;broker_pea_confirmed;GAP_CRITIQUE_PEA;Confirmation officielle requise, jamais déduite;https://live.euronext.com/en/product/equities/IT0004717200-EXGM;https://geco.amf-france.org
IT0005652414;VINEXT;broker_pea_confirmed;GAP_CRITIQUE_PEA;Confirmation officielle requise, jamais déduite;https://live.euronext.com/en/product/equities/IT0005652414-EXGM;https://geco.amf-france.org
IT0005622581;VIVENDA GROUP;broker_pea_confirmed;GAP_CRITIQUE_PEA;Confirmation officielle requise, jamais déduite;https://live.euronext.com/en/product/equities/IT0005622581-EXGM;https://geco.amf-france.org
IT0005556110;VNE;broker_pea_confirmed;GAP_CRITIQUE_PEA;Confirmation officielle requise, jamais déduite;https://live.euronext.com/en/product/equities/IT0005556110-EXGM;https://geco.amf-france.org
FR0010688465;WEACCESS GROUP;broker_pea_confirmed;GAP_CRITIQUE_PEA;Confirmation officielle requise, jamais déduite;https://live.euronext.com/en/product/equities/FR0010688465-XMLI;https://geco.amf-france.org
IT0005384901;WEBSOLUTE;broker_pea_confirmed;GAP_CRITIQUE_PEA;Confirmation officielle requise, jamais déduite;https://live.euronext.com/en/product/equities/IT0005384901-EXGM;https://geco.amf-france.org
FR0010768770;WEYA;broker_pea_confirmed;GAP_CRITIQUE_PEA;Confirmation officielle requise, jamais déduite;https://live.euronext.com/en/product/equities/FR0010768770-XMLI;https://geco.amf-france.org
IT0005568487;XENIA HOTELLERIE SOLUTION;broker_pea_confirmed;GAP_CRITIQUE_PEA;Confirmation officielle requise, jamais déduite;https://live.euronext.com/en/product/equities/IT0005568487-EXGM;https://geco.amf-france.org
IT0005573966;YAKKYO;broker_pea_confirmed;GAP_CRITIQUE_PEA;Confirmation officielle requise, jamais déduite;https://live.euronext.com/en/product/equities/IT0005573966-EXGM;https://geco.amf-france.org
IT0005495871;YOLO GROUP;broker_pea_confirmed;GAP_CRITIQUE_PEA;Confirmation officielle requise, jamais déduite;https://live.euronext.com/en/product/equities/IT0005495871-EXGM;https://geco.amf-france.org
IT0005672461;gAIn360;broker_pea_confirmed;GAP_CRITIQUE_PEA;Confirmation officielle requise, jamais déduite;https://live.euronext.com/en/product/equities/IT0005672461-EXGM;https://geco.amf-france.org
FR0013341781;2CRSI;broker_pea_confirmed;GAP_CRITIQUE_PEA;Confirmation officielle requise, jamais déduite;https://live.euronext.com/en/product/equities/FR0013341781-ALXP;https://geco.amf-france.org
FR0014011O84;ACHETER-LOUER.FR;broker_pea_confirmed;GAP_CRITIQUE_PEA;Confirmation officielle requise, jamais déduite;https://live.euronext.com/en/product/equities/FR0014011O84-ALXP;https://geco.amf-france.org
FR0000076655;ACTIA GROUP S.A.;broker_pea_confirmed;GAP_CRITIQUE_PEA;Confirmation officielle requise, jamais déduite;https://live.euronext.com/en/product/equities/FR0000076655-ALXP;https://geco.amf-france.org
FR0013284627;ADEUNIS;broker_pea_confirmed;GAP_CRITIQUE_PEA;Confirmation officielle requise, jamais déduite;https://live.euronext.com/en/product/equities/FR0013284627-ALXP;https://geco.amf-france.org
FR0012821890;ADUX;broker_pea_confirmed;GAP_CRITIQUE_PEA;Confirmation officielle requise, jamais déduite;https://live.euronext.com/en/product/equities/FR0012821890-ALXP;https://geco.amf-france.org
FR0013296746;ADVICENNE;broker_pea_confirmed;GAP_CRITIQUE_PEA;Confirmation officielle requise, jamais déduite;https://live.euronext.com/en/product/equities/FR0013296746-ALXP;https://geco.amf-france.org
FR0000053043;ADVINI;broker_pea_confirmed;GAP_CRITIQUE_PEA;Confirmation officielle requise, jamais déduite;https://live.euronext.com/en/product/equities/FR0000053043-ALXP;https://geco.amf-france.org
FR0014005AC9;AFYREN;broker_pea_confirmed;GAP_CRITIQUE_PEA;Confirmation officielle requise, jamais déduite;https://live.euronext.com/en/product/equities/FR0014005AC9-ALXP;https://geco.amf-france.org
FR0013452281;AGRIPOWER;broker_pea_confirmed;GAP_CRITIQUE_PEA;Confirmation officielle requise, jamais déduite;https://live.euronext.com/en/product/equities/FR0013452281-ALXP;https://geco.amf-france.org
FR0000061244;ALTHEORA;broker_pea_confirmed;GAP_CRITIQUE_PEA;Confirmation officielle requise, jamais déduite;https://live.euronext.com/en/product/equities/FR0000061244-ALXP;https://geco.amf-france.org
FR0011051598;AMOEBA;broker_pea_confirmed;GAP_CRITIQUE_PEA;Confirmation officielle requise, jamais déduite;https://live.euronext.com/en/product/equities/FR0011051598-ALXP;https://geco.amf-france.org
FR0010340711;AQUILA;broker_pea_confirmed;GAP_CRITIQUE_PEA;Confirmation officielle requise, jamais déduite;https://live.euronext.com/en/product/equities/FR0010340711-ALXP;https://geco.amf-france.org
FR001400KO61;ARCHOS;broker_pea_confirmed;GAP_CRITIQUE_PEA;Confirmation officielle requise, jamais déduite;https://live.euronext.com/en/product/equities/FR001400KO61-ALXP;https://geco.amf-france.org
FR0013398997;ARCURE;broker_pea_confirmed;GAP_CRITIQUE_PEA;Confirmation officielle requise, jamais déduite;https://live.euronext.com/en/product/equities/FR0013398997-ALXP;https://geco.amf-france.org
FR0004153930;ATON;broker_pea_confirmed;GAP_CRITIQUE_PEA;Confirmation officielle requise, jamais déduite;https://live.euronext.com/en/product/equities/FR0004153930-ALXP;https://geco.amf-france.org
FR00140059B5;AUDACIA;broker_pea_confirmed;GAP_CRITIQUE_PEA;Confirmation officielle requise, jamais déduite;https://live.euronext.com/en/product/equities/FR00140059B5-ALXP;https://geco.amf-france.org
FR0010641449;AgroGeneration;broker_pea_confirmed;GAP_CRITIQUE_PEA;Confirmation officielle requise, jamais déduite;https://live.euronext.com/en/product/equities/FR0010641449-ALXP;https://geco.amf-france.org
FR0013384369;BAIKOWSKI;broker_pea_confirmed;GAP_CRITIQUE_PEA;Confirmation officielle requise, jamais déduite;https://live.euronext.com/en/product/equities/FR0013384369-ALXP;https://geco.amf-france.org
FR0000066961;BERNARD LOISEAU;broker_pea_confirmed;GAP_CRITIQUE_PEA;Confirmation officielle requise, jamais déduite;https://live.euronext.com/en/product/equities/FR0000066961-ALXP;https://geco.amf-france.org
FR0004174233;BILENDI;broker_pea_confirmed;GAP_CRITIQUE_PEA;Confirmation officielle requise, jamais déduite;https://live.euronext.com/en/product/equities/FR0004174233-ALXP;https://geco.amf-france.org
FR0013345493;BIO-UV GROUP;broker_pea_confirmed;GAP_CRITIQUE_PEA;Confirmation officielle requise, jamais déduite;https://live.euronext.com/en/product/equities/FR0013345493-ALXP;https://geco.amf-france.org
FR001400OLP5;BIOPHYTIS;broker_pea_confirmed;GAP_CRITIQUE_PEA;Confirmation officielle requise, jamais déduite;https://live.euronext.com/en/product/equities/FR001400OLP5-ALXP;https://geco.amf-france.org
FR0011005933;BIOSYNEX;broker_pea_confirmed;GAP_CRITIQUE_PEA;Confirmation officielle requise, jamais déduite;https://live.euronext.com/en/product/equities/FR0011005933-ALXP;https://geco.amf-france.org
FR0011041011;BLUELINEA;broker_pea_confirmed;GAP_CRITIQUE_PEA;Confirmation officielle requise, jamais déduite;https://live.euronext.com/en/product/equities/FR0011041011-ALXP;https://geco.amf-france.org
FR0011365907;BOA CONCEPT;broker_pea_confirmed;GAP_CRITIQUE_PEA;Confirmation officielle requise, jamais déduite;https://live.euronext.com/en/product/equities/FR0011365907-ALXP;https://geco.amf-france.org
FR0000054421;BOURRELIER GROUP;broker_pea_confirmed;GAP_CRITIQUE_PEA;Confirmation officielle requise, jamais déduite;https://live.euronext.com/en/product/equities/FR0000054421-ALXP;https://geco.amf-france.org
FR001400AJZ7;BROADPEAK;broker_pea_confirmed;GAP_CRITIQUE_PEA;Confirmation officielle requise, jamais déduite;https://live.euronext.com/en/product/equities/FR001400AJZ7-ALXP;https://geco.amf-france.org
FR0010151589;CAFOM;broker_pea_confirmed;GAP_CRITIQUE_PEA;Confirmation officielle requise, jamais déduite;https://live.euronext.com/en/product/equities/FR0010151589-ALXP;https://geco.amf-france.org
FR0014004QR6;CALIBRE;broker_pea_confirmed;GAP_CRITIQUE_PEA;Confirmation officielle requise, jamais déduite;https://live.euronext.com/en/product/equities/FR0014004QR6-ALXP;https://geco.amf-france.org
BE0974298300;CANDELA INVEST;broker_pea_confirmed;GAP_CRITIQUE_PEA;Confirmation officielle requise, jamais déduite;https://live.euronext.com/en/product/equities/BE0974298300-ALXB;https://geco.amf-france.org
FR0011053636;CAPITAL B;broker_pea_confirmed;GAP_CRITIQUE_PEA;Confirmation officielle requise, jamais déduite;https://live.euronext.com/en/product/equities/FR0011053636-ALXP;https://geco.amf-france.org
FR0011648716;CARBIOS;broker_pea_confirmed;GAP_CRITIQUE_PEA;Confirmation officielle requise, jamais déduite;https://live.euronext.com/en/product/equities/FR0011648716-ALXP;https://geco.amf-france.org
FR0010193052;CATANA GROUP;broker_pea_confirmed;GAP_CRITIQUE_PEA;Confirmation officielle requise, jamais déduite;https://live.euronext.com/en/product/equities/FR0010193052-ALXP;https://geco.amf-france.org
FR0000064446;CATERING INTERNATIONAL & SERVICES S.A.;broker_pea_confirmed;GAP_CRITIQUE_PEA;Confirmation officielle requise, jamais déduite;https://live.euronext.com/en/product/equities/FR0000064446-ALXP;https://geco.amf-france.org
FR0000053506;CEGEDIM;broker_pea_confirmed;GAP_CRITIQUE_PEA;Confirmation officielle requise, jamais déduite;https://live.euronext.com/en/product/equities/FR0000053506-ALXP;https://geco.amf-france.org
FR0010425595;CELLECTIS;broker_pea_confirmed;GAP_CRITIQUE_PEA;Confirmation officielle requise, jamais déduite;https://live.euronext.com/en/product/equities/FR0010425595-ALXP;https://geco.amf-france.org
FR001400AJ60;CHARWOOD ENERGY S.A.;broker_pea_confirmed;GAP_CRITIQUE_PEA;Confirmation officielle requise, jamais déduite;https://live.euronext.com/en/product/equities/FR001400AJ60-ALXP;https://geco.amf-france.org
FR0000054322;CIBOX INTER A CTIV;broker_pea_confirmed;GAP_CRITIQUE_PEA;Confirmation officielle requise, jamais déduite;https://live.euronext.com/en/product/equities/FR0000054322-ALXP;https://geco.amf-france.org
BE0003519270;CO.BR.HA (D);broker_pea_confirmed;GAP_CRITIQUE_PEA;Confirmation officielle requise, jamais déduite;https://live.euronext.com/en/product/equities/BE0003519270-ALXB;https://geco.amf-france.org
FR0013257409;COFIDUR S.A.;broker_pea_confirmed;GAP_CRITIQUE_PEA;Confirmation officielle requise, jamais déduite;https://live.euronext.com/en/product/equities/FR0013257409-ALXP;https://geco.amf-france.org
FR0011071570;COGRA;broker_pea_confirmed;GAP_CRITIQUE_PEA;Confirmation officielle requise, jamais déduite;https://live.euronext.com/en/product/equities/FR0011071570-ALXP;https://geco.amf-france.org
BE0160342011;COIL;broker_pea_confirmed;GAP_CRITIQUE_PEA;Confirmation officielle requise, jamais déduite;https://live.euronext.com/en/product/equities/BE0160342011-ALXP;https://geco.amf-france.org
FR0011716265;CROSSJECT;broker_pea_confirmed;GAP_CRITIQUE_PEA;Confirmation officielle requise, jamais déduite;https://live.euronext.com/en/product/equities/FR0011716265-ALXP;https://geco.amf-france.org
FR0014007LW0;CRYPTO BLOCKCHAIN INDUSTRIES;broker_pea_confirmed;GAP_CRITIQUE_PEA;Confirmation officielle requise, jamais déduite;https://live.euronext.com/en/product/equities/FR0014007LW0-ALXP;https://geco.amf-france.org
FR0010404368;D.L.S.I.;broker_pea_confirmed;GAP_CRITIQUE_PEA;Confirmation officielle requise, jamais déduite;https://live.euronext.com/en/product/equities/FR0010404368-ALXP;https://geco.amf-france.org
FR0000185423;DAMARTEX;broker_pea_confirmed;GAP_CRITIQUE_PEA;Confirmation officielle requise, jamais déduite;https://live.euronext.com/en/product/equities/FR0000185423-ALXP;https://geco.amf-france.org
FR001400LO86;DBT;broker_pea_confirmed;GAP_CRITIQUE_PEA;Confirmation officielle requise, jamais déduite;https://live.euronext.com/en/product/equities/FR001400LO86-ALXP;https://geco.amf-france.org
FR0000054132;DELFINGEN INDUSTRY;broker_pea_confirmed;GAP_CRITIQUE_PEA;Confirmation officielle requise, jamais déduite;https://live.euronext.com/en/product/equities/FR0000054132-ALXP;https://geco.amf-france.org
FR0013283108;DELTA PLUS GROUP;broker_pea_confirmed;GAP_CRITIQUE_PEA;Confirmation officielle requise, jamais déduite;https://live.euronext.com/en/product/equities/FR0013283108-ALXP;https://geco.amf-france.org
FR0000060840;DEVERNOIS;broker_pea_confirmed;GAP_CRITIQUE_PEA;Confirmation officielle requise, jamais déduite;https://live.euronext.com/en/product/equities/FR0000060840-ALXP;https://geco.amf-france.org
FR0012202497;DIAGNOSTIC MEDICAL SYSTEMS;broker_pea_confirmed;GAP_CRITIQUE_PEA;Confirmation officielle requise, jamais déduite;https://live.euronext.com/en/product/equities/FR0012202497-ALXP;https://geco.amf-france.org
FR0010436584;DNXCORP;broker_pea_confirmed;GAP_CRITIQUE_PEA;Confirmation officielle requise, jamais déduite;https://live.euronext.com/en/product/equities/FR0010436584-ALXP;https://geco.amf-france.org
FR001400SP13;DOLFINES;broker_pea_confirmed;GAP_CRITIQUE_PEA;Confirmation officielle requise, jamais déduite;https://live.euronext.com/en/product/equities/FR001400SP13-ALXP;https://geco.amf-france.org
FR0013331212;DONTNOD Entertainment;broker_pea_confirmed;GAP_CRITIQUE_PEA;Confirmation officielle requise, jamais déduite;https://live.euronext.com/en/product/equities/FR0013331212-ALXP;https://geco.amf-france.org
FR001400SVN0;DRONE VOLT;broker_pea_confirmed;GAP_CRITIQUE_PEA;Confirmation officielle requise, jamais déduite;https://live.euronext.com/en/product/equities/FR001400SVN0-ALXP;https://geco.amf-france.org
FR0014004339;E-PANGO;broker_pea_confirmed;GAP_CRITIQUE_PEA;Confirmation officielle requise, jamais déduite;https://live.euronext.com/en/product/equities/FR0014004339-ALXP;https://geco.amf-france.org
FR0013534617;ECOMIAM SA;broker_pea_confirmed;GAP_CRITIQUE_PEA;Confirmation officielle requise, jamais déduite;https://live.euronext.com/en/product/equities/FR0013534617-ALXP;https://geco.amf-france.org
FR0011490648;ECOSLOPS;broker_pea_confirmed;GAP_CRITIQUE_PEA;Confirmation officielle requise, jamais déduite;https://live.euronext.com/en/product/equities/FR0011490648-ALXP;https://geco.amf-france.org
IT0005351504;EDILIZIACROBATICA;broker_pea_confirmed;GAP_CRITIQUE_PEA;Confirmation officielle requise, jamais déduite;https://live.euronext.com/en/product/equities/IT0005351504-ALXP;https://geco.amf-france.org
FR0000072373;EGIDE;broker_pea_confirmed;GAP_CRITIQUE_PEA;Confirmation officielle requise, jamais déduite;https://live.euronext.com/en/product/equities/FR0000072373-ALXP;https://geco.amf-france.org
FR0013356755;EMOVA GROUP;broker_pea_confirmed;GAP_CRITIQUE_PEA;Confirmation officielle requise, jamais déduite;https://live.euronext.com/en/product/equities/FR0013356755-ALXP;https://geco.amf-france.org
FR0004030708;ENCRES DUBUIT;broker_pea_confirmed;GAP_CRITIQUE_PEA;Confirmation officielle requise, jamais déduite;https://live.euronext.com/en/product/equities/FR0004030708-ALXP;https://geco.amf-france.org
FR0013330792;ENENSYS;broker_pea_confirmed;GAP_CRITIQUE_PEA;Confirmation officielle requise, jamais déduite;https://live.euronext.com/en/product/equities/FR0013330792-ALXP;https://geco.amf-france.org
FR0013399359;ENERGISME;broker_pea_confirmed;GAP_CRITIQUE_PEA;Confirmation officielle requise, jamais déduite;https://live.euronext.com/en/product/equities/FR0013399359-ALXP;https://geco.amf-france.org
FR0014004974;ENOGIA;broker_pea_confirmed;GAP_CRITIQUE_PEA;Confirmation officielle requise, jamais déduite;https://live.euronext.com/en/product/equities/FR0014004974-ALXP;https://geco.amf-france.org
FR0014004362;ENTECH;broker_pea_confirmed;GAP_CRITIQUE_PEA;Confirmation officielle requise, jamais déduite;https://live.euronext.com/en/product/equities/FR0014004362-ALXP;https://geco.amf-france.org
FR0010465534;EO2;broker_pea_confirmed;GAP_CRITIQUE_PEA;Confirmation officielle requise, jamais déduite;https://live.euronext.com/en/product/equities/FR0010465534-ALXP;https://geco.amf-france.org
FR0010424697;ETHERO;broker_pea_confirmed;GAP_CRITIQUE_PEA;Confirmation officielle requise, jamais déduite;https://live.euronext.com/en/product/equities/FR0010424697-ALXP;https://geco.amf-france.org
FR0010844001;EURASIA GROUPE;broker_pea_confirmed;GAP_CRITIQUE_PEA;Confirmation officielle requise, jamais déduite;https://live.euronext.com/en/product/equities/FR0010844001-ALXP;https://geco.amf-france.org
FR0013240934;EUROBIO-SCIENTIFIC;broker_pea_confirmed;GAP_CRITIQUE_PEA;Confirmation officielle requise, jamais déduite;https://live.euronext.com/en/product/equities/FR0013240934-ALXP;https://geco.amf-france.org
FR0013256518;EUROFINS CEREP;broker_pea_confirmed;GAP_CRITIQUE_PEA;Confirmation officielle requise, jamais déduite;https://live.euronext.com/en/product/equities/FR0013256518-ALXP;https://geco.amf-france.org
FR0010157115;EUROLAND CORPORATE;broker_pea_confirmed;GAP_CRITIQUE_PEA;Confirmation officielle requise, jamais déduite;https://live.euronext.com/en/product/equities/FR0010157115-ALXP;https://geco.amf-france.org
FR0010490920;EUROPACORP;broker_pea_confirmed;GAP_CRITIQUE_PEA;Confirmation officielle requise, jamais déduite;https://live.euronext.com/en/product/equities/FR0010490920-ALXP;https://geco.amf-france.org
FR0000064164;EXACOMPTA CLAIREFONTAINE;broker_pea_confirmed;GAP_CRITIQUE_PEA;Confirmation officielle requise, jamais déduite;https://live.euronext.com/en/product/equities/FR0000064164-ALXP;https://geco.amf-france.org
BE0974497290;European Medical Solutions;broker_pea_confirmed;GAP_CRITIQUE_PEA;Confirmation officielle requise, jamais déduite;https://live.euronext.com/en/product/equities/BE0974497290-ALXB;https://geco.amf-france.org
ES0105029005;FACEPHI;broker_pea_confirmed;GAP_CRITIQUE_PEA;Confirmation officielle requise, jamais déduite;https://live.euronext.com/en/product/equities/ES0105029005-ALXP;https://geco.amf-france.org
FR0011271600;FERMENTALG;broker_pea_confirmed;GAP_CRITIQUE_PEA;Confirmation officielle requise, jamais déduite;https://live.euronext.com/en/product/equities/FR0011271600-ALXP;https://geco.amf-france.org
FR001400AEM6;FILL UP MEDIA S.A.;broker_pea_confirmed;GAP_CRITIQUE_PEA;Confirmation officielle requise, jamais déduite;https://live.euronext.com/en/product/equities/FR001400AEM6-ALXP;https://geco.amf-france.org
FR0000074759;FLEURY MICHON;broker_pea_confirmed;GAP_CRITIQUE_PEA;Confirmation officielle requise, jamais déduite;https://live.euronext.com/en/product/equities/FR0000074759-ALXP;https://geco.amf-france.org
FR001400GO75;FLORENTAISE S.A.;broker_pea_confirmed;GAP_CRITIQUE_PEA;Confirmation officielle requise, jamais déduite;https://live.euronext.com/en/product/equities/FR001400GO75-ALXP;https://geco.amf-france.org
FR0010485268;FOUNTAINE PAJOT;broker_pea_confirmed;GAP_CRITIQUE_PEA;Confirmation officielle requise, jamais déduite;https://live.euronext.com/en/product/equities/FR0010485268-ALXP;https://geco.amf-france.org
FR0004187367;FREELANCE.COM;broker_pea_confirmed;GAP_CRITIQUE_PEA;Confirmation officielle requise, jamais déduite;https://live.euronext.com/en/product/equities/FR0004187367-ALXP;https://geco.amf-france.org
FR0000124414;GASCOGNE;broker_pea_confirmed;GAP_CRITIQUE_PEA;Confirmation officielle requise, jamais déduite;https://live.euronext.com/en/product/equities/FR0000124414-ALXP;https://geco.amf-france.org
FR001400M1R1;GECI INTL;broker_pea_confirmed;GAP_CRITIQUE_PEA;Confirmation officielle requise, jamais déduite;https://live.euronext.com/en/product/equities/FR001400M1R1-ALXP;https://geco.amf-france.org
FR0004053510;GENOWAY;broker_pea_confirmed;GAP_CRITIQUE_PEA;Confirmation officielle requise, jamais déduite;https://live.euronext.com/en/product/equities/FR0004053510-ALXP;https://geco.amf-france.org
FR0000033888;GEVELOT;broker_pea_confirmed;GAP_CRITIQUE_PEA;Confirmation officielle requise, jamais déduite;https://live.euronext.com/en/product/equities/FR0000033888-ALXP;https://geco.amf-france.org
FR0011208693;GOLD BY GOLD;broker_pea_confirmed;GAP_CRITIQUE_PEA;Confirmation officielle requise, jamais déduite;https://live.euronext.com/en/product/equities/FR0011208693-ALXP;https://geco.amf-france.org
IE000T78CHJ8;GREAT WESTERN MINING CORPORATION PLC;broker_pea_confirmed;GAP_CRITIQUE_PEA;Confirmation officielle requise, jamais déduite;https://live.euronext.com/en/product/equities/IE000T78CHJ8-XESM;https://geco.amf-france.org
IE00BF2NR112;GREENCOAT RENEWABLES PLC;broker_pea_confirmed;GAP_CRITIQUE_PEA;Confirmation officielle requise, jamais déduite;https://live.euronext.com/en/product/equities/IE00BF2NR112-XESM;https://geco.amf-france.org
FR0014005ZM5;GROLLEAU;broker_pea_confirmed;GAP_CRITIQUE_PEA;Confirmation officielle requise, jamais déduite;https://live.euronext.com/en/product/equities/FR0014005ZM5-ALXP;https://geco.amf-france.org
FR0014003V77;GROUPE AIRWELL;broker_pea_confirmed;GAP_CRITIQUE_PEA;Confirmation officielle requise, jamais déduite;https://live.euronext.com/en/product/equities/FR0014003V77-ALXP;https://geco.amf-france.org
FR0012819381;GROUPE GUILLIN;broker_pea_confirmed;GAP_CRITIQUE_PEA;Confirmation officielle requise, jamais déduite;https://live.euronext.com/en/product/equities/FR0012819381-ALXP;https://geco.amf-france.org
FR0000075442;GROUPE LDLC;broker_pea_confirmed;GAP_CRITIQUE_PEA;Confirmation officielle requise, jamais déduite;https://live.euronext.com/en/product/equities/FR0000075442-ALXP;https://geco.amf-france.org
FR0013439627;GROUPE OKWIND;broker_pea_confirmed;GAP_CRITIQUE_PEA;Confirmation officielle requise, jamais déduite;https://live.euronext.com/en/product/equities/FR0013439627-ALXP;https://geco.amf-france.org
FR0013429404;GROUPE TERA;broker_pea_confirmed;GAP_CRITIQUE_PEA;Confirmation officielle requise, jamais déduite;https://live.euronext.com/en/product/equities/FR0013429404-ALXP;https://geco.amf-france.org
FR0014000RP6;GROUPIMO;broker_pea_confirmed;GAP_CRITIQUE_PEA;Confirmation officielle requise, jamais déduite;https://live.euronext.com/en/product/equities/FR0014000RP6-ALXP;https://geco.amf-france.org
FR0014007ND6;HAFFNER ENERGY;broker_pea_confirmed;GAP_CRITIQUE_PEA;Confirmation officielle requise, jamais déduite;https://live.euronext.com/en/product/equities/FR0014007ND6-ALXP;https://geco.amf-france.org
FR0000066540;HERIGE;broker_pea_confirmed;GAP_CRITIQUE_PEA;Confirmation officielle requise, jamais déduite;https://live.euronext.com/en/product/equities/FR0000066540-ALXP;https://geco.amf-france.org
FR0004159473;HEXAOM;broker_pea_confirmed;GAP_CRITIQUE_PEA;Confirmation officielle requise, jamais déduite;https://live.euronext.com/en/product/equities/FR0004159473-ALXP;https://geco.amf-france.org
FR0000038531;HF COMPANY;broker_pea_confirmed;GAP_CRITIQUE_PEA;Confirmation officielle requise, jamais déduite;https://live.euronext.com/en/product/equities/FR0000038531-ALXP;https://geco.amf-france.org
FR0012821916;HIPAY GROUP;broker_pea_confirmed;GAP_CRITIQUE_PEA;Confirmation officielle requise, jamais déduite;https://live.euronext.com/en/product/equities/FR0012821916-ALXP;https://geco.amf-france.org
FR0010396309;HITECHPROS;broker_pea_confirmed;GAP_CRITIQUE_PEA;Confirmation officielle requise, jamais déduite;https://live.euronext.com/en/product/equities/FR0010396309-ALXP;https://geco.amf-france.org
FR0013451044;HOFFMANN;broker_pea_confirmed;GAP_CRITIQUE_PEA;Confirmation officielle requise, jamais déduite;https://live.euronext.com/en/product/equities/FR0013451044-ALXP;https://geco.amf-france.org
FR0014010QE1;HOPIUM;broker_pea_confirmed;GAP_CRITIQUE_PEA;Confirmation officielle requise, jamais déduite;https://live.euronext.com/en/product/equities/FR0014010QE1-ALXP;https://geco.amf-france.org
FR0000065278;HOPSCOTCH GROUPE;broker_pea_confirmed;GAP_CRITIQUE_PEA;Confirmation officielle requise, jamais déduite;https://live.euronext.com/en/product/equities/FR0000065278-ALXP;https://geco.amf-france.org
FR0014007LQ2;HUNYVERS;broker_pea_confirmed;GAP_CRITIQUE_PEA;Confirmation officielle requise, jamais déduite;https://live.euronext.com/en/product/equities/FR0014007LQ2-ALXP;https://geco.amf-france.org
FR0014001PM5;HYDROGEN-REFUELING-SOLUTIONS;broker_pea_confirmed;GAP_CRITIQUE_PEA;Confirmation officielle requise, jamais déduite;https://live.euronext.com/en/product/equities/FR0014001PM5-ALXP;https://geco.amf-france.org
FR0005854700;I2S;broker_pea_confirmed;GAP_CRITIQUE_PEA;Confirmation officielle requise, jamais déduite;https://live.euronext.com/en/product/equities/FR0005854700-ALXP;https://geco.amf-france.org
FR001400A3Q3;ICAPE HOLDING;broker_pea_confirmed;GAP_CRITIQUE_PEA;Confirmation officielle requise, jamais déduite;https://live.euronext.com/en/product/equities/FR001400A3Q3-ALXP;https://geco.amf-france.org
FR00140048X2;IKONISYS;broker_pea_confirmed;GAP_CRITIQUE_PEA;Confirmation officielle requise, jamais déduite;https://live.euronext.com/en/product/equities/FR00140048X2-ALXP;https://geco.amf-france.org
FR0013060100;IMMERSION;broker_pea_confirmed;GAP_CRITIQUE_PEA;Confirmation officielle requise, jamais déduite;https://live.euronext.com/en/product/equities/FR0013060100-ALXP;https://geco.amf-france.org
FR0013470168;IMPLANET;broker_pea_confirmed;GAP_CRITIQUE_PEA;Confirmation officielle requise, jamais déduite;https://live.euronext.com/en/product/equities/FR0013470168-ALXP;https://geco.amf-france.org
FR0000064297;INNELEC MULTIMEDIA;broker_pea_confirmed;GAP_CRITIQUE_PEA;Confirmation officielle requise, jamais déduite;https://live.euronext.com/en/product/equities/FR0000064297-ALXP;https://geco.amf-france.org
FR0000060451;INSTALLUX;broker_pea_confirmed;GAP_CRITIQUE_PEA;Confirmation officielle requise, jamais déduite;https://live.euronext.com/en/product/equities/FR0000060451-ALXP;https://geco.amf-france.org
FR0010908723;INTEGRAGEN;broker_pea_confirmed;GAP_CRITIQUE_PEA;Confirmation officielle requise, jamais déduite;https://live.euronext.com/en/product/equities/FR0010908723-ALXP;https://geco.amf-france.org
FR0011179886;INTRASENSE;broker_pea_confirmed;GAP_CRITIQUE_PEA;Confirmation officielle requise, jamais déduite;https://live.euronext.com/en/product/equities/FR0011179886-ALXP;https://geco.amf-france.org
BE0974299316;INVIBES ADVERTISING N.V.;broker_pea_confirmed;GAP_CRITIQUE_PEA;Confirmation officielle requise, jamais déduite;https://live.euronext.com/en/product/equities/BE0974299316-ALXP;https://geco.amf-france.org
ES0109429037;ISPD NETWORK;broker_pea_confirmed;GAP_CRITIQUE_PEA;Confirmation officielle requise, jamais déduite;https://live.euronext.com/en/product/equities/ES0109429037-ALXP;https://geco.amf-france.org
FR0000072597;IT LINK;broker_pea_confirmed;GAP_CRITIQUE_PEA;Confirmation officielle requise, jamais déduite;https://live.euronext.com/en/product/equities/FR0000072597-ALXP;https://geco.amf-france.org
FR0010722819;KALRAY;broker_pea_confirmed;GAP_CRITIQUE_PEA;Confirmation officielle requise, jamais déduite;https://live.euronext.com/en/product/equities/FR0010722819-ALXP;https://geco.amf-france.org
FR0013156007;KERLINK;broker_pea_confirmed;GAP_CRITIQUE_PEA;Confirmation officielle requise, jamais déduite;https://live.euronext.com/en/product/equities/FR0013156007-ALXP;https://geco.amf-france.org
FR0004029411;KEYRUS;broker_pea_confirmed;GAP_CRITIQUE_PEA;Confirmation officielle requise, jamais déduite;https://live.euronext.com/en/product/equities/FR0004029411-ALXP;https://geco.amf-france.org
FR0013374667;KKO INTERNATIONAL;broker_pea_confirmed;GAP_CRITIQUE_PEA;Confirmation officielle requise, jamais déduite;https://live.euronext.com/en/product/equities/FR0013374667-ALXP;https://geco.amf-france.org
FR0011038348;KLARSEN;broker_pea_confirmed;GAP_CRITIQUE_PEA;Confirmation officielle requise, jamais déduite;https://live.euronext.com/en/product/equities/FR0011038348-ALXP;https://geco.amf-france.org
FR0013481835;KLEA HOLDING;broker_pea_confirmed;GAP_CRITIQUE_PEA;Confirmation officielle requise, jamais déduite;https://live.euronext.com/en/product/equities/FR0013481835-ALXP;https://geco.amf-france.org
FR0013419876;KUMULUS VAPE;broker_pea_confirmed;GAP_CRITIQUE_PEA;Confirmation officielle requise, jamais déduite;https://live.euronext.com/en/product/equities/FR0013419876-ALXP;https://geco.amf-france.org
FR0000075343;LABORATOIRES EUROMEDIS;broker_pea_confirmed;GAP_CRITIQUE_PEA;Confirmation officielle requise, jamais déduite;https://live.euronext.com/en/product/equities/FR0000075343-ALXP;https://geco.amf-france.org
FR0004027068;LANSON-BCC;broker_pea_confirmed;GAP_CRITIQUE_PEA;Confirmation officielle requise, jamais déduite;https://live.euronext.com/en/product/equities/FR0004027068-ALXP;https://geco.amf-france.org
FR0013308582;LARGO;broker_pea_confirmed;GAP_CRITIQUE_PEA;Confirmation officielle requise, jamais déduite;https://live.euronext.com/en/product/equities/FR0013308582-ALXP;https://geco.amf-france.org
FR0000121295;LEBON;broker_pea_confirmed;GAP_CRITIQUE_PEA;Confirmation officielle requise, jamais déduite;https://live.euronext.com/en/product/equities/FR0000121295-ALXP;https://geco.amf-france.org
FR001400F2Z1;LEPERMISLIBRE S.A.;broker_pea_confirmed;GAP_CRITIQUE_PEA;Confirmation officielle requise, jamais déduite;https://live.euronext.com/en/product/equities/FR001400F2Z1-ALXP;https://geco.amf-france.org
FR0007080254;LES HOTELS BAVEREZ;broker_pea_confirmed;GAP_CRITIQUE_PEA;Confirmation officielle requise, jamais déduite;https://live.euronext.com/en/product/equities/FR0007080254-ALXP;https://geco.amf-france.org
FR0000033599;LEXIBOOK LINGUIST.;broker_pea_confirmed;GAP_CRITIQUE_PEA;Confirmation officielle requise, jamais déduite;https://live.euronext.com/en/product/equities/FR0000033599-ALXP;https://geco.amf-france.org
FR0013230950;LIGHTON;broker_pea_confirmed;GAP_CRITIQUE_PEA;Confirmation officielle requise, jamais déduite;https://live.euronext.com/en/product/equities/FR0013230950-ALXP;https://geco.amf-france.org
ES0105089009;LLEIDA;broker_pea_confirmed;GAP_CRITIQUE_PEA;Confirmation officielle requise, jamais déduite;https://live.euronext.com/en/product/equities/ES0105089009-ALXP;https://geco.amf-france.org
FR0000044943;LOGIC INSTRUMENT;broker_pea_confirmed;GAP_CRITIQUE_PEA;Confirmation officielle requise, jamais déduite;https://live.euronext.com/en/product/equities/FR0000044943-ALXP;https://geco.amf-france.org
FR001400TL40;LOUIS HACHETTE GROUP;broker_pea_confirmed;GAP_CRITIQUE_PEA;Confirmation officielle requise, jamais déduite;https://live.euronext.com/en/product/equities/FR001400TL40-ALXP;https://geco.amf-france.org
ES0105463006;MAKING SCIENCE GROUP S.A.;broker_pea_confirmed;GAP_CRITIQUE_PEA;Confirmation officielle requise, jamais déduite;https://live.euronext.com/en/product/equities/ES0105463006-ALXP;https://geco.amf-france.org
IE00BVGC3741;MALIN CORPORATION PLC;broker_pea_confirmed;GAP_CRITIQUE_PEA;Confirmation officielle requise, jamais déduite;https://live.euronext.com/en/product/equities/IE00BVGC3741-XESM;https://geco.amf-france.org
FR0013400835;MARE NOSTRUM;broker_pea_confirmed;GAP_CRITIQUE_PEA;Confirmation officielle requise, jamais déduite;https://live.euronext.com/en/product/equities/FR0013400835-ALXP;https://geco.amf-france.org
FR0004155687;MASTRAD;broker_pea_confirmed;GAP_CRITIQUE_PEA;Confirmation officielle requise, jamais déduite;https://live.euronext.com/en/product/equities/FR0004155687-ALXP;https://geco.amf-france.org
FR0010609263;MAUNA KEA TECHNOLOGIES S.A.;broker_pea_confirmed;GAP_CRITIQUE_PEA;Confirmation officielle requise, jamais déduite;https://live.euronext.com/en/product/equities/FR0010609263-ALXP;https://geco.amf-france.org
FR0011049824;MEDIAN TECHNOLOGIES;broker_pea_confirmed;GAP_CRITIQUE_PEA;Confirmation officielle requise, jamais déduite;https://live.euronext.com/en/product/equities/FR0011049824-ALXP;https://geco.amf-france.org
FR00140066X4;METAVISIO (THOMSON COMPUTING);broker_pea_confirmed;GAP_CRITIQUE_PEA;Confirmation officielle requise, jamais déduite;https://live.euronext.com/en/product/equities/FR00140066X4-ALXP;https://geco.amf-france.org
FR0011217710;METHANOR;broker_pea_confirmed;GAP_CRITIQUE_PEA;Confirmation officielle requise, jamais déduite;https://live.euronext.com/en/product/equities/FR0011217710-ALXP;https://geco.amf-france.org
IT0005450819;MEXEDIA S.P.A;broker_pea_confirmed;GAP_CRITIQUE_PEA;Confirmation officielle requise, jamais déduite;https://live.euronext.com/en/product/equities/IT0005450819-ALXP;https://geco.amf-france.org
FR0010204453;MG INTERNATIONAL;broker_pea_confirmed;GAP_CRITIQUE_PEA;Confirmation officielle requise, jamais déduite;https://live.euronext.com/en/product/equities/FR0010204453-ALXP;https://geco.amf-france.org
FR0010353888;MGI DIGITAL GRAPHI;broker_pea_confirmed;GAP_CRITIQUE_PEA;Confirmation officielle requise, jamais déduite;https://live.euronext.com/en/product/equities/FR0010353888-ALXP;https://geco.amf-france.org
FR0013053535;MILIBOO;broker_pea_confirmed;GAP_CRITIQUE_PEA;Confirmation officielle requise, jamais déduite;https://live.euronext.com/en/product/equities/FR0013053535-ALXP;https://geco.amf-france.org
IE00BD64C665;MINCON GROUP PLC;broker_pea_confirmed;GAP_CRITIQUE_PEA;Confirmation officielle requise, jamais déduite;https://live.euronext.com/en/product/equities/IE00BD64C665-XESM;https://geco.amf-france.org
FR0004172450;MINT;broker_pea_confirmed;GAP_CRITIQUE_PEA;Confirmation officielle requise, jamais déduite;https://live.euronext.com/en/product/equities/FR0004172450-ALXP;https://geco.amf-france.org
FR001400H3A0;MON COURTIER ENERGIE GROUPE S.A.;broker_pea_confirmed;GAP_CRITIQUE_PEA;Confirmation officielle requise, jamais déduite;https://live.euronext.com/en/product/equities/FR001400H3A0-ALXP;https://geco.amf-france.org
FR0011033083;MOULINVEST;broker_pea_confirmed;GAP_CRITIQUE_PEA;Confirmation officielle requise, jamais déduite;https://live.euronext.com/en/product/equities/FR0011033083-ALXP;https://geco.amf-france.org
FR0004034320;MR BRICOLAGE;broker_pea_confirmed;GAP_CRITIQUE_PEA;Confirmation officielle requise, jamais déduite;https://live.euronext.com/en/product/equities/FR0004034320-ALXP;https://geco.amf-france.org
FR0013462231;MUNIC;broker_pea_confirmed;GAP_CRITIQUE_PEA;Confirmation officielle requise, jamais déduite;https://live.euronext.com/en/product/equities/FR0013462231-ALXP;https://geco.amf-france.org
FR0014003J32;NAMR;broker_pea_confirmed;GAP_CRITIQUE_PEA;Confirmation officielle requise, jamais déduite;https://live.euronext.com/en/product/equities/FR0014003J32-ALXP;https://geco.amf-france.org
FR0011636083;NEOLIFE;broker_pea_confirmed;GAP_CRITIQUE_PEA;Confirmation officielle requise, jamais déduite;https://live.euronext.com/en/product/equities/FR0011636083-ALXP;https://geco.amf-france.org
FR0004154060;NETGEM;broker_pea_confirmed;GAP_CRITIQUE_PEA;Confirmation officielle requise, jamais déduite;https://live.euronext.com/en/product/equities/FR0004154060-ALXP;https://geco.amf-france.org
FR001400RF99;NETMEDIA GROUP;broker_pea_confirmed;GAP_CRITIQUE_PEA;Confirmation officielle requise, jamais déduite;https://live.euronext.com/en/product/equities/FR001400RF99-ALXP;https://geco.amf-france.org
FR0004171346;NEXTEDIA;broker_pea_confirmed;GAP_CRITIQUE_PEA;Confirmation officielle requise, jamais déduite;https://live.euronext.com/en/product/equities/FR0004171346-ALXP;https://geco.amf-france.org
FR0014003XT0;NFL BIOSCIENCES S.A.;broker_pea_confirmed;GAP_CRITIQUE_PEA;Confirmation officielle requise, jamais déduite;https://live.euronext.com/en/product/equities/FR0014003XT0-ALXP;https://geco.amf-france.org
FR0013018124;NICOX S.A.;broker_pea_confirmed;GAP_CRITIQUE_PEA;Confirmation officielle requise, jamais déduite;https://live.euronext.com/en/product/equities/FR0013018124-ALXP;https://geco.amf-france.org
FR0010397232;NOVACYT;broker_pea_confirmed;GAP_CRITIQUE_PEA;Confirmation officielle requise, jamais déduite;https://live.euronext.com/en/product/equities/FR0010397232-ALXP;https://geco.amf-france.org
FR0000064529;NSC GROUPE;broker_pea_confirmed;GAP_CRITIQUE_PEA;Confirmation officielle requise, jamais déduite;https://live.euronext.com/en/product/equities/FR0000064529-ALXP;https://geco.amf-france.org
FR0004065639;NSE;broker_pea_confirmed;GAP_CRITIQUE_PEA;Confirmation officielle requise, jamais déduite;https://live.euronext.com/en/product/equities/FR0004065639-ALXP;https://geco.amf-france.org
FR0014003711;OBIZ S.A.;broker_pea_confirmed;GAP_CRITIQUE_PEA;Confirmation officielle requise, jamais déduite;https://live.euronext.com/en/product/equities/FR0014003711-ALXP;https://geco.amf-france.org
FR0014003T71;OMER-DECUGIS & CIE;broker_pea_confirmed;GAP_CRITIQUE_PEA;Confirmation officielle requise, jamais déduite;https://live.euronext.com/en/product/equities/FR0014003T71-ALXP;https://geco.amf-france.org
FR001400CM63;ONCODESIGN PRECISION MEDICINE;broker_pea_confirmed;GAP_CRITIQUE_PEA;Confirmation officielle requise, jamais déduite;https://live.euronext.com/en/product/equities/FR001400CM63-ALXP;https://geco.amf-france.org
FR0013266772;ONE EXPERIENCE;broker_pea_confirmed;GAP_CRITIQUE_PEA;Confirmation officielle requise, jamais déduite;https://live.euronext.com/en/product/equities/FR0013266772-ALXP;https://geco.amf-france.org
FR0013318052;ORDISSIMO;broker_pea_confirmed;GAP_CRITIQUE_PEA;Confirmation officielle requise, jamais déduite;https://live.euronext.com/en/product/equities/FR0013318052-ALXP;https://geco.amf-france.org
IE00B1WV4493;ORIGIN ENTERPRISES PLC;broker_pea_confirmed;GAP_CRITIQUE_PEA;Confirmation officielle requise, jamais déduite;https://live.euronext.com/en/product/equities/IE00B1WV4493-XESM;https://geco.amf-france.org
FR001400IUV6;OSMOSUN S.A.;broker_pea_confirmed;GAP_CRITIQUE_PEA;Confirmation officielle requise, jamais déduite;https://live.euronext.com/en/product/equities/FR001400IUV6-ALXP;https://geco.amf-france.org
FR001400U4P9;Odyssée Technologies S.A.;broker_pea_confirmed;GAP_CRITIQUE_PEA;Confirmation officielle requise, jamais déduite;https://live.euronext.com/en/product/equities/FR001400U4P9-ALXP;https://geco.amf-france.org
FR0013479730;PAULIC MEUNERIE;broker_pea_confirmed;GAP_CRITIQUE_PEA;Confirmation officielle requise, jamais déduite;https://live.euronext.com/en/product/equities/FR0013479730-ALXP;https://geco.amf-france.org
NL0015001HZ9;PET SERVICE HOLDING N.V.;broker_pea_confirmed;GAP_CRITIQUE_PEA;Confirmation officielle requise, jamais déduite;https://live.euronext.com/en/product/equities/NL0015001HZ9-ALXP;https://geco.amf-france.org
FR0000061608;PISCINES DESJOYAUX;broker_pea_confirmed;GAP_CRITIQUE_PEA;Confirmation officielle requise, jamais déduite;https://live.euronext.com/en/product/equities/FR0000061608-ALXP;https://geco.amf-france.org
FR0010785790;PLANT ADVANCED;broker_pea_confirmed;GAP_CRITIQUE_PEA;Confirmation officielle requise, jamais déduite;https://live.euronext.com/en/product/equities/FR0010785790-ALXP;https://geco.amf-france.org
ES0105425005;PLASTICOS COMPUESTOS S.A. (KOMPUESTOS);broker_pea_confirmed;GAP_CRITIQUE_PEA;Confirmation officielle requise, jamais déduite;https://live.euronext.com/en/product/equities/ES0105425005-ALXP;https://geco.amf-france.org
FR0000066441;POUJOULAT;broker_pea_confirmed;GAP_CRITIQUE_PEA;Confirmation officielle requise, jamais déduite;https://live.euronext.com/en/product/equities/FR0000066441-ALXP;https://geco.amf-france.org
FR0014004EC4;PRECIA;broker_pea_confirmed;GAP_CRITIQUE_PEA;Confirmation officielle requise, jamais déduite;https://live.euronext.com/en/product/equities/FR0014004EC4-ALXP;https://geco.amf-france.org
FR0010169920;PREDILIFE;broker_pea_confirmed;GAP_CRITIQUE_PEA;Confirmation officielle requise, jamais déduite;https://live.euronext.com/en/product/equities/FR0010169920-ALXP;https://geco.amf-france.org
FR0004044600;PRISMAFLEX INTL;broker_pea_confirmed;GAP_CRITIQUE_PEA;Confirmation officielle requise, jamais déduite;https://live.euronext.com/en/product/equities/FR0004044600-ALXP;https://geco.amf-france.org
FR0012613610;PRODWAYS GROUP;broker_pea_confirmed;GAP_CRITIQUE_PEA;Confirmation officielle requise, jamais déduite;https://live.euronext.com/en/product/equities/FR0012613610-ALXP;https://geco.amf-france.org
FR0010380626;PROLOGUE;broker_pea_confirmed;GAP_CRITIQUE_PEA;Confirmation officielle requise, jamais déduite;https://live.euronext.com/en/product/equities/FR0010380626-ALXP;https://geco.amf-france.org
FR0012419307;PULLUP ENTERTAINMENT;broker_pea_confirmed;GAP_CRITIQUE_PEA;Confirmation officielle requise, jamais déduite;https://live.euronext.com/en/product/equities/FR0012419307-ALXP;https://geco.amf-france.org
FR0011648971;QUANTUM GENOMICS;broker_pea_confirmed;GAP_CRITIQUE_PEA;Confirmation officielle requise, jamais déduite;https://live.euronext.com/en/product/equities/FR0011648971-ALXP;https://geco.amf-france.org
FR0010889386;QWAMPLIFY;broker_pea_confirmed;GAP_CRITIQUE_PEA;Confirmation officielle requise, jamais déduite;https://live.euronext.com/en/product/equities/FR0010889386-ALXP;https://geco.amf-france.org
IT0005466963;RACING FORCE S.p.A.;broker_pea_confirmed;GAP_CRITIQUE_PEA;Confirmation officielle requise, jamais déduite;https://live.euronext.com/en/product/equities/IT0005466963-EXGM;https://geco.amf-france.org
FR0011858190;REALITES;broker_pea_confirmed;GAP_CRITIQUE_PEA;Confirmation officielle requise, jamais déduite;https://live.euronext.com/en/product/equities/FR0011858190-ALXP;https://geco.amf-france.org
FR0010820274;REWORLD MEDIA;broker_pea_confirmed;GAP_CRITIQUE_PEA;Confirmation officielle requise, jamais déduite;https://live.euronext.com/en/product/equities/FR0010820274-ALXP;https://geco.amf-france.org
FR0000075954;RIBER;broker_pea_confirmed;GAP_CRITIQUE_PEA;Confirmation officielle requise, jamais déduite;https://live.euronext.com/en/product/equities/FR0000075954-ALXP;https://geco.amf-france.org
FR0010523167;ROCTOOL;broker_pea_confirmed;GAP_CRITIQUE_PEA;Confirmation officielle requise, jamais déduite;https://live.euronext.com/en/product/equities/FR0010523167-ALXP;https://geco.amf-france.org
FR0000037640;ROUGIER S.A.;broker_pea_confirmed;GAP_CRITIQUE_PEA;Confirmation officielle requise, jamais déduite;https://live.euronext.com/en/product/equities/FR0000037640-ALXP;https://geco.amf-france.org
IT0005460081;Rebirth S.p.A.;broker_pea_confirmed;GAP_CRITIQUE_PEA;Confirmation officielle requise, jamais déduite;https://live.euronext.com/en/product/equities/IT0005460081-ALXP;https://geco.amf-france.org
FR0014005I80;S.M.A.I.O.;broker_pea_confirmed;GAP_CRITIQUE_PEA;Confirmation officielle requise, jamais déduite;https://live.euronext.com/en/product/equities/FR0014005I80-ALXP;https://geco.amf-france.org
FR001400ZU25;SAFE;broker_pea_confirmed;GAP_CRITIQUE_PEA;Confirmation officielle requise, jamais déduite;https://live.euronext.com/en/product/equities/FR001400ZU25-ALXP;https://geco.amf-france.org
PTDGL0AM0003;SAMBA DIGITAL SGPS S.A.;broker_pea_confirmed;GAP_CRITIQUE_PEA;Confirmation officielle requise, jamais déduite;https://live.euronext.com/en/product/equities/PTDGL0AM0003-ALXL;https://geco.amf-france.org
FR0010776617;SAPMER;broker_pea_confirmed;GAP_CRITIQUE_PEA;Confirmation officielle requise, jamais déduite;https://live.euronext.com/en/product/equities/FR0010776617-ALXP;https://geco.amf-france.org
FR0014010H01;SEMCO TECHNOLOGIES;broker_pea_confirmed;GAP_CRITIQUE_PEA;Confirmation officielle requise, jamais déduite;https://live.euronext.com/en/product/equities/FR0014010H01-ALXP;https://geco.amf-france.org
FR0012596468;SENSORION;broker_pea_confirmed;GAP_CRITIQUE_PEA;Confirmation officielle requise, jamais déduite;https://live.euronext.com/en/product/equities/FR0012596468-ALXP;https://geco.amf-france.org
FR0010202606;SIDETRADE;broker_pea_confirmed;GAP_CRITIQUE_PEA;Confirmation officielle requise, jamais déduite;https://live.euronext.com/en/product/equities/FR0010202606-ALXP;https://geco.amf-france.org
FR0000060790;SIGNAUX GIROD;broker_pea_confirmed;GAP_CRITIQUE_PEA;Confirmation officielle requise, jamais déduite;https://live.euronext.com/en/product/equities/FR0000060790-ALXP;https://geco.amf-france.org
FR0004016699;SMTPC;broker_pea_confirmed;GAP_CRITIQUE_PEA;Confirmation officielle requise, jamais déduite;https://live.euronext.com/en/product/equities/FR0004016699-ALXP;https://geco.amf-france.org
IT0005353484;SOCIETA' EDITORIALE IL FATTO;broker_pea_confirmed;GAP_CRITIQUE_PEA;Confirmation officielle requise, jamais déduite;https://live.euronext.com/en/product/equities/IT0005353484-ALXP;https://geco.amf-france.org
BE0003773877;SOFTIMAT;broker_pea_confirmed;GAP_CRITIQUE_PEA;Confirmation officielle requise, jamais déduite;https://live.euronext.com/en/product/equities/BE0003773877-ALXB;https://geco.amf-france.org
FR0000065864;SOGECLAIR;broker_pea_confirmed;GAP_CRITIQUE_PEA;Confirmation officielle requise, jamais déduite;https://live.euronext.com/en/product/equities/FR0000065864-ALXP;https://geco.amf-france.org
FR00140043Y1;SPARTOO;broker_pea_confirmed;GAP_CRITIQUE_PEA;Confirmation officielle requise, jamais déduite;https://live.euronext.com/en/product/equities/FR00140043Y1-ALXP;https://geco.amf-france.org
FR0011464452;SPINEGUARD;broker_pea_confirmed;GAP_CRITIQUE_PEA;Confirmation officielle requise, jamais déduite;https://live.euronext.com/en/product/equities/FR0011464452-ALXP;https://geco.amf-france.org
FR001400N2P2;SPINEWAY;broker_pea_confirmed;GAP_CRITIQUE_PEA;Confirmation officielle requise, jamais déduite;https://live.euronext.com/en/product/equities/FR001400N2P2-ALXP;https://geco.amf-france.org
FR001400MDW2;STIF;broker_pea_confirmed;GAP_CRITIQUE_PEA;Confirmation officielle requise, jamais déduite;https://live.euronext.com/en/product/equities/FR001400MDW2-ALXP;https://geco.amf-france.org
FR0000074775;STRADIM;broker_pea_confirmed;GAP_CRITIQUE_PEA;Confirmation officielle requise, jamais déduite;https://live.euronext.com/en/product/equities/FR0000074775-ALXP;https://geco.amf-france.org
FR0010528059;STREAMWIDE;broker_pea_confirmed;GAP_CRITIQUE_PEA;Confirmation officielle requise, jamais déduite;https://live.euronext.com/en/product/equities/FR0010528059-ALXP;https://geco.amf-france.org
FR0010120402;THERACLION;broker_pea_confirmed;GAP_CRITIQUE_PEA;Confirmation officielle requise, jamais déduite;https://live.euronext.com/en/product/equities/FR0010120402-ALXP;https://geco.amf-france.org
FR0013286259;THERANEXUS;broker_pea_confirmed;GAP_CRITIQUE_PEA;Confirmation officielle requise, jamais déduite;https://live.euronext.com/en/product/equities/FR0013286259-ALXP;https://geco.amf-france.org
NL0015000YE1;TME PHARMA;broker_pea_confirmed;GAP_CRITIQUE_PEA;Confirmation officielle requise, jamais déduite;https://live.euronext.com/en/product/equities/NL0015000YE1-ALXP;https://geco.amf-france.org
FR001400H2X4;TONNER DRONES S.A.;broker_pea_confirmed;GAP_CRITIQUE_PEA;Confirmation officielle requise, jamais déduite;https://live.euronext.com/en/product/equities/FR001400H2X4-ALXP;https://geco.amf-france.org
FR00140062B9;TOOSLA;broker_pea_confirmed;GAP_CRITIQUE_PEA;Confirmation officielle requise, jamais déduite;https://live.euronext.com/en/product/equities/FR00140062B9-ALXP;https://geco.amf-france.org
FR0000033003;TOUAX;broker_pea_confirmed;GAP_CRITIQUE_PEA;Confirmation officielle requise, jamais déduite;https://live.euronext.com/en/product/equities/FR0000033003-ALXP;https://geco.amf-france.org
FR0010397901;TRILOGIQ;broker_pea_confirmed;GAP_CRITIQUE_PEA;Confirmation officielle requise, jamais déduite;https://live.euronext.com/en/product/equities/FR0010397901-ALXP;https://geco.amf-france.org
FR0010654087;TXCOM;broker_pea_confirmed;GAP_CRITIQUE_PEA;Confirmation officielle requise, jamais déduite;https://live.euronext.com/en/product/equities/FR0010654087-ALXP;https://geco.amf-france.org
FR0000079147;U10 CORP;broker_pea_confirmed;GAP_CRITIQUE_PEA;Confirmation officielle requise, jamais déduite;https://live.euronext.com/en/product/equities/FR0000079147-ALXP;https://geco.amf-france.org
IE00BJ5FQX74;UNIPHAR PLC;broker_pea_confirmed;GAP_CRITIQUE_PEA;Confirmation officielle requise, jamais déduite;https://live.euronext.com/en/product/equities/IE00BJ5FQX74-XESM;https://geco.amf-france.org
FR0010337865;UPERGY;broker_pea_confirmed;GAP_CRITIQUE_PEA;Confirmation officielle requise, jamais déduite;https://live.euronext.com/en/product/equities/FR0010337865-ALXP;https://geco.amf-france.org
FR0011898584;UV GERMI;broker_pea_confirmed;GAP_CRITIQUE_PEA;Confirmation officielle requise, jamais déduite;https://live.euronext.com/en/product/equities/FR0011898584-ALXP;https://geco.amf-france.org
FR0013254851;VALBIOTIS;broker_pea_confirmed;GAP_CRITIQUE_PEA;Confirmation officielle requise, jamais déduite;https://live.euronext.com/en/product/equities/FR0013254851-ALXP;https://geco.amf-france.org
FR0010095596;VALERIO THERAPEUTICS;broker_pea_confirmed;GAP_CRITIQUE_PEA;Confirmation officielle requise, jamais déduite;https://live.euronext.com/en/product/equities/FR0010095596-ALXP;https://geco.amf-france.org
FR0014007T10;VAZIVA SA;broker_pea_confirmed;GAP_CRITIQUE_PEA;Confirmation officielle requise, jamais déduite;https://live.euronext.com/en/product/equities/FR0014007T10-ALXP;https://geco.amf-france.org
FR0010766667;VENTE UNIQUE.COM;broker_pea_confirmed;GAP_CRITIQUE_PEA;Confirmation officielle requise, jamais déduite;https://live.euronext.com/en/product/equities/FR0010766667-ALXP;https://geco.amf-france.org
FR0010326090;VIALIFE;broker_pea_confirmed;GAP_CRITIQUE_PEA;Confirmation officielle requise, jamais déduite;https://live.euronext.com/en/product/equities/FR0010326090-ALXP;https://geco.amf-france.org
FR001400AXT1;VINPAI S.A.;broker_pea_confirmed;GAP_CRITIQUE_PEA;Confirmation officielle requise, jamais déduite;https://live.euronext.com/en/product/equities/FR001400AXT1-ALXP;https://geco.amf-france.org
ES0105704003;VIRTUALWARE;broker_pea_confirmed;GAP_CRITIQUE_PEA;Confirmation officielle requise, jamais déduite;https://live.euronext.com/en/product/equities/ES0105704003-ALXP;https://geco.amf-france.org
FR0011532225;VOGO;broker_pea_confirmed;GAP_CRITIQUE_PEA;Confirmation officielle requise, jamais déduite;https://live.euronext.com/en/product/equities/FR0011532225-ALXP;https://geco.amf-france.org
FR0004045847;VOYAGEURS DU MONDE;broker_pea_confirmed;GAP_CRITIQUE_PEA;Confirmation officielle requise, jamais déduite;https://live.euronext.com/en/product/equities/FR0004045847-ALXP;https://geco.amf-france.org
FR0010131409;WALLIX;broker_pea_confirmed;GAP_CRITIQUE_PEA;Confirmation officielle requise, jamais déduite;https://live.euronext.com/en/product/equities/FR0010131409-ALXP;https://geco.amf-france.org
FR0013079092;WE.CONNECT;broker_pea_confirmed;GAP_CRITIQUE_PEA;Confirmation officielle requise, jamais déduite;https://live.euronext.com/en/product/equities/FR0013079092-ALXP;https://geco.amf-france.org
BE0974401334;WHITESTONE GROUP;broker_pea_confirmed;GAP_CRITIQUE_PEA;Confirmation officielle requise, jamais déduite;https://live.euronext.com/en/product/equities/BE0974401334-ALXB;https://geco.amf-france.org
BE0974334667;WINAMP GROUP;broker_pea_confirmed;GAP_CRITIQUE_PEA;Confirmation officielle requise, jamais déduite;https://live.euronext.com/en/product/equities/BE0974334667-ALXP;https://geco.amf-france.org
FR0014000P11;WINFARM;broker_pea_confirmed;GAP_CRITIQUE_PEA;Confirmation officielle requise, jamais déduite;https://live.euronext.com/en/product/equities/FR0014000P11-ALXP;https://geco.amf-france.org
FR0013143872;WITBE;broker_pea_confirmed;GAP_CRITIQUE_PEA;Confirmation officielle requise, jamais déduite;https://live.euronext.com/en/product/equities/FR0013143872-ALXP;https://geco.amf-france.org
FR0004034072;XILAM ANIMATION;broker_pea_confirmed;GAP_CRITIQUE_PEA;Confirmation officielle requise, jamais déduite;https://live.euronext.com/en/product/equities/FR0004034072-ALXP;https://geco.amf-france.org
DK0060945467;5TH PLANET GAMES;broker_pea_confirmed;GAP_CRITIQUE_PEA;Confirmation officielle requise, jamais déduite;https://live.euronext.com/en/product/equities/DK0060945467-XOAS;https://geco.amf-france.org
NO0003021909;ABG SUNDAL COLLIER HOLDING;broker_pea_confirmed;GAP_CRITIQUE_PEA;Confirmation officielle requise, jamais déduite;https://live.euronext.com/en/product/equities/NO0003021909-XOSL;https://geco.amf-france.org
NO0003078107;AF GRUPPEN;broker_pea_confirmed;GAP_CRITIQUE_PEA;Confirmation officielle requise, jamais déduite;https://live.euronext.com/en/product/equities/NO0003078107-XOSL;https://geco.amf-france.org
NO0010872468;AGILYX ASA;broker_pea_confirmed;GAP_CRITIQUE_PEA;Confirmation officielle requise, jamais déduite;https://live.euronext.com/en/product/equities/NO0010872468-XOSL;https://geco.amf-france.org
NO0010215684;AKASTOR;broker_pea_confirmed;GAP_CRITIQUE_PEA;Confirmation officielle requise, jamais déduite;https://live.euronext.com/en/product/equities/NO0010215684-XOSL;https://geco.amf-france.org
NO0010886625;AKER BIOMARINE ASA;broker_pea_confirmed;GAP_CRITIQUE_PEA;Confirmation officielle requise, jamais déduite;https://live.euronext.com/en/product/equities/NO0010886625-XOSL;https://geco.amf-france.org
NO0010716582;AKER SOLUTIONS;broker_pea_confirmed;GAP_CRITIQUE_PEA;Confirmation officielle requise, jamais déduite;https://live.euronext.com/en/product/equities/NO0010716582-XOSL;https://geco.amf-france.org
NO0003097503;AKVA GROUP;broker_pea_confirmed;GAP_CRITIQUE_PEA;Confirmation officielle requise, jamais déduite;https://live.euronext.com/en/product/equities/NO0003097503-XOSL;https://geco.amf-france.org
NO0010607971;ALNG ASA;broker_pea_confirmed;GAP_CRITIQUE_PEA;Confirmation officielle requise, jamais déduite;https://live.euronext.com/en/product/equities/NO0010607971-XOAS;https://geco.amf-france.org
NO0013683821;APPEAR ASA;broker_pea_confirmed;GAP_CRITIQUE_PEA;Confirmation officielle requise, jamais déduite;https://live.euronext.com/en/product/equities/NO0013683821-XOSL;https://geco.amf-france.org
NO0013735894;AQUA BIO TECHNOLOGY;broker_pea_confirmed;GAP_CRITIQUE_PEA;Confirmation officielle requise, jamais déduite;https://live.euronext.com/en/product/equities/NO0013735894-XOAS;https://geco.amf-france.org
NO0010715394;AQUALIS ASA;broker_pea_confirmed;GAP_CRITIQUE_PEA;Confirmation officielle requise, jamais déduite;https://live.euronext.com/en/product/equities/NO0010715394-XOSL;https://geco.amf-france.org
NO0010014632;ARCTICZYMES TECHNOLOGIES;broker_pea_confirmed;GAP_CRITIQUE_PEA;Confirmation officielle requise, jamais déduite;https://live.euronext.com/en/product/equities/NO0010014632-XOSL;https://geco.amf-france.org
NO0003572802;ARENDALS FOSSEKOMPANI;broker_pea_confirmed;GAP_CRITIQUE_PEA;Confirmation officielle requise, jamais déduite;https://live.euronext.com/en/product/equities/NO0003572802-XOSL;https://geco.amf-france.org
NO0013682948;ARRIBATEC GROUP ASA;broker_pea_confirmed;GAP_CRITIQUE_PEA;Confirmation officielle requise, jamais déduite;https://live.euronext.com/en/product/equities/NO0013682948-XOSL;https://geco.amf-france.org
NO0004822503;ATEA;broker_pea_confirmed;GAP_CRITIQUE_PEA;Confirmation officielle requise, jamais déduite;https://live.euronext.com/en/product/equities/NO0004822503-XOSL;https://geco.amf-france.org
NO0013464750;ATLANTIC SAPPHIRE;broker_pea_confirmed;GAP_CRITIQUE_PEA;Confirmation officielle requise, jamais déduite;https://live.euronext.com/en/product/equities/NO0013464750-XOSL;https://geco.amf-france.org
NO0006001601;AURSKOG SPAREBANK;broker_pea_confirmed;GAP_CRITIQUE_PEA;Confirmation officielle requise, jamais déduite;https://live.euronext.com/en/product/equities/NO0006001601-XOSL;https://geco.amf-france.org
NO0010073489;AUSTEVOLL SEAFOOD;broker_pea_confirmed;GAP_CRITIQUE_PEA;Confirmation officielle requise, jamais déduite;https://live.euronext.com/en/product/equities/NO0010073489-XOSL;https://geco.amf-france.org
NO0010840515;AXACTOR ASA;broker_pea_confirmed;GAP_CRITIQUE_PEA;Confirmation officielle requise, jamais déduite;https://live.euronext.com/en/product/equities/NO0010840515-XOSL;https://geco.amf-france.org
NO0010633951;B2 Impact ASA;broker_pea_confirmed;GAP_CRITIQUE_PEA;Confirmation officielle requise, jamais déduite;https://live.euronext.com/en/product/equities/NO0010633951-XOSL;https://geco.amf-france.org
NO0013711721;BEVEST ASA;broker_pea_confirmed;GAP_CRITIQUE_PEA;Confirmation officielle requise, jamais déduite;https://live.euronext.com/en/product/equities/NO0013711721-XOSL;https://geco.amf-france.org
NO0010890965;BEWI;broker_pea_confirmed;GAP_CRITIQUE_PEA;Confirmation officielle requise, jamais déduite;https://live.euronext.com/en/product/equities/NO0010890965-XOSL;https://geco.amf-france.org
NO0012706763;BIEN SPAREBANK ASA;broker_pea_confirmed;GAP_CRITIQUE_PEA;Confirmation officielle requise, jamais déduite;https://live.euronext.com/en/product/equities/NO0012706763-XOSL;https://geco.amf-france.org
NO0010379266;BLUENORD ASA;broker_pea_confirmed;GAP_CRITIQUE_PEA;Confirmation officielle requise, jamais déduite;https://live.euronext.com/en/product/equities/NO0010379266-XOSL;https://geco.amf-france.org
NO0013753343;BOHUS ASA;broker_pea_confirmed;GAP_CRITIQUE_PEA;Confirmation officielle requise, jamais déduite;https://live.euronext.com/en/product/equities/NO0013753343-XOSL;https://geco.amf-france.org
NO0003110603;BONHEUR;broker_pea_confirmed;GAP_CRITIQUE_PEA;Confirmation officielle requise, jamais déduite;https://live.euronext.com/en/product/equities/NO0003110603-XOSL;https://geco.amf-france.org
NO0013256180;BORGESTAD;broker_pea_confirmed;GAP_CRITIQUE_PEA;Confirmation officielle requise, jamais déduite;https://live.euronext.com/en/product/equities/NO0013256180-XOSL;https://geco.amf-france.org
NO0010657505;BORREGAARD;broker_pea_confirmed;GAP_CRITIQUE_PEA;Confirmation officielle requise, jamais déduite;https://live.euronext.com/en/product/equities/NO0010657505-XOSL;https://geco.amf-france.org
NO0010360266;BOUVET;broker_pea_confirmed;GAP_CRITIQUE_PEA;Confirmation officielle requise, jamais déduite;https://live.euronext.com/en/product/equities/NO0010360266-XOSL;https://geco.amf-france.org
DK0061412772;CADELER A/S;broker_pea_confirmed;GAP_CRITIQUE_PEA;Confirmation officielle requise, jamais déduite;https://live.euronext.com/en/product/equities/DK0061412772-XOSL;https://geco.amf-france.org
NO0010923121;CAPSOL TECHNOLOGIES ASA;broker_pea_confirmed;GAP_CRITIQUE_PEA;Confirmation officielle requise, jamais déduite;https://live.euronext.com/en/product/equities/NO0010923121-XOSL;https://geco.amf-france.org
NO0013219535;CAVENDISH HYDROGEN ASA;broker_pea_confirmed;GAP_CRITIQUE_PEA;Confirmation officielle requise, jamais déduite;https://live.euronext.com/en/product/equities/NO0013219535-XOSL;https://geco.amf-france.org
NO0013033795;CIRCIO HOLDING ASA;broker_pea_confirmed;GAP_CRITIQUE_PEA;Confirmation officielle requise, jamais déduite;https://live.euronext.com/en/product/equities/NO0013033795-XOSL;https://geco.amf-france.org
NO0010876642;CLOUDBERRY CLEAN ENERGY ASA;broker_pea_confirmed;GAP_CRITIQUE_PEA;Confirmation officielle requise, jamais déduite;https://live.euronext.com/en/product/equities/NO0010876642-XOSL;https://geco.amf-france.org
SE0014731154;CONTEXTVISION;broker_pea_confirmed;GAP_CRITIQUE_PEA;Confirmation officielle requise, jamais déduite;https://live.euronext.com/en/product/equities/SE0014731154-XOSL;https://geco.amf-france.org
NO0013755728;DELLIA GROUP;broker_pea_confirmed;GAP_CRITIQUE_PEA;Confirmation officielle requise, jamais déduite;https://live.euronext.com/en/product/equities/NO0013755728-XOSL;https://geco.amf-france.org
NO0003921009;DNO;broker_pea_confirmed;GAP_CRITIQUE_PEA;Confirmation officielle requise, jamais déduite;https://live.euronext.com/en/product/equities/NO0003921009-XOSL;https://geco.amf-france.org
NO0012851874;DOF GROUP ASA;broker_pea_confirmed;GAP_CRITIQUE_PEA;Confirmation officielle requise, jamais déduite;https://live.euronext.com/en/product/equities/NO0012851874-XOSL;https://geco.amf-france.org
NO0013601245;EAM SOLAR AS;broker_pea_confirmed;GAP_CRITIQUE_PEA;Confirmation officielle requise, jamais déduite;https://live.euronext.com/en/product/equities/NO0013601245-MERK;https://geco.amf-france.org
NO0010263023;EIDESVIK OFFSHORE;broker_pea_confirmed;GAP_CRITIQUE_PEA;Confirmation officielle requise, jamais déduite;https://live.euronext.com/en/product/equities/NO0010263023-XOSL;https://geco.amf-france.org
NO0010358484;ELECTROMAGNETIC GEOSERVICES;broker_pea_confirmed;GAP_CRITIQUE_PEA;Confirmation officielle requise, jamais déduite;https://live.euronext.com/en/product/equities/NO0010358484-XOSL;https://geco.amf-france.org
NO0010816093;ELKEM;broker_pea_confirmed;GAP_CRITIQUE_PEA;Confirmation officielle requise, jamais déduite;https://live.euronext.com/en/product/equities/NO0010816093-XOSL;https://geco.amf-france.org
NO0010722283;ELLIPTIC LABORATORIES ASA;broker_pea_confirmed;GAP_CRITIQUE_PEA;Confirmation officielle requise, jamais déduite;https://live.euronext.com/en/product/equities/NO0010722283-XOSL;https://geco.amf-france.org
NO0010815673;ELMERA GROUP ASA;broker_pea_confirmed;GAP_CRITIQUE_PEA;Confirmation officielle requise, jamais déduite;https://live.euronext.com/en/product/equities/NO0010815673-XOSL;https://geco.amf-france.org
NO0011002586;ELOPAK ASA;broker_pea_confirmed;GAP_CRITIQUE_PEA;Confirmation officielle requise, jamais déduite;https://live.euronext.com/en/product/equities/NO0011002586-XOSL;https://geco.amf-france.org
NO0012555459;ENDÚR;broker_pea_confirmed;GAP_CRITIQUE_PEA;Confirmation officielle requise, jamais déduite;https://live.euronext.com/en/product/equities/NO0012555459-XOSL;https://geco.amf-france.org
NO0013186460;ENSURGE MICROPOWER ASA;broker_pea_confirmed;GAP_CRITIQUE_PEA;Confirmation officielle requise, jamais déduite;https://live.euronext.com/en/product/equities/NO0013186460-XOSL;https://geco.amf-france.org
NO0010716418;ENTRA;broker_pea_confirmed;GAP_CRITIQUE_PEA;Confirmation officielle requise, jamais déduite;https://live.euronext.com/en/product/equities/NO0010716418-XOSL;https://geco.amf-france.org
NO0010708605;EQVA ASA;broker_pea_confirmed;GAP_CRITIQUE_PEA;Confirmation officielle requise, jamais déduite;https://live.euronext.com/en/product/equities/NO0010708605-XOSL;https://geco.amf-france.org
NO0010735343;EUROPRIS;broker_pea_confirmed;GAP_CRITIQUE_PEA;Confirmation officielle requise, jamais déduite;https://live.euronext.com/en/product/equities/NO0010735343-XOSL;https://geco.amf-france.org
NO0013647693;FJORD DEFENCE GROUP ASA;broker_pea_confirmed;GAP_CRITIQUE_PEA;Confirmation officielle requise, jamais déduite;https://live.euronext.com/en/product/equities/NO0013647693-XOSL;https://geco.amf-france.org
NO0010748866;GENTIAN DIAGNOSTICS ASA;broker_pea_confirmed;GAP_CRITIQUE_PEA;Confirmation officielle requise, jamais déduite;https://live.euronext.com/en/product/equities/NO0010748866-XOSL;https://geco.amf-france.org
NO0004913609;GOODTECH;broker_pea_confirmed;GAP_CRITIQUE_PEA;Confirmation officielle requise, jamais déduite;https://live.euronext.com/en/product/equities/NO0004913609-XOSL;https://geco.amf-france.org
NO0010365521;GRIEG SEAFOOD;broker_pea_confirmed;GAP_CRITIQUE_PEA;Confirmation officielle requise, jamais déduite;https://live.euronext.com/en/product/equities/NO0010365521-XOSL;https://geco.amf-france.org
NO0004288200;GYLDENDAL;broker_pea_confirmed;GAP_CRITIQUE_PEA;Confirmation officielle requise, jamais déduite;https://live.euronext.com/en/product/equities/NO0004288200-XOSL;https://geco.amf-france.org
NO0010764053;HAUGESUND SPB;broker_pea_confirmed;GAP_CRITIQUE_PEA;Confirmation officielle requise, jamais déduite;https://live.euronext.com/en/product/equities/NO0010764053-XOSL;https://geco.amf-france.org
NO0010257728;HAVILA SHIPPING;broker_pea_confirmed;GAP_CRITIQUE_PEA;Confirmation officielle requise, jamais déduite;https://live.euronext.com/en/product/equities/NO0010257728-XOSL;https://geco.amf-france.org
NO0013401380;HERMANA HOLDING ASA;broker_pea_confirmed;GAP_CRITIQUE_PEA;Confirmation officielle requise, jamais déduite;https://live.euronext.com/en/product/equities/NO0013401380-XOSL;https://geco.amf-france.org
NO0003067902;HEXAGON COMPOSITES;broker_pea_confirmed;GAP_CRITIQUE_PEA;Confirmation officielle requise, jamais déduite;https://live.euronext.com/en/product/equities/NO0003067902-XOSL;https://geco.amf-france.org
NO0013751966;HEXAGON PURUS ASA;broker_pea_confirmed;GAP_CRITIQUE_PEA;Confirmation officielle requise, jamais déduite;https://live.euronext.com/en/product/equities/NO0013751966-XOSL;https://geco.amf-france.org
NO0011082075;HOEGH AUTOLINERS ASA;broker_pea_confirmed;GAP_CRITIQUE_PEA;Confirmation officielle requise, jamais déduite;https://live.euronext.com/en/product/equities/NO0011082075-XOSL;https://geco.amf-france.org
NO0010598683;HOFSETH BIOCARE;broker_pea_confirmed;GAP_CRITIQUE_PEA;Confirmation officielle requise, jamais déduite;https://live.euronext.com/en/product/equities/NO0010598683-XOSL;https://geco.amf-france.org
NO0012953720;HUNTER GROUP;broker_pea_confirmed;GAP_CRITIQUE_PEA;Confirmation officielle requise, jamais déduite;https://live.euronext.com/en/product/equities/NO0012953720-XOAS;https://geco.amf-france.org
NO0010892359;HYDROGENPRO ASA;broker_pea_confirmed;GAP_CRITIQUE_PEA;Confirmation officielle requise, jamais déduite;https://live.euronext.com/en/product/equities/NO0010892359-XOSL;https://geco.amf-france.org
NO0010012636;HØLAND OG SETSKOG;broker_pea_confirmed;GAP_CRITIQUE_PEA;Confirmation officielle requise, jamais déduite;https://live.euronext.com/en/product/equities/NO0010012636-XOSL;https://geco.amf-france.org
NO0013536078;IDEX BIOMETRICS;broker_pea_confirmed;GAP_CRITIQUE_PEA;Confirmation officielle requise, jamais déduite;https://live.euronext.com/en/product/equities/NO0013536078-XOSL;https://geco.amf-france.org
NO0013119255;INTEROIL EXPLORATION AND PRODUCTION;broker_pea_confirmed;GAP_CRITIQUE_PEA;Confirmation officielle requise, jamais déduite;https://live.euronext.com/en/product/equities/NO0013119255-XOSL;https://geco.amf-france.org
NO0010001118;ITERA;broker_pea_confirmed;GAP_CRITIQUE_PEA;Confirmation officielle requise, jamais déduite;https://live.euronext.com/en/product/equities/NO0010001118-XOSL;https://geco.amf-france.org
NO0010359433;JÆREN SPAREBANK;broker_pea_confirmed;GAP_CRITIQUE_PEA;Confirmation officielle requise, jamais déduite;https://live.euronext.com/en/product/equities/NO0010359433-XOSL;https://geco.amf-france.org
NO0010743545;KID;broker_pea_confirmed;GAP_CRITIQUE_PEA;Confirmation officielle requise, jamais déduite;https://live.euronext.com/en/product/equities/NO0010743545-XOSL;https://geco.amf-france.org
NO0003079709;KITRON;broker_pea_confirmed;GAP_CRITIQUE_PEA;Confirmation officielle requise, jamais déduite;https://live.euronext.com/en/product/equities/NO0003079709-XOSL;https://geco.amf-france.org
NO0010833262;KLAVENESS COMBINATION CARRIERS;broker_pea_confirmed;GAP_CRITIQUE_PEA;Confirmation officielle requise, jamais déduite;https://live.euronext.com/en/product/equities/NO0010833262-XOSL;https://geco.amf-france.org
NO0011016040;KOMPLETT ASA;broker_pea_confirmed;GAP_CRITIQUE_PEA;Confirmation officielle requise, jamais déduite;https://live.euronext.com/en/product/equities/NO0011016040-XOSL;https://geco.amf-france.org
NO0003033102;KONGSBERG AUTOMOTIVE;broker_pea_confirmed;GAP_CRITIQUE_PEA;Confirmation officielle requise, jamais déduite;https://live.euronext.com/en/product/equities/NO0003033102-XOSL;https://geco.amf-france.org
NO0013355859;LIFECARE ASA;broker_pea_confirmed;GAP_CRITIQUE_PEA;Confirmation officielle requise, jamais déduite;https://live.euronext.com/en/product/equities/NO0013355859-XOSL;https://geco.amf-france.org
NO0010894231;LINK MOBILITY GROUP HOLDING;broker_pea_confirmed;GAP_CRITIQUE_PEA;Confirmation officielle requise, jamais déduite;https://live.euronext.com/en/product/equities/NO0010894231-XOSL;https://geco.amf-france.org
NO0010187032;MAGNORA;broker_pea_confirmed;GAP_CRITIQUE_PEA;Confirmation officielle requise, jamais déduite;https://live.euronext.com/en/product/equities/NO0010187032-XOSL;https://geco.amf-france.org
NO0010159684;MEDISTIM;broker_pea_confirmed;GAP_CRITIQUE_PEA;Confirmation officielle requise, jamais déduite;https://live.euronext.com/en/product/equities/NO0010159684-XOSL;https://geco.amf-france.org
NO0006001908;MELHUS SPAREBANK;broker_pea_confirmed;GAP_CRITIQUE_PEA;Confirmation officielle requise, jamais déduite;https://live.euronext.com/en/product/equities/NO0006001908-XOSL;https://geco.amf-france.org
NO0013325506;MORELD;broker_pea_confirmed;GAP_CRITIQUE_PEA;Confirmation officielle requise, jamais déduite;https://live.euronext.com/en/product/equities/NO0013325506-XOSL;https://geco.amf-france.org
NO0010791353;MPC CONTAINER SHIPS;broker_pea_confirmed;GAP_CRITIQUE_PEA;Confirmation officielle requise, jamais déduite;https://live.euronext.com/en/product/equities/NO0010791353-XOSL;https://geco.amf-france.org
NO0010734338;MULTICONSULT;broker_pea_confirmed;GAP_CRITIQUE_PEA;Confirmation officielle requise, jamais déduite;https://live.euronext.com/en/product/equities/NO0010734338-XOSL;https://geco.amf-france.org
DK0060520450;NAPATECH;broker_pea_confirmed;GAP_CRITIQUE_PEA;Confirmation officielle requise, jamais déduite;https://live.euronext.com/en/product/equities/DK0060520450-XOSL;https://geco.amf-france.org
NO0010205966;NAVAMEDIC;broker_pea_confirmed;GAP_CRITIQUE_PEA;Confirmation officielle requise, jamais déduite;https://live.euronext.com/en/product/equities/NO0010205966-XOSL;https://geco.amf-france.org
NO0003049405;NEKKAR;broker_pea_confirmed;GAP_CRITIQUE_PEA;Confirmation officielle requise, jamais déduite;https://live.euronext.com/en/product/equities/NO0003049405-XOSL;https://geco.amf-france.org
NO0010081235;NEL;broker_pea_confirmed;GAP_CRITIQUE_PEA;Confirmation officielle requise, jamais déduite;https://live.euronext.com/en/product/equities/NO0010081235-XOSL;https://geco.amf-france.org
NO0013740142;NEXT BIOMETRICS GROUP;broker_pea_confirmed;GAP_CRITIQUE_PEA;Confirmation officielle requise, jamais déduite;https://live.euronext.com/en/product/equities/NO0013740142-XOSL;https://geco.amf-france.org
NO0010856511;NORBIT;broker_pea_confirmed;GAP_CRITIQUE_PEA;Confirmation officielle requise, jamais déduite;https://live.euronext.com/en/product/equities/NO0010856511-XOSL;https://geco.amf-france.org
NO0013052209;NORCONSULT ASA;broker_pea_confirmed;GAP_CRITIQUE_PEA;Confirmation officielle requise, jamais déduite;https://live.euronext.com/en/product/equities/NO0013052209-XOSL;https://geco.amf-france.org
NO0013683409;NORDIC FINANCIALS ASA;broker_pea_confirmed;GAP_CRITIQUE_PEA;Confirmation officielle requise, jamais déduite;https://live.euronext.com/en/product/equities/NO0013683409-XOAS;https://geco.amf-france.org
NO0013162693;NORDIC MINING;broker_pea_confirmed;GAP_CRITIQUE_PEA;Confirmation officielle requise, jamais déduite;https://live.euronext.com/en/product/equities/NO0013162693-XOSL;https://geco.amf-france.org
NO0012885252;NORSE ATLANTIC ASA;broker_pea_confirmed;GAP_CRITIQUE_PEA;Confirmation officielle requise, jamais déduite;https://live.euronext.com/en/product/equities/NO0012885252-XOAS;https://geco.amf-france.org
NO0010861115;NORSKE SKOG;broker_pea_confirmed;GAP_CRITIQUE_PEA;Confirmation officielle requise, jamais déduite;https://live.euronext.com/en/product/equities/NO0010861115-XOSL;https://geco.amf-france.org
NO0010550056;NORTH ENERGY;broker_pea_confirmed;GAP_CRITIQUE_PEA;Confirmation officielle requise, jamais déduite;https://live.euronext.com/en/product/equities/NO0010550056-XOAS;https://geco.amf-france.org
NO0010196140;NORWEGIAN AIR SHUTTLE;broker_pea_confirmed;GAP_CRITIQUE_PEA;Confirmation officielle requise, jamais déduite;https://live.euronext.com/en/product/equities/NO0010196140-XOSL;https://geco.amf-france.org
NO0003679102;NRC GROUP;broker_pea_confirmed;GAP_CRITIQUE_PEA;Confirmation officielle requise, jamais déduite;https://live.euronext.com/en/product/equities/NO0003679102-XOSL;https://geco.amf-france.org
NO0010714785;NYKODE THERAPEUTICS ASA;broker_pea_confirmed;GAP_CRITIQUE_PEA;Confirmation officielle requise, jamais déduite;https://live.euronext.com/en/product/equities/NO0010714785-XOSL;https://geco.amf-france.org
NO0013457952;OBSERVE MEDICAL;broker_pea_confirmed;GAP_CRITIQUE_PEA;Confirmation officielle requise, jamais déduite;https://live.euronext.com/en/product/equities/NO0013457952-XOAS;https://geco.amf-france.org
NO0003399909;ODFJELL SER. A;broker_pea_confirmed;GAP_CRITIQUE_PEA;Confirmation officielle requise, jamais déduite;https://live.euronext.com/en/product/equities/NO0003399909-XOSL;https://geco.amf-france.org
NO0010816895;OKEA;broker_pea_confirmed;GAP_CRITIQUE_PEA;Confirmation officielle requise, jamais déduite;https://live.euronext.com/en/product/equities/NO0010816895-XOSL;https://geco.amf-france.org
NO0010040611;OTELLO CORPORATION;broker_pea_confirmed;GAP_CRITIQUE_PEA;Confirmation officielle requise, jamais déduite;https://live.euronext.com/en/product/equities/NO0010040611-XOSL;https://geco.amf-france.org
NO0013721613;OTOVO ASA;broker_pea_confirmed;GAP_CRITIQUE_PEA;Confirmation officielle requise, jamais déduite;https://live.euronext.com/en/product/equities/NO0013721613-XOSL;https://geco.amf-france.org
NO0013711713;Oncoinvent;broker_pea_confirmed;GAP_CRITIQUE_PEA;Confirmation officielle requise, jamais déduite;https://live.euronext.com/en/product/equities/NO0013711713-XOSL;https://geco.amf-france.org
NO0010564701;PANORO ENERGY;broker_pea_confirmed;GAP_CRITIQUE_PEA;Confirmation officielle requise, jamais déduite;https://live.euronext.com/en/product/equities/NO0010564701-XOSL;https://geco.amf-france.org
NO0010397581;PARETO BANK;broker_pea_confirmed;GAP_CRITIQUE_PEA;Confirmation officielle requise, jamais déduite;https://live.euronext.com/en/product/equities/NO0010397581-XOSL;https://geco.amf-france.org
CY0102630916;PETROLIA;broker_pea_confirmed;GAP_CRITIQUE_PEA;Confirmation officielle requise, jamais déduite;https://live.euronext.com/en/product/equities/CY0102630916-XOSL;https://geco.amf-france.org
NO0012942525;PETRONOR E&P ASA;broker_pea_confirmed;GAP_CRITIQUE_PEA;Confirmation officielle requise, jamais déduite;https://live.euronext.com/en/product/equities/NO0012942525-XOSL;https://geco.amf-france.org
NO0010840507;PEXIP HOLDING;broker_pea_confirmed;GAP_CRITIQUE_PEA;Confirmation officielle requise, jamais déduite;https://live.euronext.com/en/product/equities/NO0010840507-XOSL;https://geco.amf-france.org
NO0010000045;PHOTOCURE;broker_pea_confirmed;GAP_CRITIQUE_PEA;Confirmation officielle requise, jamais déduite;https://live.euronext.com/en/product/equities/NO0010000045-XOSL;https://geco.amf-france.org
NO0010466022;POLARIS MEDIA;broker_pea_confirmed;GAP_CRITIQUE_PEA;Confirmation officielle requise, jamais déduite;https://live.euronext.com/en/product/equities/NO0010466022-XOSL;https://geco.amf-france.org
NO0012535832;POLIGHT;broker_pea_confirmed;GAP_CRITIQUE_PEA;Confirmation officielle requise, jamais déduite;https://live.euronext.com/en/product/equities/NO0012535832-XOSL;https://geco.amf-france.org
SE0028799411;PPI PUBLIC PROPERTY INVEST AB (PUBL);broker_pea_confirmed;GAP_CRITIQUE_PEA;Confirmation officielle requise, jamais déduite;https://live.euronext.com/en/product/equities/SE0028799411-XOSL;https://geco.amf-france.org
NO0010861990;PROSAFE;broker_pea_confirmed;GAP_CRITIQUE_PEA;Confirmation officielle requise, jamais déduite;https://live.euronext.com/en/product/equities/NO0010861990-XOSL;https://geco.amf-france.org
NO0010209331;PROTECTOR FORSIKRING;broker_pea_confirmed;GAP_CRITIQUE_PEA;Confirmation officielle requise, jamais déduite;https://live.euronext.com/en/product/equities/NO0010209331-XOSL;https://geco.amf-france.org
NO0003117202;REACH SUBSEA;broker_pea_confirmed;GAP_CRITIQUE_PEA;Confirmation officielle requise, jamais déduite;https://live.euronext.com/en/product/equities/NO0003117202-XOSL;https://geco.amf-france.org
NO0006001007;ROGALAND SPAREBANK;broker_pea_confirmed;GAP_CRITIQUE_PEA;Confirmation officielle requise, jamais déduite;https://live.euronext.com/en/product/equities/NO0006001007-XOSL;https://geco.amf-france.org
CY0101550917;S.D. STANDARD ETC PLC;broker_pea_confirmed;GAP_CRITIQUE_PEA;Confirmation officielle requise, jamais déduite;https://live.euronext.com/en/product/equities/CY0101550917-XOSL;https://geco.amf-france.org
NO0010572589;SAGA PURE;broker_pea_confirmed;GAP_CRITIQUE_PEA;Confirmation officielle requise, jamais déduite;https://live.euronext.com/en/product/equities/NO0010572589-XOSL;https://geco.amf-france.org
NO0010892094;SALMON EVOLUTION ASA;broker_pea_confirmed;GAP_CRITIQUE_PEA;Confirmation officielle requise, jamais déduite;https://live.euronext.com/en/product/equities/NO0010892094-XOSL;https://geco.amf-france.org
NO0010863285;SATS;broker_pea_confirmed;GAP_CRITIQUE_PEA;Confirmation officielle requise, jamais déduite;https://live.euronext.com/en/product/equities/NO0010863285-XOSL;https://geco.amf-france.org
NO0003053308;SCANA;broker_pea_confirmed;GAP_CRITIQUE_PEA;Confirmation officielle requise, jamais déduite;https://live.euronext.com/en/product/equities/NO0003053308-XOSL;https://geco.amf-france.org
NO0010715139;SCATEC ASA;broker_pea_confirmed;GAP_CRITIQUE_PEA;Confirmation officielle requise, jamais déduite;https://live.euronext.com/en/product/equities/NO0010715139-XOSL;https://geco.amf-france.org
CY0101162119;SED ENERGY HOLDINGS PLC;broker_pea_confirmed;GAP_CRITIQUE_PEA;Confirmation officielle requise, jamais déduite;https://live.euronext.com/en/product/equities/CY0101162119-XOSL;https://geco.amf-france.org
NO0010612450;SELVAAG BOLIG;broker_pea_confirmed;GAP_CRITIQUE_PEA;Confirmation officielle requise, jamais déduite;https://live.euronext.com/en/product/equities/NO0010612450-XOSL;https://geco.amf-france.org
NO0013573014;SENTIA;broker_pea_confirmed;GAP_CRITIQUE_PEA;Confirmation officielle requise, jamais déduite;https://live.euronext.com/en/product/equities/NO0013573014-XOSL;https://geco.amf-france.org
NO0006001809;SKUE SPAREBANK;broker_pea_confirmed;GAP_CRITIQUE_PEA;Confirmation officielle requise, jamais déduite;https://live.euronext.com/en/product/equities/NO0006001809-XOSL;https://geco.amf-france.org
NO0011012502;SMARTOPTICS GROUP ASA;broker_pea_confirmed;GAP_CRITIQUE_PEA;Confirmation officielle requise, jamais déduite;https://live.euronext.com/en/product/equities/NO0011012502-XOSL;https://geco.amf-france.org
NO0006000603;SOGN SPAREBANK;broker_pea_confirmed;GAP_CRITIQUE_PEA;Confirmation officielle requise, jamais déduite;https://live.euronext.com/en/product/equities/NO0006000603-XOSL;https://geco.amf-france.org
NO0010713571;SOILTECH ASA;broker_pea_confirmed;GAP_CRITIQUE_PEA;Confirmation officielle requise, jamais déduite;https://live.euronext.com/en/product/equities/NO0010713571-XOSL;https://geco.amf-france.org
NO0013135368;SOLSTAD MARITIME;broker_pea_confirmed;GAP_CRITIQUE_PEA;Confirmation officielle requise, jamais déduite;https://live.euronext.com/en/product/equities/NO0013135368-XOSL;https://geco.amf-france.org
NO0003080608;SOLSTAD OFFSHORE;broker_pea_confirmed;GAP_CRITIQUE_PEA;Confirmation officielle requise, jamais déduite;https://live.euronext.com/en/product/equities/NO0003080608-XOSL;https://geco.amf-france.org
NO0006390301;SPAREBANK 1 SMN;broker_pea_confirmed;GAP_CRITIQUE_PEA;Confirmation officielle requise, jamais déduite;https://live.euronext.com/en/product/equities/NO0006390301-XOSL;https://geco.amf-france.org
NO0012483207;SPAREBANKEN MØRE;broker_pea_confirmed;GAP_CRITIQUE_PEA;Confirmation officielle requise, jamais déduite;https://live.euronext.com/en/product/equities/NO0012483207-XOSL;https://geco.amf-france.org
NO0006000900;SPAREBANKEN VEST;broker_pea_confirmed;GAP_CRITIQUE_PEA;Confirmation officielle requise, jamais déduite;https://live.euronext.com/en/product/equities/NO0006000900-XOSL;https://geco.amf-france.org
NO0006222009;SPAREBANKEN ØST;broker_pea_confirmed;GAP_CRITIQUE_PEA;Confirmation officielle requise, jamais déduite;https://live.euronext.com/en/product/equities/NO0006222009-XOSL;https://geco.amf-france.org
NO0010691660;SPBK 1 NORDMØRE;broker_pea_confirmed;GAP_CRITIQUE_PEA;Confirmation officielle requise, jamais déduite;https://live.euronext.com/en/product/equities/NO0010691660-XOSL;https://geco.amf-france.org
NO0010751910;SPBK 1 ØSTLANDET;broker_pea_confirmed;GAP_CRITIQUE_PEA;Confirmation officielle requise, jamais déduite;https://live.euronext.com/en/product/equities/NO0010751910-XOSL;https://geco.amf-france.org
NO0010029804;SPBK1 HELGELAND;broker_pea_confirmed;GAP_CRITIQUE_PEA;Confirmation officielle requise, jamais déduite;https://live.euronext.com/en/product/equities/NO0010029804-XOSL;https://geco.amf-france.org
NO0006000801;SPBK1 NORD-NORGE;broker_pea_confirmed;GAP_CRITIQUE_PEA;Confirmation officielle requise, jamais déduite;https://live.euronext.com/en/product/equities/NO0006000801-XOSL;https://geco.amf-france.org
NO0006390400;SPBK1 RINGERIKE;broker_pea_confirmed;GAP_CRITIQUE_PEA;Confirmation officielle requise, jamais déduite;https://live.euronext.com/en/product/equities/NO0006390400-XOSL;https://geco.amf-france.org
NO0010285562;SPBK1 ØSTFOLD AKER;broker_pea_confirmed;GAP_CRITIQUE_PEA;Confirmation officielle requise, jamais déduite;https://live.euronext.com/en/product/equities/NO0010285562-XOSL;https://geco.amf-france.org
NO0010098247;STRONGPOINT;broker_pea_confirmed;GAP_CRITIQUE_PEA;Confirmation officielle requise, jamais déduite;https://live.euronext.com/en/product/equities/NO0010098247-XOSL;https://geco.amf-france.org
NO0012916131;TECHSTEP;broker_pea_confirmed;GAP_CRITIQUE_PEA;Confirmation officielle requise, jamais déduite;https://live.euronext.com/en/product/equities/NO0012916131-XOSL;https://geco.amf-france.org
NO0010951577;TEKNA HOLDING ASA;broker_pea_confirmed;GAP_CRITIQUE_PEA;Confirmation officielle requise, jamais déduite;https://live.euronext.com/en/product/equities/NO0010951577-XOSL;https://geco.amf-france.org
NO0003078800;TGS ASA;broker_pea_confirmed;GAP_CRITIQUE_PEA;Confirmation officielle requise, jamais déduite;https://live.euronext.com/en/product/equities/NO0003078800-XOSL;https://geco.amf-france.org
CY0200751713;THEON INTERNATIONAL PLC;broker_pea_confirmed;GAP_CRITIQUE_PEA;Confirmation officielle requise, jamais déduite;https://live.euronext.com/en/product/equities/CY0200751713-XAMS;https://geco.amf-france.org
NO0010597883;THOR MEDICAL ASA;broker_pea_confirmed;GAP_CRITIQUE_PEA;Confirmation officielle requise, jamais déduite;https://live.euronext.com/en/product/equities/NO0010597883-XOSL;https://geco.amf-france.org
NO0010788268;TRØNDELAG SPBK;broker_pea_confirmed;GAP_CRITIQUE_PEA;Confirmation officielle requise, jamais déduite;https://live.euronext.com/en/product/equities/NO0010788268-XOSL;https://geco.amf-france.org
NO0005806802;VEIDEKKE;broker_pea_confirmed;GAP_CRITIQUE_PEA;Confirmation officielle requise, jamais déduite;https://live.euronext.com/en/product/equities/NO0005806802-XOSL;https://geco.amf-france.org
NO0010734122;VISTIN PHARMA;broker_pea_confirmed;GAP_CRITIQUE_PEA;Confirmation officielle requise, jamais déduite;https://live.euronext.com/en/product/equities/NO0010734122-XOSL;https://geco.amf-france.org
NO0003025009;VOSS VEKSEL- OG LANDMANDSBANK;broker_pea_confirmed;GAP_CRITIQUE_PEA;Confirmation officielle requise, jamais déduite;https://live.euronext.com/en/product/equities/NO0003025009-XOSL;https://geco.amf-france.org
NO0010708068;VOW;broker_pea_confirmed;GAP_CRITIQUE_PEA;Confirmation officielle requise, jamais déduite;https://live.euronext.com/en/product/equities/NO0010708068-XOSL;https://geco.amf-france.org
NO0010609662;WEBSTEP;broker_pea_confirmed;GAP_CRITIQUE_PEA;Confirmation officielle requise, jamais déduite;https://live.euronext.com/en/product/equities/NO0010609662-XOSL;https://geco.amf-france.org
NO0010571698;WILH. WILHELMSEN HOLDING SER. A;broker_pea_confirmed;GAP_CRITIQUE_PEA;Confirmation officielle requise, jamais déduite;https://live.euronext.com/en/product/equities/NO0010571698-XOSL;https://geco.amf-france.org
NO0010708910;ZALARIS;broker_pea_confirmed;GAP_CRITIQUE_PEA;Confirmation officielle requise, jamais déduite;https://live.euronext.com/en/product/equities/NO0010708910-XOSL;https://geco.amf-france.org
NO0010713936;ZAPTEC ASA;broker_pea_confirmed;GAP_CRITIQUE_PEA;Confirmation officielle requise, jamais déduite;https://live.euronext.com/en/product/equities/NO0010713936-XOSL;https://geco.amf-france.org
NO0013524942;ZELLUNA;broker_pea_confirmed;GAP_CRITIQUE_PEA;Confirmation officielle requise, jamais déduite;https://live.euronext.com/en/product/equities/NO0013524942-XOSL;https://geco.amf-france.org
NO0010672181;AASEN SPAREBANK;broker_pea_confirmed;GAP_CRITIQUE_PEA;Confirmation officielle requise, jamais déduite;https://live.euronext.com/en/product/equities/NO0010672181-MERK;https://geco.amf-france.org
NO0013531616;ACE DIGITAL AS;broker_pea_confirmed;GAP_CRITIQUE_PEA;Confirmation officielle requise, jamais déduite;https://live.euronext.com/en/product/equities/NO0013531616-MERK;https://geco.amf-france.org
CY0108052115;ADS MARITIME HOLDING PLC;broker_pea_confirmed;GAP_CRITIQUE_PEA;Confirmation officielle requise, jamais déduite;https://live.euronext.com/en/product/equities/CY0108052115-MERK;https://geco.amf-france.org
SE0015193412;AKOBO MINERALS AB (PUB);broker_pea_confirmed;GAP_CRITIQUE_PEA;Confirmation officielle requise, jamais déduite;https://live.euronext.com/en/product/equities/SE0015193412-MERK;https://geco.amf-france.org
NO0010829765;ANDFJORD SALMON GROUP AS;broker_pea_confirmed;GAP_CRITIQUE_PEA;Confirmation officielle requise, jamais déduite;https://live.euronext.com/en/product/equities/NO0010829765-MERK;https://geco.amf-france.org
NO0010859580;ARCTIC BIOSCIENCE AS;broker_pea_confirmed;GAP_CRITIQUE_PEA;Confirmation officielle requise, jamais déduite;https://live.euronext.com/en/product/equities/NO0010859580-MERK;https://geco.amf-france.org
NO0010917719;ARCTIC FISH HOLDING AS;broker_pea_confirmed;GAP_CRITIQUE_PEA;Confirmation officielle requise, jamais déduite;https://live.euronext.com/en/product/equities/NO0010917719-MERK;https://geco.amf-france.org
NO0012861683;AYFIE INTERNATIONAL AS;broker_pea_confirmed;GAP_CRITIQUE_PEA;Confirmation officielle requise, jamais déduite;https://live.euronext.com/en/product/equities/NO0012861683-MERK;https://geco.amf-france.org
NO0010810476;BALTIC SEA PROPERTIES;broker_pea_confirmed;GAP_CRITIQUE_PEA;Confirmation officielle requise, jamais déduite;https://live.euronext.com/en/product/equities/NO0010810476-MERK;https://geco.amf-france.org
NO0010950249;BERGEN CARBON SOLUTIONS AS;broker_pea_confirmed;GAP_CRITIQUE_PEA;Confirmation officielle requise, jamais déduite;https://live.euronext.com/en/product/equities/NO0010950249-MERK;https://geco.amf-france.org
NO0013685750;BLACK SEA PROPERTY;broker_pea_confirmed;GAP_CRITIQUE_PEA;Confirmation officielle requise, jamais déduite;https://live.euronext.com/en/product/equities/NO0013685750-MERK;https://geco.amf-france.org
NO0003087603;BYGGMA;broker_pea_confirmed;GAP_CRITIQUE_PEA;Confirmation officielle requise, jamais déduite;https://live.euronext.com/en/product/equities/NO0003087603-MERK;https://geco.amf-france.org
NO0010078850;CAMBI ASA;broker_pea_confirmed;GAP_CRITIQUE_PEA;Confirmation officielle requise, jamais déduite;https://live.euronext.com/en/product/equities/NO0010078850-MERK;https://geco.amf-france.org
NO0013483503;CODELAB CAPITAL AS;broker_pea_confirmed;GAP_CRITIQUE_PEA;Confirmation officielle requise, jamais déduite;https://live.euronext.com/en/product/equities/NO0013483503-MERK;https://geco.amf-france.org
NO0010015175;CYVIZ AS;broker_pea_confirmed;GAP_CRITIQUE_PEA;Confirmation officielle requise, jamais déduite;https://live.euronext.com/en/product/equities/NO0010015175-MERK;https://geco.amf-france.org
NO0010955917;DEEP VALUE DRILLER AS;broker_pea_confirmed;GAP_CRITIQUE_PEA;Confirmation officielle requise, jamais déduite;https://live.euronext.com/en/product/equities/NO0010955917-MERK;https://geco.amf-france.org
NO0010963275;DESERT CONTROL AS;broker_pea_confirmed;GAP_CRITIQUE_PEA;Confirmation officielle requise, jamais déduite;https://live.euronext.com/en/product/equities/NO0010963275-MERK;https://geco.amf-france.org
NO0013711739;DOLPHIN DRILLING AS;broker_pea_confirmed;GAP_CRITIQUE_PEA;Confirmation officielle requise, jamais déduite;https://live.euronext.com/en/product/equities/NO0013711739-MERK;https://geco.amf-france.org
NO0010911902;ELEKTROIMPORTØREN AS;broker_pea_confirmed;GAP_CRITIQUE_PEA;Confirmation officielle requise, jamais déduite;https://live.euronext.com/en/product/equities/NO0010911902-MERK;https://geco.amf-france.org
NO0013698431;ENERGEIA AS;broker_pea_confirmed;GAP_CRITIQUE_PEA;Confirmation officielle requise, jamais déduite;https://live.euronext.com/en/product/equities/NO0013698431-MERK;https://geco.amf-france.org
NO0010852213;EXACT THERAPEUTICS;broker_pea_confirmed;GAP_CRITIQUE_PEA;Confirmation officielle requise, jamais déduite;https://live.euronext.com/en/product/equities/NO0010852213-MERK;https://geco.amf-france.org
NO0013209858;FLEKKEFJORD SPAREB;broker_pea_confirmed;GAP_CRITIQUE_PEA;Confirmation officielle requise, jamais déduite;https://live.euronext.com/en/product/equities/NO0013209858-MERK;https://geco.amf-france.org
NO0011013765;GIGANTE SALMON AS;broker_pea_confirmed;GAP_CRITIQUE_PEA;Confirmation officielle requise, jamais déduite;https://live.euronext.com/en/product/equities/NO0011013765-MERK;https://geco.amf-france.org
MT0003060101;GOLD ROAD INTERNATIONAL P.L.C;broker_pea_confirmed;GAP_CRITIQUE_PEA;Confirmation officielle requise, jamais déduite;https://live.euronext.com/en/product/equities/MT0003060101-MERK;https://geco.amf-france.org
NO0013228585;GOLDEN ENERGY OFFSHORE SERVICES ASA;broker_pea_confirmed;GAP_CRITIQUE_PEA;Confirmation officielle requise, jamais déduite;https://live.euronext.com/en/product/equities/NO0013228585-MERK;https://geco.amf-france.org
NO0010907744;GREEN MINERALS AS;broker_pea_confirmed;GAP_CRITIQUE_PEA;Confirmation officielle requise, jamais déduite;https://live.euronext.com/en/product/equities/NO0010907744-MERK;https://geco.amf-france.org
NO0010636491;GRONG SPAREBANK;broker_pea_confirmed;GAP_CRITIQUE_PEA;Confirmation officielle requise, jamais déduite;https://live.euronext.com/en/product/equities/NO0010636491-MERK;https://geco.amf-france.org
NO0010931918;HAV GROUP ASA;broker_pea_confirmed;GAP_CRITIQUE_PEA;Confirmation officielle requise, jamais déduite;https://live.euronext.com/en/product/equities/NO0010931918-MERK;https://geco.amf-france.org
NO0013696799;HAVILA KYSTRUTEN AS;broker_pea_confirmed;GAP_CRITIQUE_PEA;Confirmation officielle requise, jamais déduite;https://live.euronext.com/en/product/equities/NO0013696799-MERK;https://geco.amf-france.org
NO0010859648;HUDDLESTOCK FINTECH;broker_pea_confirmed;GAP_CRITIQUE_PEA;Confirmation officielle requise, jamais déduite;https://live.euronext.com/en/product/equities/NO0010859648-MERK;https://geco.amf-france.org
NO0013470534;HUDDLY AS;broker_pea_confirmed;GAP_CRITIQUE_PEA;Confirmation officielle requise, jamais déduite;https://live.euronext.com/en/product/equities/NO0013470534-MERK;https://geco.amf-france.org
NO0010920945;HYNION AS;broker_pea_confirmed;GAP_CRITIQUE_PEA;Confirmation officielle requise, jamais déduite;https://live.euronext.com/en/product/equities/NO0010920945-MERK;https://geco.amf-france.org
NO0010724701;ICELANDIC SALMON;broker_pea_confirmed;GAP_CRITIQUE_PEA;Confirmation officielle requise, jamais déduite;https://live.euronext.com/en/product/equities/NO0010724701-MERK;https://geco.amf-france.org
NO0010536048;INDUCT;broker_pea_confirmed;GAP_CRITIQUE_PEA;Confirmation officielle requise, jamais déduite;https://live.euronext.com/en/product/equities/NO0010536048-MERK;https://geco.amf-france.org
SE0017486103;INIFY LABORATORIES AB;broker_pea_confirmed;GAP_CRITIQUE_PEA;Confirmation officielle requise, jamais déduite;https://live.euronext.com/en/product/equities/SE0017486103-MERK;https://geco.amf-france.org
NO0010864036;ININ GROUP AS;broker_pea_confirmed;GAP_CRITIQUE_PEA;Confirmation officielle requise, jamais déduite;https://live.euronext.com/en/product/equities/NO0010864036-MERK;https://geco.amf-france.org
NO0010762792;INSTABANK;broker_pea_confirmed;GAP_CRITIQUE_PEA;Confirmation officielle requise, jamais déduite;https://live.euronext.com/en/product/equities/NO0010762792-MERK;https://geco.amf-france.org
NO0013461350;INTEGRATED WIND SOLUTIONS ASA;broker_pea_confirmed;GAP_CRITIQUE_PEA;Confirmation officielle requise, jamais déduite;https://live.euronext.com/en/product/equities/NO0013461350-XOSL;https://geco.amf-france.org
NO0012477704;JACKTEL AS;broker_pea_confirmed;GAP_CRITIQUE_PEA;Confirmation officielle requise, jamais déduite;https://live.euronext.com/en/product/equities/NO0012477704-MERK;https://geco.amf-france.org
NO0010884794;KALDVIK AS;broker_pea_confirmed;GAP_CRITIQUE_PEA;Confirmation officielle requise, jamais déduite;https://live.euronext.com/en/product/equities/NO0010884794-MERK;https://geco.amf-france.org
NO0010815103;KRAFT BANK ASA;broker_pea_confirmed;GAP_CRITIQUE_PEA;Confirmation officielle requise, jamais déduite;https://live.euronext.com/en/product/equities/NO0010815103-MERK;https://geco.amf-france.org
NO0010921299;LOKOTECH GROUP AS;broker_pea_confirmed;GAP_CRITIQUE_PEA;Confirmation officielle requise, jamais déduite;https://live.euronext.com/en/product/equities/NO0010921299-MERK;https://geco.amf-france.org
NO0010927288;LUMI EDUCATION GROUP AS;broker_pea_confirmed;GAP_CRITIQUE_PEA;Confirmation officielle requise, jamais déduite;https://live.euronext.com/en/product/equities/NO0010927288-MERK;https://geco.amf-france.org
NO0010405780;LYTIX BIOPHARMA ASA;broker_pea_confirmed;GAP_CRITIQUE_PEA;Confirmation officielle requise, jamais déduite;https://live.euronext.com/en/product/equities/NO0010405780-MERK;https://geco.amf-france.org
NO0010976343;M VEST WATER AS;broker_pea_confirmed;GAP_CRITIQUE_PEA;Confirmation officielle requise, jamais déduite;https://live.euronext.com/en/product/equities/NO0010976343-MERK;https://geco.amf-france.org
NO0010974983;MÅSØVAL AS;broker_pea_confirmed;GAP_CRITIQUE_PEA;Confirmation officielle requise, jamais déduite;https://live.euronext.com/en/product/equities/NO0010974983-MERK;https://geco.amf-france.org
GRS802003004;NEUROSOFT;broker_pea_confirmed;GAP_CRITIQUE_PEA;Confirmation officielle requise, jamais déduite;https://live.euronext.com/en/product/equities/GRS802003004-EXGM;https://geco.amf-france.org
NO0010733082;NIDAROS SPAREBANK;broker_pea_confirmed;GAP_CRITIQUE_PEA;Confirmation officielle requise, jamais déduite;https://live.euronext.com/en/product/equities/NO0010733082-MERK;https://geco.amf-france.org
NO0010360019;NORAM DRILLING AS;broker_pea_confirmed;GAP_CRITIQUE_PEA;Confirmation officielle requise, jamais déduite;https://live.euronext.com/en/product/equities/NO0010360019-MERK;https://geco.amf-france.org
NO0010892912;NORCOD;broker_pea_confirmed;GAP_CRITIQUE_PEA;Confirmation officielle requise, jamais déduite;https://live.euronext.com/en/product/equities/NO0010892912-MERK;https://geco.amf-france.org
NO0011002651;NORDHEALTH AS A-AKSJER;broker_pea_confirmed;GAP_CRITIQUE_PEA;Confirmation officielle requise, jamais déduite;https://live.euronext.com/en/product/equities/NO0011002651-MERK;https://geco.amf-france.org
NO0012928805;NORDIC AQUA PARTNERS AS;broker_pea_confirmed;GAP_CRITIQUE_PEA;Confirmation officielle requise, jamais déduite;https://live.euronext.com/en/product/equities/NO0012928805-MERK;https://geco.amf-france.org
NO0003058109;NORDIC HALIBUT AS;broker_pea_confirmed;GAP_CRITIQUE_PEA;Confirmation officielle requise, jamais déduite;https://live.euronext.com/en/product/equities/NO0003058109-MERK;https://geco.amf-france.org
NO0011018434;NORDIC TECHNOLOGY GROUP AS;broker_pea_confirmed;GAP_CRITIQUE_PEA;Confirmation officielle requise, jamais déduite;https://live.euronext.com/en/product/equities/NO0011018434-MERK;https://geco.amf-france.org
NO0010969108;NORSK TITANIUM AS;broker_pea_confirmed;GAP_CRITIQUE_PEA;Confirmation officielle requise, jamais déduite;https://live.euronext.com/en/product/equities/NO0010969108-MERK;https://geco.amf-france.org
NO0010984966;NORWEGIAN BLOCK EXCHANGE AS;broker_pea_confirmed;GAP_CRITIQUE_PEA;Confirmation officielle requise, jamais déduite;https://live.euronext.com/en/product/equities/NO0010984966-MERK;https://geco.amf-france.org
NO0010917339;NOS NOVA AS;broker_pea_confirmed;GAP_CRITIQUE_PEA;Confirmation officielle requise, jamais déduite;https://live.euronext.com/en/product/equities/NO0010917339-MERK;https://geco.amf-france.org
NO0010914641;OCEAN GEOLOOP AS;broker_pea_confirmed;GAP_CRITIQUE_PEA;Confirmation officielle requise, jamais déduite;https://live.euronext.com/en/product/equities/NO0010914641-MERK;https://geco.amf-france.org
NO0010887565;OCEAN SUN;broker_pea_confirmed;GAP_CRITIQUE_PEA;Confirmation officielle requise, jamais déduite;https://live.euronext.com/en/product/equities/NO0010887565-MERK;https://geco.amf-france.org
NO0010894512;OMDA AS;broker_pea_confirmed;GAP_CRITIQUE_PEA;Confirmation officielle requise, jamais déduite;https://live.euronext.com/en/product/equities/NO0010894512-MERK;https://geco.amf-france.org
CY0201461213;PELICAN AQUA HOLDING PLC;broker_pea_confirmed;GAP_CRITIQUE_PEA;Confirmation officielle requise, jamais déduite;https://live.euronext.com/en/product/equities/CY0201461213-MERK;https://geco.amf-france.org
NO0013756361;POLAR RESOURCES AS;broker_pea_confirmed;GAP_CRITIQUE_PEA;Confirmation officielle requise, jamais déduite;https://live.euronext.com/en/product/equities/NO0013756361-MERK;https://geco.amf-france.org
NO0010893902;PROXIMAR SEAFOOD AS;broker_pea_confirmed;GAP_CRITIQUE_PEA;Confirmation officielle requise, jamais déduite;https://live.euronext.com/en/product/equities/NO0010893902-MERK;https://geco.amf-france.org
MT0001710103;RIVER TECH;broker_pea_confirmed;GAP_CRITIQUE_PEA;Confirmation officielle requise, jamais déduite;https://live.euronext.com/en/product/equities/MT0001710103-MERK;https://geco.amf-france.org
NO0010808405;ROMERIKE SPAREBK;broker_pea_confirmed;GAP_CRITIQUE_PEA;Confirmation officielle requise, jamais déduite;https://live.euronext.com/en/product/equities/NO0010808405-MERK;https://geco.amf-france.org
NO0010759988;ROMSDAL SPAREBANK;broker_pea_confirmed;GAP_CRITIQUE_PEA;Confirmation officielle requise, jamais déduite;https://live.euronext.com/en/product/equities/NO0010759988-MERK;https://geco.amf-france.org
NO0010931207;SKANDIA GREENPOWER AS;broker_pea_confirmed;GAP_CRITIQUE_PEA;Confirmation officielle requise, jamais déduite;https://live.euronext.com/en/product/equities/NO0010931207-MERK;https://geco.amf-france.org
NO0010811961;SOFTOX SOLUTIONS;broker_pea_confirmed;GAP_CRITIQUE_PEA;Confirmation officielle requise, jamais déduite;https://live.euronext.com/en/product/equities/NO0010811961-MERK;https://geco.amf-france.org
NO0010887110;SPARBNK 68 GR NORD;broker_pea_confirmed;GAP_CRITIQUE_PEA;Confirmation officielle requise, jamais déduite;https://live.euronext.com/en/product/equities/NO0010887110-MERK;https://geco.amf-france.org
NO0012780958;STAINLESS TANKERS ASA;broker_pea_confirmed;GAP_CRITIQUE_PEA;Confirmation officielle requise, jamais déduite;https://live.euronext.com/en/product/equities/NO0012780958-MERK;https://geco.amf-france.org
GRS528003007;THE AZUR SELECTION S.A.;broker_pea_confirmed;GAP_CRITIQUE_PEA;Confirmation officielle requise, jamais déduite;https://live.euronext.com/en/product/equities/GRS528003007-XMLI;https://geco.amf-france.org
NO0010768096;WESTERN BULK CHARTERING AS;broker_pea_confirmed;GAP_CRITIQUE_PEA;Confirmation officielle requise, jamais déduite;https://live.euronext.com/en/product/equities/NO0010768096-MERK;https://geco.amf-france.org
NO0010895782;XPLORA TECHNOLOGIES;broker_pea_confirmed;GAP_CRITIQUE_PEA;Confirmation officielle requise, jamais déduite;https://live.euronext.com/en/product/equities/NO0010895782-MERK;https://geco.amf-france.org
IT0000784196;BCA POP SONDRDIO;broker_pea_confirmed;GAP_CRITIQUE_PEA;Confirmation officielle requise, jamais déduite;https://live.euronext.com/en/product/equities/IT0000784196-XMIL;https://geco.amf-france.org
IT0003497168;TELECOM ITALIA;broker_pea_confirmed;GAP_CRITIQUE_PEA;Confirmation officielle requise, jamais déduite;https://live.euronext.com/en/product/equities/IT0003497168-XMIL;https://geco.amf-france.org
FR0000053837;ALTAMIR;broker_pea_confirmed;GAP_CRITIQUE_PEA;Confirmation officielle requise, jamais déduite;https://live.euronext.com/en/product/equities/FR0000053837-XPAR;https://geco.amf-france.org
FR0000063935;BONDUELLE;broker_pea_confirmed;GAP_CRITIQUE_PEA;Confirmation officielle requise, jamais déduite;https://live.euronext.com/en/product/equities/FR0000063935-XPAR;https://geco.amf-france.org
BE0974496284;OPTION;broker_pea_confirmed;GAP_CRITIQUE_PEA;Confirmation officielle requise, jamais déduite;https://live.euronext.com/en/product/equities/BE0974496284-XBRU;https://geco.amf-france.org
IT0005380602;SIPARIO MOVIES;broker_pea_confirmed;GAP_CRITIQUE_PEA;Confirmation officielle requise, jamais déduite;https://live.euronext.com/en/product/equities/IT0005380602-ALXP;https://geco.amf-france.org
FR0012709160;UNITI;broker_pea_confirmed;GAP_CRITIQUE_PEA;Confirmation officielle requise, jamais déduite;https://live.euronext.com/en/product/equities/FR0012709160-ALXP;https://geco.amf-france.org
GB00BNKGZC51;AMA CORPORATION PLC;broker_pea_confirmed;GAP_CRITIQUE_PEA;Confirmation officielle requise, jamais déduite;https://live.euronext.com/en/product/equities/GB00BNKGZC51-ALXP;https://geco.amf-france.org
GB00BMDXQ672;HAMILTON GLOBAL OPPORTUNITIES PLC;broker_pea_confirmed;GAP_CRITIQUE_PEA;Confirmation officielle requise, jamais déduite;https://live.euronext.com/en/product/equities/GB00BMDXQ672-ALXP;https://geco.amf-france.org
IT0005585861;HEALTH ITALIA;broker_pea_confirmed;GAP_CRITIQUE_PEA;Confirmation officielle requise, jamais déduite;https://live.euronext.com/en/product/equities/IT0005585861-XMIL;https://geco.amf-france.org
IT0005422792;TRENDEVICE;broker_pea_confirmed;GAP_CRITIQUE_PEA;Confirmation officielle requise, jamais déduite;https://live.euronext.com/en/product/equities/IT0005422792-XMIL;https://geco.amf-france.org
IE000Y2HN3O9;DONEGAL INVESTMENT GROUP PLC;broker_pea_confirmed;GAP_CRITIQUE_PEA;Confirmation officielle requise, jamais déduite;https://live.euronext.com/en/product/equities/IE000Y2HN3O9-XDUB;https://geco.amf-france.org
FR001400UT31;ADOMOS;broker_pea_confirmed;GAP_CRITIQUE_PEA;Confirmation officielle requise, jamais déduite;https://live.euronext.com/en/product/equities/FR001400UT31-XPAR;https://geco.amf-france.org
FR0014000JX7;ALCHIMIE SA;broker_pea_confirmed;GAP_CRITIQUE_PEA;Confirmation officielle requise, jamais déduite;https://live.euronext.com/en/product/equities/FR0014000JX7-XPAR;https://geco.amf-france.org
FR0010478248;ATARI S.A.;broker_pea_confirmed;GAP_CRITIQUE_PEA;Confirmation officielle requise, jamais déduite;https://live.euronext.com/en/product/equities/FR0010478248-XPAR;https://geco.amf-france.org
FR0013410370;AUPLATA MINING GROUP (AMG);broker_pea_confirmed;GAP_CRITIQUE_PEA;Confirmation officielle requise, jamais déduite;https://live.euronext.com/en/product/equities/FR0013410370-XPAR;https://geco.amf-france.org
FR001400IV58;AVENTADOR;broker_pea_confirmed;GAP_CRITIQUE_PEA;Confirmation officielle requise, jamais déduite;https://live.euronext.com/en/product/equities/FR001400IV58-XPAR;https://geco.amf-france.org
FR001400OS22;BOOSTHEAT;broker_pea_confirmed;GAP_CRITIQUE_PEA;Confirmation officielle requise, jamais déduite;https://live.euronext.com/en/product/equities/FR001400OS22-XPAR;https://geco.amf-france.org
FR001400DIY6;CABASSE S.A.;broker_pea_confirmed;GAP_CRITIQUE_PEA;Confirmation officielle requise, jamais déduite;https://live.euronext.com/en/product/equities/FR001400DIY6-XPAR;https://geco.amf-france.org
FR0010907956;CARMAT;broker_pea_confirmed;GAP_CRITIQUE_PEA;Confirmation officielle requise, jamais déduite;https://live.euronext.com/en/product/equities/FR0010907956-XPAR;https://geco.amf-france.org
FR0013178712;CERINNOV GROUP;broker_pea_confirmed;GAP_CRITIQUE_PEA;Confirmation officielle requise, jamais déduite;https://live.euronext.com/en/product/equities/FR0013178712-XPAR;https://geco.amf-france.org
FR0013335742;COGELEC;broker_pea_confirmed;GAP_CRITIQUE_PEA;Confirmation officielle requise, jamais déduite;https://live.euronext.com/en/product/equities/FR0013335742-XPAR;https://geco.amf-france.org
IE0001827264;CRH PLC;broker_pea_confirmed;GAP_CRITIQUE_PEA;Confirmation officielle requise, jamais déduite;https://live.euronext.com/en/product/equities/IE0001827264-XDUB;https://geco.amf-france.org
FR0000045122;ENTREPRENDRE;broker_pea_confirmed;GAP_CRITIQUE_PEA;Confirmation officielle requise, jamais déduite;https://live.euronext.com/en/product/equities/FR0000045122-XPAR;https://geco.amf-france.org
FR001400PDG8;EUROPLASMA;broker_pea_confirmed;GAP_CRITIQUE_PEA;Confirmation officielle requise, jamais déduite;https://live.euronext.com/en/product/equities/FR001400PDG8-XPAR;https://geco.amf-france.org
FR0004034593;FASHION B AIR;broker_pea_confirmed;GAP_CRITIQUE_PEA;Confirmation officielle requise, jamais déduite;https://live.euronext.com/en/product/equities/FR0004034593-XPAR;https://geco.amf-france.org
FR0011052257;GLOBALBIOENERGIES;broker_pea_confirmed;GAP_CRITIQUE_PEA;Confirmation officielle requise, jamais déduite;https://live.euronext.com/en/product/equities/FR0011052257-XPAR;https://geco.amf-france.org
FR0011884378;LUCIBEL;broker_pea_confirmed;GAP_CRITIQUE_PEA;Confirmation officielle requise, jamais déduite;https://live.euronext.com/en/product/equities/FR0011884378-XPAR;https://geco.amf-france.org
FR0014010856;NEOVACS;broker_pea_confirmed;GAP_CRITIQUE_PEA;Confirmation officielle requise, jamais déduite;https://live.euronext.com/en/product/equities/FR0014010856-XPAR;https://geco.amf-france.org
FR0013015583;POULAILLON;broker_pea_confirmed;GAP_CRITIQUE_PEA;Confirmation officielle requise, jamais déduite;https://live.euronext.com/en/product/equities/FR0013015583-XPAR;https://geco.amf-france.org
FR0010313486;PRODWARE;broker_pea_confirmed;GAP_CRITIQUE_PEA;Confirmation officielle requise, jamais déduite;https://live.euronext.com/en/product/equities/FR0010313486-XPAR;https://geco.amf-france.org
FR0010812230;SIRIUS MEDIA;broker_pea_confirmed;GAP_CRITIQUE_PEA;Confirmation officielle requise, jamais déduite;https://live.euronext.com/en/product/equities/FR0010812230-XPAR;https://geco.amf-france.org
FR0000035305;TRACTIAL;broker_pea_confirmed;GAP_CRITIQUE_PEA;Confirmation officielle requise, jamais déduite;https://live.euronext.com/en/product/equities/FR0000035305-XPAR;https://geco.amf-france.org
FR0004175099;TRONIC'S MICROSYSTEMS;broker_pea_confirmed;GAP_CRITIQUE_PEA;Confirmation officielle requise, jamais déduite;https://live.euronext.com/en/product/equities/FR0004175099-XPAR;https://geco.amf-france.org
FR0013530102;VEOM Group;broker_pea_confirmed;GAP_CRITIQUE_PEA;Confirmation officielle requise, jamais déduite;https://live.euronext.com/en/product/equities/FR0013530102-XPAR;https://geco.amf-france.org
FR001400JXA2;VERGNET;broker_pea_confirmed;GAP_CRITIQUE_PEA;Confirmation officielle requise, jamais déduite;https://live.euronext.com/en/product/equities/FR001400JXA2-XPAR;https://geco.amf-france.org
GB00BK6RLF66;AQUILA EUROPEAN RENEWABLES PLC;broker_pea_confirmed;GAP_CRITIQUE_PEA;Confirmation officielle requise, jamais déduite;https://live.euronext.com/en/product/equities/GB00BK6RLF66-XLON;https://geco.amf-france.org
GB00BM9PTW47;RAPID NUTRITION;broker_pea_confirmed;GAP_CRITIQUE_PEA;Confirmation officielle requise, jamais déduite;https://live.euronext.com/en/product/equities/GB00BM9PTW47-XLON;https://geco.amf-france.org
LU1598757687;ARCELORMITTAL SA;corporate_status;GAP_CRITIQUE_PEA;Confirmation officielle requise, jamais déduite;https://live.euronext.com/en/product/equities/LU1598757687-XAMS;https://geco.amf-france.org
BE0974293251;AB INBEV;corporate_status;GAP_CRITIQUE_PEA;Confirmation officielle requise, jamais déduite;https://live.euronext.com/en/product/equities/BE0974293251-XBRU;https://geco.amf-france.org
NL0011540547;ABN AMRO BANK N.V.;corporate_status;GAP_CRITIQUE_PEA;Confirmation officielle requise, jamais déduite;https://live.euronext.com/en/product/equities/NL0011540547-XAMS;https://geco.amf-france.org
FR0000120404;ACCOR;corporate_status;GAP_CRITIQUE_PEA;Confirmation officielle requise, jamais déduite;https://live.euronext.com/en/product/equities/FR0000120404-XPAR;https://geco.amf-france.org
NL0012969182;ADYEN;corporate_status;GAP_CRITIQUE_PEA;Confirmation officielle requise, jamais déduite;https://live.euronext.com/en/product/equities/NL0012969182-XAMS;https://geco.amf-france.org
BE0974264930;AGEAS;corporate_status;GAP_CRITIQUE_PEA;Confirmation officielle requise, jamais déduite;https://live.euronext.com/en/product/equities/BE0974264930-XBRU;https://geco.amf-france.org
FR0000120073;AIR LIQUIDE;corporate_status;GAP_CRITIQUE_PEA;Confirmation officielle requise, jamais déduite;https://live.euronext.com/en/product/equities/FR0000120073-XPAR;https://geco.amf-france.org
NL0000235190;AIRBUS SE;corporate_status;GAP_CRITIQUE_PEA;Confirmation officielle requise, jamais déduite;https://live.euronext.com/en/product/equities/NL0000235190-XPAR;https://geco.amf-france.org
NL0013267909;AKZO NOBEL;corporate_status;GAP_CRITIQUE_PEA;Confirmation officielle requise, jamais déduite;https://live.euronext.com/en/product/equities/NL0013267909-XAMS;https://geco.amf-france.org
NL0010832176;ARGENX SE;corporate_status;GAP_CRITIQUE_PEA;Confirmation officielle requise, jamais déduite;https://live.euronext.com/en/product/equities/NL0010832176-XBRU;https://geco.amf-france.org
NL0000334118;ASM International N.V.;corporate_status;GAP_CRITIQUE_PEA;Confirmation officielle requise, jamais déduite;https://live.euronext.com/en/product/equities/NL0000334118-XAMS;https://geco.amf-france.org
NL0010273215;ASML HOLDING;corporate_status;GAP_CRITIQUE_PEA;Confirmation officielle requise, jamais déduite;https://live.euronext.com/en/product/equities/NL0010273215-XAMS;https://geco.amf-france.org
NL0011872643;ASR NEDERLAND;corporate_status;GAP_CRITIQUE_PEA;Confirmation officielle requise, jamais déduite;https://live.euronext.com/en/product/equities/NL0011872643-XAMS;https://geco.amf-france.org
FR0000120628;AXA;corporate_status;GAP_CRITIQUE_PEA;Confirmation officielle requise, jamais déduite;https://live.euronext.com/en/product/equities/FR0000120628-XPAR;https://geco.amf-france.org
FR0000131104;BNP PARIBAS ACT.A;corporate_status;GAP_CRITIQUE_PEA;Confirmation officielle requise, jamais déduite;https://live.euronext.com/en/product/equities/FR0000131104-XPAR;https://geco.amf-france.org
FR0000120503;BOUYGUES;corporate_status;GAP_CRITIQUE_PEA;Confirmation officielle requise, jamais déduite;https://live.euronext.com/en/product/equities/FR0000120503-XPAR;https://geco.amf-france.org
FR0006174348;BUREAU VERITAS;corporate_status;GAP_CRITIQUE_PEA;Confirmation officielle requise, jamais déduite;https://live.euronext.com/en/product/equities/FR0006174348-XPAR;https://geco.amf-france.org
FR0000125338;CAPGEMINI;corporate_status;GAP_CRITIQUE_PEA;Confirmation officielle requise, jamais déduite;https://live.euronext.com/en/product/equities/FR0000125338-XPAR;https://geco.amf-france.org
FR0000045072;CREDIT AGRICOLE;corporate_status;GAP_CRITIQUE_PEA;Confirmation officielle requise, jamais déduite;https://live.euronext.com/en/product/equities/FR0000045072-XPAR;https://geco.amf-france.org
FR0000120578;SANOFI;corporate_status;GAP_CRITIQUE_PEA;Confirmation officielle requise, jamais déduite;https://live.euronext.com/en/product/equities/FR0000120578-XPAR;https://geco.amf-france.org
FR0000121972;SCHNEIDER ELECTRIC SE;corporate_status;GAP_CRITIQUE_PEA;Confirmation officielle requise, jamais déduite;https://live.euronext.com/en/product/equities/FR0000121972-XPAR;https://geco.amf-france.org
NL0000226223;STMICROELECTRONICS;corporate_status;GAP_CRITIQUE_PEA;Confirmation officielle requise, jamais déduite;https://live.euronext.com/en/product/equities/NL0000226223-XPAR;https://geco.amf-france.org
FR0000121329;THALES;corporate_status;GAP_CRITIQUE_PEA;Confirmation officielle requise, jamais déduite;https://live.euronext.com/en/product/equities/FR0000121329-XPAR;https://geco.amf-france.org
FR0000120271;TOTALENERGIES;corporate_status;GAP_CRITIQUE_PEA;Confirmation officielle requise, jamais déduite;https://live.euronext.com/en/product/equities/FR0000120271-XPAR;https://geco.amf-france.org
BE0003739530;UCB;corporate_status;GAP_CRITIQUE_PEA;Confirmation officielle requise, jamais déduite;https://live.euronext.com/en/product/equities/BE0003739530-XBRU;https://geco.amf-france.org
FR0000120172;CARREFOUR;corporate_status;GAP_CRITIQUE_PEA;Confirmation officielle requise, jamais déduite;https://live.euronext.com/en/product/equities/FR0000120172-XPAR;https://geco.amf-france.org
FR0000120644;DANONE;corporate_status;GAP_CRITIQUE_PEA;Confirmation officielle requise, jamais déduite;https://live.euronext.com/en/product/equities/FR0000120644-XPAR;https://geco.amf-france.org
FR0014003TT8;DASSAULT SYSTEMES;corporate_status;GAP_CRITIQUE_PEA;Confirmation officielle requise, jamais déduite;https://live.euronext.com/en/product/equities/FR0014003TT8-XPAR;https://geco.amf-france.org
FR0010208488;ENGIE;corporate_status;GAP_CRITIQUE_PEA;Confirmation officielle requise, jamais déduite;https://live.euronext.com/en/product/equities/FR0010208488-XPAR;https://geco.amf-france.org
FR0000121667;ESSILORLUXOTTICA;corporate_status;GAP_CRITIQUE_PEA;Confirmation officielle requise, jamais déduite;https://live.euronext.com/en/product/equities/FR0000121667-XPAR;https://geco.amf-france.org
FR0014000MR3;EUROFINS SCIENT.;corporate_status;GAP_CRITIQUE_PEA;Confirmation officielle requise, jamais déduite;https://live.euronext.com/en/product/equities/FR0014000MR3-XPAR;https://geco.amf-france.org
NL0006294274;EURONEXT;corporate_status;GAP_CRITIQUE_PEA;Confirmation officielle requise, jamais déduite;https://live.euronext.com/en/product/equities/NL0006294274-XPAR;https://geco.amf-france.org
NL0000009165;HEINEKEN;corporate_status;GAP_CRITIQUE_PEA;Confirmation officielle requise, jamais déduite;https://live.euronext.com/en/product/equities/NL0000009165-XAMS;https://geco.amf-france.org
NL0011821202;ING GROEP N.V.;corporate_status;GAP_CRITIQUE_PEA;Confirmation officielle requise, jamais déduite;https://live.euronext.com/en/product/equities/NL0011821202-XAMS;https://geco.amf-france.org
BE0003565737;KBC;corporate_status;GAP_CRITIQUE_PEA;Confirmation officielle requise, jamais déduite;https://live.euronext.com/en/product/equities/BE0003565737-XBRU;https://geco.amf-france.org
FR0000121485;KERING;corporate_status;GAP_CRITIQUE_PEA;Confirmation officielle requise, jamais déduite;https://live.euronext.com/en/product/equities/FR0000121485-XPAR;https://geco.amf-france.org
NL0000009538;KON.PHILIPS N.V.;corporate_status;GAP_CRITIQUE_PEA;Confirmation officielle requise, jamais déduite;https://live.euronext.com/en/product/equities/NL0000009538-XAMS;https://geco.amf-france.org
NL0011794037;KONINKLIJKE AHOLD DELHAIZE N.V.;corporate_status;GAP_CRITIQUE_PEA;Confirmation officielle requise, jamais déduite;https://live.euronext.com/en/product/equities/NL0011794037-XAMS;https://geco.amf-france.org
NL0000009082;KPN KON;corporate_status;GAP_CRITIQUE_PEA;Confirmation officielle requise, jamais déduite;https://live.euronext.com/en/product/equities/NL0000009082-XAMS;https://geco.amf-france.org
FR0010307819;LEGRAND;corporate_status;GAP_CRITIQUE_PEA;Confirmation officielle requise, jamais déduite;https://live.euronext.com/en/product/equities/FR0010307819-XPAR;https://geco.amf-france.org
FR0000121014;LVMH;corporate_status;GAP_CRITIQUE_PEA;Confirmation officielle requise, jamais déduite;https://live.euronext.com/en/product/equities/FR0000121014-XPAR;https://geco.amf-france.org
FR001400AJ45;MICHELIN;corporate_status;GAP_CRITIQUE_PEA;Confirmation officielle requise, jamais déduite;https://live.euronext.com/en/product/equities/FR001400AJ45-XPAR;https://geco.amf-france.org
NL0010773842;NN GROUP;corporate_status;GAP_CRITIQUE_PEA;Confirmation officielle requise, jamais déduite;https://live.euronext.com/en/product/equities/NL0010773842-XAMS;https://geco.amf-france.org
FR0000133308;ORANGE;corporate_status;GAP_CRITIQUE_PEA;Confirmation officielle requise, jamais déduite;https://live.euronext.com/en/product/equities/FR0000133308-XPAR;https://geco.amf-france.org
FR0000120693;PERNOD RICARD;corporate_status;GAP_CRITIQUE_PEA;Confirmation officielle requise, jamais déduite;https://live.euronext.com/en/product/equities/FR0000120693-XPAR;https://geco.amf-france.org
NL0013654783;PROSUS;corporate_status;GAP_CRITIQUE_PEA;Confirmation officielle requise, jamais déduite;https://live.euronext.com/en/product/equities/NL0013654783-XAMS;https://geco.amf-france.org
FR0000130577;PUBLICIS GROUPE SA;corporate_status;GAP_CRITIQUE_PEA;Confirmation officielle requise, jamais déduite;https://live.euronext.com/en/product/equities/FR0000130577-XPAR;https://geco.amf-france.org
FR0000131906;RENAULT;corporate_status;GAP_CRITIQUE_PEA;Confirmation officielle requise, jamais déduite;https://live.euronext.com/en/product/equities/FR0000131906-XPAR;https://geco.amf-france.org
FR0000073272;SAFRAN;corporate_status;GAP_CRITIQUE_PEA;Confirmation officielle requise, jamais déduite;https://live.euronext.com/en/product/equities/FR0000073272-XPAR;https://geco.amf-france.org
FR0000125007;SAINT GOBAIN;corporate_status;GAP_CRITIQUE_PEA;Confirmation officielle requise, jamais déduite;https://live.euronext.com/en/product/equities/FR0000125007-XPAR;https://geco.amf-france.org
FR0000130809;SOCIETE GENERALE;corporate_status;GAP_CRITIQUE_PEA;Confirmation officielle requise, jamais déduite;https://live.euronext.com/en/product/equities/FR0000130809-XPAR;https://geco.amf-france.org
NL00150001Q9;STELLANTIS NV;corporate_status;GAP_CRITIQUE_PEA;Confirmation officielle requise, jamais déduite;https://live.euronext.com/en/product/equities/NL00150001Q9-XPAR;https://geco.amf-france.org
FR0013326246;UNIBAIL-RODAMCO-WESTFIELD;corporate_status;GAP_CRITIQUE_PEA;Confirmation officielle requise, jamais déduite;https://live.euronext.com/en/product/equities/FR0013326246-XPAR;https://geco.amf-france.org
NL0015000IY2;UNIVERSAL MUSIC GROUP;corporate_status;GAP_CRITIQUE_PEA;Confirmation officielle requise, jamais déduite;https://live.euronext.com/en/product/equities/NL0015000IY2-XAMS;https://geco.amf-france.org
FR0000124141;VEOLIA ENVIRON.;corporate_status;GAP_CRITIQUE_PEA;Confirmation officielle requise, jamais déduite;https://live.euronext.com/en/product/equities/FR0000124141-XPAR;https://geco.amf-france.org
FR0000125486;VINCI;corporate_status;GAP_CRITIQUE_PEA;Confirmation officielle requise, jamais déduite;https://live.euronext.com/en/product/equities/FR0000125486-XPAR;https://geco.amf-france.org
BE0974349814;WAREHOUSES DE PAUW;corporate_status;GAP_CRITIQUE_PEA;Confirmation officielle requise, jamais déduite;https://live.euronext.com/en/product/equities/BE0974349814-XBRU;https://geco.amf-france.org
NL0000395903;WOLTERS KLUWER;corporate_status;GAP_CRITIQUE_PEA;Confirmation officielle requise, jamais déduite;https://live.euronext.com/en/product/equities/NL0000395903-XAMS;https://geco.amf-france.org
BE0003764785;ACKERMANS V.HAAREN;corporate_status;GAP_CRITIQUE_PEA;Confirmation officielle requise, jamais déduite;https://live.euronext.com/en/product/equities/BE0003764785-XBRU;https://geco.amf-france.org
FR0010340141;ADP;corporate_status;GAP_CRITIQUE_PEA;Confirmation officielle requise, jamais déduite;https://live.euronext.com/en/product/equities/FR0010340141-XPAR;https://geco.amf-france.org
BE0003851681;AEDIFICA;corporate_status;GAP_CRITIQUE_PEA;Confirmation officielle requise, jamais déduite;https://live.euronext.com/en/product/equities/BE0003851681-XBRU;https://geco.amf-france.org
IE00BF0L3536;AIB GROUP PLC;corporate_status;GAP_CRITIQUE_PEA;Confirmation officielle requise, jamais déduite;https://live.euronext.com/en/product/equities/IE00BF0L3536-XMSM;https://geco.amf-france.org
BE0974400328;AZELIS GROUP NV;corporate_status;GAP_CRITIQUE_PEA;Confirmation officielle requise, jamais déduite;https://live.euronext.com/en/product/equities/BE0974400328-XBRU;https://geco.amf-france.org
IT0004776628;BANCA MEDIOLANUM;corporate_status;GAP_CRITIQUE_PEA;Confirmation officielle requise, jamais déduite;https://live.euronext.com/en/product/equities/IT0004776628-MTAA;https://geco.amf-france.org
IT0005218380;BANCO BPM;corporate_status;GAP_CRITIQUE_PEA;Confirmation officielle requise, jamais déduite;https://live.euronext.com/en/product/equities/IT0005218380-MTAA;https://geco.amf-france.org
IE00BD1RP616;BANK OF IRELAND GROUP PLC;corporate_status;GAP_CRITIQUE_PEA;Confirmation officielle requise, jamais déduite;https://live.euronext.com/en/product/equities/IE00BD1RP616-XMSM;https://geco.amf-france.org
NL0012866412;BE Semiconductor Industries N.V.;corporate_status;GAP_CRITIQUE_PEA;Confirmation officielle requise, jamais déduite;https://live.euronext.com/en/product/equities/NL0012866412-XAMS;https://geco.amf-france.org
FR0013280286;BIOMERIEUX;corporate_status;GAP_CRITIQUE_PEA;Confirmation officielle requise, jamais déduite;https://live.euronext.com/en/product/equities/FR0013280286-XPAR;https://geco.amf-france.org
BE0974259880;D'IETEREN GROUP;corporate_status;GAP_CRITIQUE_PEA;Confirmation officielle requise, jamais déduite;https://live.euronext.com/en/product/equities/BE0974259880-XBRU;https://geco.amf-france.org
FR0010908533;EDENRED;corporate_status;GAP_CRITIQUE_PEA;Confirmation officielle requise, jamais déduite;https://live.euronext.com/en/product/equities/FR0010908533-XPAR;https://geco.amf-france.org
PTEDP0AM0009;EDP;corporate_status;GAP_CRITIQUE_PEA;Confirmation officielle requise, jamais déduite;https://live.euronext.com/en/product/equities/PTEDP0AM0009-XLIS;https://geco.amf-france.org
FR0000130452;EIFFAGE;corporate_status;GAP_CRITIQUE_PEA;Confirmation officielle requise, jamais déduite;https://live.euronext.com/en/product/equities/FR0000130452-XPAR;https://geco.amf-france.org
BE0003822393;ELIA GROUP;corporate_status;GAP_CRITIQUE_PEA;Confirmation officielle requise, jamais déduite;https://live.euronext.com/en/product/equities/BE0003822393-XBRU;https://geco.amf-france.org
IT0003128367;ENEL;corporate_status;GAP_CRITIQUE_PEA;Confirmation officielle requise, jamais déduite;https://live.euronext.com/en/product/equities/IT0003128367-MTAA;https://geco.amf-france.org
IT0003132476;ENI;corporate_status;GAP_CRITIQUE_PEA;Confirmation officielle requise, jamais déduite;https://live.euronext.com/en/product/equities/IT0003132476-MTAA;https://geco.amf-france.org
NL0012059018;EXOR;corporate_status;GAP_CRITIQUE_PEA;Confirmation officielle requise, jamais déduite;https://live.euronext.com/en/product/equities/NL0012059018-XAMS;https://geco.amf-france.org
NL0011585146;FERRARI;corporate_status;GAP_CRITIQUE_PEA;Confirmation officielle requise, jamais déduite;https://live.euronext.com/en/product/equities/NL0011585146-MTAA;https://geco.amf-france.org
IT0000072170;FINECOBANK;corporate_status;GAP_CRITIQUE_PEA;Confirmation officielle requise, jamais déduite;https://live.euronext.com/en/product/equities/IT0000072170-MTAA;https://geco.amf-france.org
PTGAL0AM0009;GALP ENERGIA-NOM;corporate_status;GAP_CRITIQUE_PEA;Confirmation officielle requise, jamais déduite;https://live.euronext.com/en/product/equities/PTGAL0AM0009-XLIS;https://geco.amf-france.org
BE0003797140;GBL;corporate_status;GAP_CRITIQUE_PEA;Confirmation officielle requise, jamais déduite;https://live.euronext.com/en/product/equities/BE0003797140-XBRU;https://geco.amf-france.org
IT0000062072;GENERALI;corporate_status;GAP_CRITIQUE_PEA;Confirmation officielle requise, jamais déduite;https://live.euronext.com/en/product/equities/IT0000062072-MTAA;https://geco.amf-france.org
FR0000052292;HERMES INTL;corporate_status;GAP_CRITIQUE_PEA;Confirmation officielle requise, jamais déduite;https://live.euronext.com/en/product/equities/FR0000052292-XPAR;https://geco.amf-france.org
NL0010801007;IMCD;corporate_status;GAP_CRITIQUE_PEA;Confirmation officielle requise, jamais déduite;https://live.euronext.com/en/product/equities/NL0010801007-XAMS;https://geco.amf-france.org
LU2290522684;INPOST S.A.;corporate_status;GAP_CRITIQUE_PEA;Confirmation officielle requise, jamais déduite;https://live.euronext.com/en/product/equities/LU2290522684-XAMS;https://geco.amf-france.org
IT0000072618;INTESA SANPAOLO;corporate_status;GAP_CRITIQUE_PEA;Confirmation officielle requise, jamais déduite;https://live.euronext.com/en/product/equities/IT0000072618-MTAA;https://geco.amf-france.org
IT0005090300;INWIT;corporate_status;GAP_CRITIQUE_PEA;Confirmation officielle requise, jamais déduite;https://live.euronext.com/en/product/equities/IT0005090300-MTAA;https://geco.amf-france.org
FR0010259150;IPSEN;corporate_status;GAP_CRITIQUE_PEA;Confirmation officielle requise, jamais déduite;https://live.euronext.com/en/product/equities/FR0010259150-XPAR;https://geco.amf-france.org
PTJMT0AE0001;J.MARTINS;corporate_status;GAP_CRITIQUE_PEA;Confirmation officielle requise, jamais déduite;https://live.euronext.com/en/product/equities/PTJMT0AE0001-XLIS;https://geco.amf-france.org
IE0004906560;KERRY GROUP PLC;corporate_status;GAP_CRITIQUE_PEA;Confirmation officielle requise, jamais déduite;https://live.euronext.com/en/product/equities/IE0004906560-XMSM;https://geco.amf-france.org
IE0004927939;KINGSPAN GROUP PLC;corporate_status;GAP_CRITIQUE_PEA;Confirmation officielle requise, jamais déduite;https://live.euronext.com/en/product/equities/IE0004927939-XMSM;https://geco.amf-france.org
FR0000120321;L'OREAL;corporate_status;GAP_CRITIQUE_PEA;Confirmation officielle requise, jamais déduite;https://live.euronext.com/en/product/equities/FR0000120321-XPAR;https://geco.amf-france.org
IT0003856405;LEONARDO;corporate_status;GAP_CRITIQUE_PEA;Confirmation officielle requise, jamais déduite;https://live.euronext.com/en/product/equities/IT0003856405-MTAA;https://geco.amf-france.org
BE0003604155;LOTUS BAKERIES;corporate_status;GAP_CRITIQUE_PEA;Confirmation officielle requise, jamais déduite;https://live.euronext.com/en/product/equities/BE0003604155-XBRU;https://geco.amf-france.org
IT0000062957;MEDIOBANCA;corporate_status;GAP_CRITIQUE_PEA;Confirmation officielle requise, jamais déduite;https://live.euronext.com/en/product/equities/IT0000062957-MTAA;https://geco.amf-france.org
BE0165385973;MELEXIS;corporate_status;GAP_CRITIQUE_PEA;Confirmation officielle requise, jamais déduite;https://live.euronext.com/en/product/equities/BE0165385973-XBRU;https://geco.amf-france.org
IT0004965148;MONCLER;corporate_status;GAP_CRITIQUE_PEA;Confirmation officielle requise, jamais déduite;https://live.euronext.com/en/product/equities/IT0004965148-MTAA;https://geco.amf-france.org
BE0003853703;MONTEA NV;corporate_status;GAP_CRITIQUE_PEA;Confirmation officielle requise, jamais déduite;https://live.euronext.com/en/product/equities/BE0003853703-XBRU;https://geco.amf-france.org
IT0003796171;POSTE ITALIANE;corporate_status;GAP_CRITIQUE_PEA;Confirmation officielle requise, jamais déduite;https://live.euronext.com/en/product/equities/IT0003796171-MTAA;https://geco.amf-france.org
IT0004176001;PRYSMIAN;corporate_status;GAP_CRITIQUE_PEA;Confirmation officielle requise, jamais déduite;https://live.euronext.com/en/product/equities/IT0004176001-MTAA;https://geco.amf-france.org
IT0003828271;RECORDATI ORD;corporate_status;GAP_CRITIQUE_PEA;Confirmation officielle requise, jamais déduite;https://live.euronext.com/en/product/equities/IT0003828271-MTAA;https://geco.amf-france.org
IE00BYTBXV33;RYANAIR HOLDINGS PLC;corporate_status;GAP_CRITIQUE_PEA;Confirmation officielle requise, jamais déduite;https://live.euronext.com/en/product/equities/IE00BYTBXV33-XMSM;https://geco.amf-france.org
NL0000379121;Randstad N.V.;corporate_status;GAP_CRITIQUE_PEA;Confirmation officielle requise, jamais déduite;https://live.euronext.com/en/product/equities/NL0000379121-XAMS;https://geco.amf-france.org
IT0003153415;SNAM;corporate_status;GAP_CRITIQUE_PEA;Confirmation officielle requise, jamais déduite;https://live.euronext.com/en/product/equities/IT0003153415-MTAA;https://geco.amf-france.org
FR0000121220;SODEXO;corporate_status;GAP_CRITIQUE_PEA;Confirmation officielle requise, jamais déduite;https://live.euronext.com/en/product/equities/FR0000121220-XPAR;https://geco.amf-france.org
BE0003717312;SOFINA;corporate_status;GAP_CRITIQUE_PEA;Confirmation officielle requise, jamais déduite;https://live.euronext.com/en/product/equities/BE0003717312-XBRU;https://geco.amf-france.org
BE0003470755;SOLVAY;corporate_status;GAP_CRITIQUE_PEA;Confirmation officielle requise, jamais déduite;https://live.euronext.com/en/product/equities/BE0003470755-XBRU;https://geco.amf-france.org
BE0974464977;SYENSQO;corporate_status;GAP_CRITIQUE_PEA;Confirmation officielle requise, jamais déduite;https://live.euronext.com/en/product/equities/BE0974464977-XBRU;https://geco.amf-france.org
LU2598331598;TENARIS;corporate_status;GAP_CRITIQUE_PEA;Confirmation officielle requise, jamais déduite;https://live.euronext.com/en/product/equities/LU2598331598-MTAA;https://geco.amf-france.org
IT0003242622;TERNA;corporate_status;GAP_CRITIQUE_PEA;Confirmation officielle requise, jamais déduite;https://live.euronext.com/en/product/equities/IT0003242622-MTAA;https://geco.amf-france.org
BE0974320526;UMICORE;corporate_status;GAP_CRITIQUE_PEA;Confirmation officielle requise, jamais déduite;https://live.euronext.com/en/product/equities/BE0974320526-XBRU;https://geco.amf-france.org
IT0005239360;UNICREDIT;corporate_status;GAP_CRITIQUE_PEA;Confirmation officielle requise, jamais déduite;https://live.euronext.com/en/product/equities/IT0005239360-MTAA;https://geco.amf-france.org
IT0004810054;UNIPOL;corporate_status;GAP_CRITIQUE_PEA;Confirmation officielle requise, jamais déduite;https://live.euronext.com/en/product/equities/IT0004810054-MTAA;https://geco.amf-france.org
BMG0112X1056;AEGON;corporate_status;GAP_CRITIQUE_PEA;Confirmation officielle requise, jamais déduite;https://live.euronext.com/en/product/equities/BMG0112X1056-XAMS;https://geco.amf-france.org
CH1216478797;DSM FIRMENICH AG;corporate_status;GAP_CRITIQUE_PEA;Confirmation officielle requise, jamais déduite;https://live.euronext.com/en/product/equities/CH1216478797-XAMS;https://geco.amf-france.org
GB00BP6MXD84;SHELL PLC;corporate_status;GAP_CRITIQUE_PEA;Confirmation officielle requise, jamais déduite;https://live.euronext.com/en/product/equities/GB00BP6MXD84-XAMS;https://geco.amf-france.org
NO0010345853;AKER BP;corporate_status;GAP_CRITIQUE_PEA;Confirmation officielle requise, jamais déduite;https://live.euronext.com/en/product/equities/NO0010345853-XOSL;https://geco.amf-france.org
JE00BRX98089;CVC CAPITAL;corporate_status;GAP_CRITIQUE_PEA;Confirmation officielle requise, jamais déduite;https://live.euronext.com/en/product/equities/JE00BRX98089-XAMS;https://geco.amf-france.org
NO0010161896;DNB BANK ASA;corporate_status;GAP_CRITIQUE_PEA;Confirmation officielle requise, jamais déduite;https://live.euronext.com/en/product/equities/NO0010161896-XOSL;https://geco.amf-france.org
NO0010096985;EQUINOR;corporate_status;GAP_CRITIQUE_PEA;Confirmation officielle requise, jamais déduite;https://live.euronext.com/en/product/equities/NO0010096985-XOSL;https://geco.amf-france.org
NO0013536151;KONGSBERG GRUPPEN;corporate_status;GAP_CRITIQUE_PEA;Confirmation officielle requise, jamais déduite;https://live.euronext.com/en/product/equities/NO0013536151-XOSL;https://geco.amf-france.org
NO0003054108;MOWI;corporate_status;GAP_CRITIQUE_PEA;Confirmation officielle requise, jamais déduite;https://live.euronext.com/en/product/equities/NO0003054108-XOSL;https://geco.amf-france.org
NO0005052605;NORSK HYDRO;corporate_status;GAP_CRITIQUE_PEA;Confirmation officielle requise, jamais déduite;https://live.euronext.com/en/product/equities/NO0005052605-XOSL;https://geco.amf-france.org
GB00B2B0DG97;RELX;corporate_status;GAP_CRITIQUE_PEA;Confirmation officielle requise, jamais déduite;https://live.euronext.com/en/product/equities/GB00B2B0DG97-XAMS;https://geco.amf-france.org
NO0010063308;TELENOR;corporate_status;GAP_CRITIQUE_PEA;Confirmation officielle requise, jamais déduite;https://live.euronext.com/en/product/equities/NO0010063308-XOSL;https://geco.amf-france.org
NL0000888691;AMG Critical Materials N.V.;corporate_status;GAP_CRITIQUE_PEA;Confirmation officielle requise, jamais déduite;https://live.euronext.com/en/product/equities/NL0000888691-XAMS;https://geco.amf-france.org
LU0569974404;APERAM;corporate_status;GAP_CRITIQUE_PEA;Confirmation officielle requise, jamais déduite;https://live.euronext.com/en/product/equities/LU0569974404-XAMS;https://geco.amf-france.org
NL0011872650;BASIC-FIT;corporate_status;GAP_CRITIQUE_PEA;Confirmation officielle requise, jamais déduite;https://live.euronext.com/en/product/equities/NL0011872650-XAMS;https://geco.amf-france.org
NL0010583399;CORBION;corporate_status;GAP_CRITIQUE_PEA;Confirmation officielle requise, jamais déduite;https://live.euronext.com/en/product/equities/NL0010583399-XAMS;https://geco.amf-france.org
BE0003874915;FAGRON;corporate_status;GAP_CRITIQUE_PEA;Confirmation officielle requise, jamais déduite;https://live.euronext.com/en/product/equities/BE0003874915-XBRU;https://geco.amf-france.org
NL00150003E1;FUGRO;corporate_status;GAP_CRITIQUE_PEA;Confirmation officielle requise, jamais déduite;https://live.euronext.com/en/product/equities/NL00150003E1-XAMS;https://geco.amf-france.org
NL0000337319;Koninklijke BAM Groep N.V.;corporate_status;GAP_CRITIQUE_PEA;Confirmation officielle requise, jamais déduite;https://live.euronext.com/en/product/equities/NL0000337319-XAMS;https://geco.amf-france.org
BE0003818359;LAKEFRONT BIOTHERAPEUTICS;corporate_status;GAP_CRITIQUE_PEA;Confirmation officielle requise, jamais déduite;https://live.euronext.com/en/product/equities/BE0003818359-XAMS;https://geco.amf-france.org
NL0010558797;OCI N.V.;corporate_status;GAP_CRITIQUE_PEA;Confirmation officielle requise, jamais déduite;https://live.euronext.com/en/product/equities/NL0010558797-XAMS;https://geco.amf-france.org
NL0010391025;PHARMING GROUP;corporate_status;GAP_CRITIQUE_PEA;Confirmation officielle requise, jamais déduite;https://live.euronext.com/en/product/equities/NL0010391025-XAMS;https://geco.amf-france.org
PTALT0AE0002;ALTRI SGPS;corporate_status;GAP_CRITIQUE_PEA;Confirmation officielle requise, jamais déduite;https://live.euronext.com/en/product/equities/PTALT0AE0002-XLIS;https://geco.amf-france.org
PTCTT0AM0001;CTT-CORREIOS DE PORTUGAL, SA;corporate_status;GAP_CRITIQUE_PEA;Confirmation officielle requise, jamais déduite;https://live.euronext.com/en/product/equities/PTCTT0AM0001-XLIS;https://geco.amf-france.org
PTCOR0AE0006;Corticeira Amorim-SGPS;corporate_status;GAP_CRITIQUE_PEA;Confirmation officielle requise, jamais déduite;https://live.euronext.com/en/product/equities/PTCOR0AE0006-XLIS;https://geco.amf-france.org
NL0015000LU4;IVECO GROUP;corporate_status;GAP_CRITIQUE_PEA;Confirmation officielle requise, jamais déduite;https://live.euronext.com/en/product/equities/NL0015000LU4-MTAA;https://geco.amf-france.org
PTIBS0AM0008;Ibersol-SGPS;corporate_status;GAP_CRITIQUE_PEA;Confirmation officielle requise, jamais déduite;https://live.euronext.com/en/product/equities/PTIBS0AM0008-XLIS;https://geco.amf-france.org
PTMEN0AE0005;MOTA ENGIL;corporate_status;GAP_CRITIQUE_PEA;Confirmation officielle requise, jamais déduite;https://live.euronext.com/en/product/equities/PTMEN0AE0005-XLIS;https://geco.amf-france.org
PTZON0AM0006;NOS, SGPS, SA;corporate_status;GAP_CRITIQUE_PEA;Confirmation officielle requise, jamais déduite;https://live.euronext.com/en/product/equities/PTZON0AM0006-XLIS;https://geco.amf-france.org
PTREL0AM0008;REN;corporate_status;GAP_CRITIQUE_PEA;Confirmation officielle requise, jamais déduite;https://live.euronext.com/en/product/equities/PTREL0AM0008-XLIS;https://geco.amf-france.org
PTSEM0AM0004;SEMAPA;corporate_status;GAP_CRITIQUE_PEA;Confirmation officielle requise, jamais déduite;https://live.euronext.com/en/product/equities/PTSEM0AM0004-XLIS;https://geco.amf-france.org
PTSON0AM0001;SONAE;corporate_status;GAP_CRITIQUE_PEA;Confirmation officielle requise, jamais déduite;https://live.euronext.com/en/product/equities/PTSON0AM0001-XLIS;https://geco.amf-france.org
PTTD10AM0000;Teixeira Duarte, SA;corporate_status;GAP_CRITIQUE_PEA;Confirmation officielle requise, jamais déduite;https://live.euronext.com/en/product/equities/PTTD10AM0000-XLIS;https://geco.amf-france.org
NL0000852564;AALBERTS N.V.;corporate_status;GAP_CRITIQUE_PEA;Confirmation officielle requise, jamais déduite;https://live.euronext.com/en/product/equities/NL0000852564-XAMS;https://geco.amf-france.org
FR001400J770;AIR FRANCE -KLM;corporate_status;GAP_CRITIQUE_PEA;Confirmation officielle requise, jamais déduite;https://live.euronext.com/en/product/equities/FR001400J770-XPAR;https://geco.amf-france.org
NL0006237562;ARCADIS;corporate_status;GAP_CRITIQUE_PEA;Confirmation officielle requise, jamais déduite;https://live.euronext.com/en/product/equities/NL0006237562-XAMS;https://geco.amf-france.org
BE0003593044;COFINIMMO;corporate_status;GAP_CRITIQUE_PEA;Confirmation officielle requise, jamais déduite;https://live.euronext.com/en/product/equities/BE0003593044-XBRU;https://geco.amf-france.org
NL00150006R6;CTP NV;corporate_status;GAP_CRITIQUE_PEA;Confirmation officielle requise, jamais déduite;https://live.euronext.com/en/product/equities/NL00150006R6-XAMS;https://geco.amf-france.org
NL0015000K93;EUROCOMMERCIAL PROPERTIES;corporate_status;GAP_CRITIQUE_PEA;Confirmation officielle requise, jamais déduite;https://live.euronext.com/en/product/equities/NL0015000K93-XAMS;https://geco.amf-france.org
NL0014332678;JDE PEET'S;corporate_status;GAP_CRITIQUE_PEA;Confirmation officielle requise, jamais déduite;https://live.euronext.com/en/product/equities/NL0014332678-XAMS;https://geco.amf-france.org
NL0012015705;JUST EAT TAKEAWAY.COM N.V.;corporate_status;GAP_CRITIQUE_PEA;Confirmation officielle requise, jamais déduite;https://live.euronext.com/en/product/equities/NL0012015705-XAMS;https://geco.amf-france.org
NL0009269109;Koninklijke Heijmans N.V.;corporate_status;GAP_CRITIQUE_PEA;Confirmation officielle requise, jamais déduite;https://live.euronext.com/en/product/equities/NL0009269109-XAMS;https://geco.amf-france.org
NL0000360618;SBM OFFSHORE;corporate_status;GAP_CRITIQUE_PEA;Confirmation officielle requise, jamais déduite;https://live.euronext.com/en/product/equities/NL0000360618-XAMS;https://geco.amf-france.org
NL0011821392;SIGNIFY NV;corporate_status;GAP_CRITIQUE_PEA;Confirmation officielle requise, jamais déduite;https://live.euronext.com/en/product/equities/NL0011821392-XAMS;https://geco.amf-france.org
NL0000852523;TKH GROUP N.V.;corporate_status;GAP_CRITIQUE_PEA;Confirmation officielle requise, jamais déduite;https://live.euronext.com/en/product/equities/NL0000852523-XAMS;https://geco.amf-france.org
NL0000302636;V LANSCHOT KEMPEN;corporate_status;GAP_CRITIQUE_PEA;Confirmation officielle requise, jamais déduite;https://live.euronext.com/en/product/equities/NL0000302636-XAMS;https://geco.amf-france.org
NL0009432491;VOPAK;corporate_status;GAP_CRITIQUE_PEA;Confirmation officielle requise, jamais déduite;https://live.euronext.com/en/product/equities/NL0009432491-XAMS;https://geco.amf-france.org
GB00B10RZP78;UNILEVER PLC;corporate_status;GAP_CRITIQUE_PEA;Confirmation officielle requise, jamais déduite;https://live.euronext.com/en/product/equities/GB00B10RZP78-XAMS;https://geco.amf-france.org
GB00BNTJ3546;ALLFUNDS GROUP PLC;corporate_status;GAP_CRITIQUE_PEA;Confirmation officielle requise, jamais déduite;https://live.euronext.com/en/product/equities/GB00BNTJ3546-XAMS;https://geco.amf-france.org
BMG3602E1084;FLOW TRADERS;corporate_status;GAP_CRITIQUE_PEA;Confirmation officielle requise, jamais déduite;https://live.euronext.com/en/product/equities/BMG3602E1084-XAMS;https://geco.amf-france.org
BMG455841020;HAL TRUST;corporate_status;GAP_CRITIQUE_PEA;Confirmation officielle requise, jamais déduite;https://live.euronext.com/en/product/equities/BMG455841020-XAMS;https://geco.amf-france.org
IT0001233417;A2A;corporate_status;GAP_CRITIQUE_PEA;Confirmation officielle requise, jamais déduite;https://live.euronext.com/en/product/equities/IT0001233417-MTAA;https://geco.amf-france.org
IT0004056880;AMPLIFON;corporate_status;GAP_CRITIQUE_PEA;Confirmation officielle requise, jamais déduite;https://live.euronext.com/en/product/equities/IT0004056880-MTAA;https://geco.amf-france.org
IT0003261697;AZIMUT;corporate_status;GAP_CRITIQUE_PEA;Confirmation officielle requise, jamais déduite;https://live.euronext.com/en/product/equities/IT0003261697-MTAA;https://geco.amf-france.org
PTBCP0AM0015;B.C.P.-BCO COMERCIAL PORTUGUES;corporate_status;GAP_CRITIQUE_PEA;Confirmation officielle requise, jamais déduite;https://live.euronext.com/en/product/equities/PTBCP0AM0015-XLIS;https://geco.amf-france.org
IT0005508921;BANCA MPS;corporate_status;GAP_CRITIQUE_PEA;Confirmation officielle requise, jamais déduite;https://live.euronext.com/en/product/equities/IT0005508921-MTAA;https://geco.amf-france.org
IT0000066123;BPER BANCA;corporate_status;GAP_CRITIQUE_PEA;Confirmation officielle requise, jamais déduite;https://live.euronext.com/en/product/equities/IT0000066123-MTAA;https://geco.amf-france.org
IT0004764699;BRUNELLO CUCINELLI;corporate_status;GAP_CRITIQUE_PEA;Confirmation officielle requise, jamais déduite;https://live.euronext.com/en/product/equities/IT0004764699-MTAA;https://geco.amf-france.org
IT0001347308;BUZZI;corporate_status;GAP_CRITIQUE_PEA;Confirmation officielle requise, jamais déduite;https://live.euronext.com/en/product/equities/IT0001347308-MTAA;https://geco.amf-france.org
NL0015435975;CAMPARI;corporate_status;GAP_CRITIQUE_PEA;Confirmation officielle requise, jamais déduite;https://live.euronext.com/en/product/equities/NL0015435975-MTAA;https://geco.amf-france.org
IT0003492391;DIASORIN;corporate_status;GAP_CRITIQUE_PEA;Confirmation officielle requise, jamais déduite;https://live.euronext.com/en/product/equities/IT0003492391-MTAA;https://geco.amf-france.org
ES0127797019;EDP RENOVAVEIS;corporate_status;GAP_CRITIQUE_PEA;Confirmation officielle requise, jamais déduite;https://live.euronext.com/en/product/equities/ES0127797019-XLIS;https://geco.amf-france.org
IT0001250932;HERA;corporate_status;GAP_CRITIQUE_PEA;Confirmation officielle requise, jamais déduite;https://live.euronext.com/en/product/equities/IT0001250932-MTAA;https://geco.amf-france.org
IT0001078911;INTERPUMP GROUP;corporate_status;GAP_CRITIQUE_PEA;Confirmation officielle requise, jamais déduite;https://live.euronext.com/en/product/equities/IT0001078911-MTAA;https://geco.amf-france.org
IT0005211237;ITALGAS;corporate_status;GAP_CRITIQUE_PEA;Confirmation officielle requise, jamais déduite;https://live.euronext.com/en/product/equities/IT0005211237-MTAA;https://geco.amf-france.org
IT0005541336;Lottomatica Group;corporate_status;GAP_CRITIQUE_PEA;Confirmation officielle requise, jamais déduite;https://live.euronext.com/en/product/equities/IT0005541336-MTAA;https://geco.amf-france.org
IT0005366767;NEXI;corporate_status;GAP_CRITIQUE_PEA;Confirmation officielle requise, jamais déduite;https://live.euronext.com/en/product/equities/IT0005366767-MTAA;https://geco.amf-france.org
IT0005495657;SAIPEM;corporate_status;GAP_CRITIQUE_PEA;Confirmation officielle requise, jamais déduite;https://live.euronext.com/en/product/equities/IT0005495657-MTAA;https://geco.amf-france.org
PTPTI0AM0006;THE NAVIGATOR COMP;corporate_status;GAP_CRITIQUE_PEA;Confirmation officielle requise, jamais déduite;https://live.euronext.com/en/product/equities/PTPTI0AM0006-XLIS;https://geco.amf-france.org
FR0011040500;74SOFTWARE;corporate_status;GAP_CRITIQUE_PEA;Confirmation officielle requise, jamais déduite;https://live.euronext.com/en/product/equities/FR0011040500-XPAR;https://geco.amf-france.org
FR0010557264;AB SCIENCE;corporate_status;GAP_CRITIQUE_PEA;Confirmation officielle requise, jamais déduite;https://live.euronext.com/en/product/equities/FR0010557264-XPAR;https://geco.amf-france.org
FR0004040608;ABC ARBITRAGE;corporate_status;GAP_CRITIQUE_PEA;Confirmation officielle requise, jamais déduite;https://live.euronext.com/en/product/equities/FR0004040608-XPAR;https://geco.amf-france.org
FR0013185857;ABEO;corporate_status;GAP_CRITIQUE_PEA;Confirmation officielle requise, jamais déduite;https://live.euronext.com/en/product/equities/FR0013185857-XPAR;https://geco.amf-france.org
FR0012616852;ABIONYX PHARMA;corporate_status;GAP_CRITIQUE_PEA;Confirmation officielle requise, jamais déduite;https://live.euronext.com/en/product/equities/FR0012616852-XPAR;https://geco.amf-france.org
IT0005445280;ABITARE IN;corporate_status;GAP_CRITIQUE_PEA;Confirmation officielle requise, jamais déduite;https://live.euronext.com/en/product/equities/IT0005445280-MTAA;https://geco.amf-france.org
FR0012333284;ABIVAX;corporate_status;GAP_CRITIQUE_PEA;Confirmation officielle requise, jamais déduite;https://live.euronext.com/en/product/equities/FR0012333284-XPAR;https://geco.amf-france.org
FR001400AHX6;ABL Diagnostics;corporate_status;GAP_CRITIQUE_PEA;Confirmation officielle requise, jamais déduite;https://live.euronext.com/en/product/equities/FR001400AHX6-XPAR;https://geco.amf-france.org
BE0974278104;ABO GROUP ENVIRONMENT;corporate_status;GAP_CRITIQUE_PEA;Confirmation officielle requise, jamais déduite;https://live.euronext.com/en/product/equities/BE0974278104-XBRU;https://geco.amf-france.org
BE0003696102;ACCENTIS;corporate_status;GAP_CRITIQUE_PEA;Confirmation officielle requise, jamais déduite;https://live.euronext.com/en/product/equities/BE0003696102-XBRU;https://geco.amf-france.org
IT0001382024;ACINQUE;corporate_status;GAP_CRITIQUE_PEA;Confirmation officielle requise, jamais déduite;https://live.euronext.com/en/product/equities/IT0001382024-MTAA;https://geco.amf-france.org
NL0000313286;ACOMO N.V.;corporate_status;GAP_CRITIQUE_PEA;Confirmation officielle requise, jamais déduite;https://live.euronext.com/en/product/equities/NL0000313286-XAMS;https://geco.amf-france.org
FR0000076861;ACTEOS;corporate_status;GAP_CRITIQUE_PEA;Confirmation officielle requise, jamais déduite;https://live.euronext.com/en/product/equities/FR0000076861-XPAR;https://geco.amf-france.org
FR0011184241;ADOCIA;corporate_status;GAP_CRITIQUE_PEA;Confirmation officielle requise, jamais déduite;https://live.euronext.com/en/product/equities/FR0011184241-XPAR;https://geco.amf-france.org
IT0005708174;AEDES;corporate_status;GAP_CRITIQUE_PEA;Confirmation officielle requise, jamais déduite;https://live.euronext.com/en/product/equities/IT0005708174-MTAA;https://geco.amf-france.org
IT0001384590;AEFFE;corporate_status;GAP_CRITIQUE_PEA;Confirmation officielle requise, jamais déduite;https://live.euronext.com/en/product/equities/IT0001384590-MTAA;https://geco.amf-france.org
FR0014007ZB4;AELIS FARMA;corporate_status;GAP_CRITIQUE_PEA;Confirmation officielle requise, jamais déduite;https://live.euronext.com/en/product/equities/FR0014007ZB4-XPAR;https://geco.amf-france.org
IT0001006128;AEROPORTO GUGLIELMO MARCONI DI BOLOGNA;corporate_status;GAP_CRITIQUE_PEA;Confirmation officielle requise, jamais déduite;https://live.euronext.com/en/product/equities/IT0001006128-MTAA;https://geco.amf-france.org
BE0003755692;AGFA-GEVAERT;corporate_status;GAP_CRITIQUE_PEA;Confirmation officielle requise, jamais déduite;https://live.euronext.com/en/product/equities/BE0003755692-XBRU;https://geco.amf-france.org
NL0000018034;AJAX;corporate_status;GAP_CRITIQUE_PEA;Confirmation officielle requise, jamais déduite;https://live.euronext.com/en/product/equities/NL0000018034-XAMS;https://geco.amf-france.org
FR0000053027;AKWEL;corporate_status;GAP_CRITIQUE_PEA;Confirmation officielle requise, jamais déduite;https://live.euronext.com/en/product/equities/FR0000053027-XPAR;https://geco.amf-france.org
FR0000062465;ALAN ALLMAN ASSOCIATES;corporate_status;GAP_CRITIQUE_PEA;Confirmation officielle requise, jamais déduite;https://live.euronext.com/en/product/equities/FR0000062465-XPAR;https://geco.amf-france.org
IT0004720733;ALERION;corporate_status;GAP_CRITIQUE_PEA;Confirmation officielle requise, jamais déduite;https://live.euronext.com/en/product/equities/IT0004720733-MTAA;https://geco.amf-france.org
NL0012817175;ALFEN;corporate_status;GAP_CRITIQUE_PEA;Confirmation officielle requise, jamais déduite;https://live.euronext.com/en/product/equities/NL0012817175-XAMS;https://geco.amf-france.org
FR0000053324;ALPES (COMPAGNIE);corporate_status;GAP_CRITIQUE_PEA;Confirmation officielle requise, jamais déduite;https://live.euronext.com/en/product/equities/FR0000053324-XPAR;https://geco.amf-france.org
FR0000039216;ALTAREIT;corporate_status;GAP_CRITIQUE_PEA;Confirmation officielle requise, jamais déduite;https://live.euronext.com/en/product/equities/FR0000039216-XPAR;https://geco.amf-france.org
IT0005472730;ALTEA GREEN POWER;corporate_status;GAP_CRITIQUE_PEA;Confirmation officielle requise, jamais déduite;https://live.euronext.com/en/product/equities/IT0005472730-MTAA;https://geco.amf-france.org
NL0012194724;ALUMEXX N.V.;corporate_status;GAP_CRITIQUE_PEA;Confirmation officielle requise, jamais déduite;https://live.euronext.com/en/product/equities/NL0012194724-XAMS;https://geco.amf-france.org
IT0004998065;ANIMA HOLDING;corporate_status;GAP_CRITIQUE_PEA;Confirmation officielle requise, jamais déduite;https://live.euronext.com/en/product/equities/IT0004998065-MTAA;https://geco.amf-france.org
FR0014005AL0;ANTIN INFRA PARTN;corporate_status;GAP_CRITIQUE_PEA;Confirmation officielle requise, jamais déduite;https://live.euronext.com/en/product/equities/FR0014005AL0-MTAH;https://geco.amf-france.org
IT0005241192;AQUAFIL;corporate_status;GAP_CRITIQUE_PEA;Confirmation officielle requise, jamais déduite;https://live.euronext.com/en/product/equities/IT0005241192-MTAA;https://geco.amf-france.org
FR0014003U94;ARAMIS GROUP;corporate_status;GAP_CRITIQUE_PEA;Confirmation officielle requise, jamais déduite;https://live.euronext.com/en/product/equities/FR0014003U94-XPAR;https://geco.amf-france.org
NL0015000N33;ARISTON HOLDING;corporate_status;GAP_CRITIQUE_PEA;Confirmation officielle requise, jamais déduite;https://live.euronext.com/en/product/equities/NL0015000N33-MTAA;https://geco.amf-france.org
FR0012185536;ARTEA;corporate_status;GAP_CRITIQUE_PEA;Confirmation officielle requise, jamais déduite;https://live.euronext.com/en/product/equities/FR0012185536-XPAR;https://geco.amf-france.org
FR0000074783;ARTMARKET.COM(EX ARTPRICE.COM);corporate_status;GAP_CRITIQUE_PEA;Confirmation officielle requise, jamais déduite;https://live.euronext.com/en/product/equities/FR0000074783-XPAR;https://geco.amf-france.org
FR0000076952;ARTOIS NOM.;corporate_status;GAP_CRITIQUE_PEA;Confirmation officielle requise, jamais déduite;https://live.euronext.com/en/product/equities/FR0000076952-XPAR;https://geco.amf-france.org
FR001400JWR8;ARVERNE GROUP;corporate_status;GAP_CRITIQUE_PEA;Confirmation officielle requise, jamais déduite;https://live.euronext.com/en/product/equities/FR001400JWR8-XPAR;https://geco.amf-france.org
IT0004093263;ASCOPIAVE;corporate_status;GAP_CRITIQUE_PEA;Confirmation officielle requise, jamais déduite;https://live.euronext.com/en/product/equities/IT0004093263-MTAA;https://geco.amf-france.org
FR0000074148;ASSYSTEM;corporate_status;GAP_CRITIQUE_PEA;Confirmation officielle requise, jamais déduite;https://live.euronext.com/en/product/equities/FR0000074148-XPAR;https://geco.amf-france.org
FR0011992700;ATEME;corporate_status;GAP_CRITIQUE_PEA;Confirmation officielle requise, jamais déduite;https://live.euronext.com/en/product/equities/FR0011992700-XPAR;https://geco.amf-france.org
BE0003837540;ATENOR;corporate_status;GAP_CRITIQUE_PEA;Confirmation officielle requise, jamais déduite;https://live.euronext.com/en/product/equities/BE0003837540-XBRU;https://geco.amf-france.org
FR001400X2S4;ATOS GROUP;corporate_status;GAP_CRITIQUE_PEA;Confirmation officielle requise, jamais déduite;https://live.euronext.com/en/product/equities/FR001400X2S4-XPAR;https://geco.amf-france.org
FR0000063737;AUBAY;corporate_status;GAP_CRITIQUE_PEA;Confirmation officielle requise, jamais déduite;https://live.euronext.com/en/product/equities/FR0000063737-XPAR;https://geco.amf-france.org
FR0000061780;AUGROS COSMETICS;corporate_status;GAP_CRITIQUE_PEA;Confirmation officielle requise, jamais déduite;https://live.euronext.com/en/product/equities/FR0000061780-XPAR;https://geco.amf-france.org
FR0000039232;AUREA;corporate_status;GAP_CRITIQUE_PEA;Confirmation officielle requise, jamais déduite;https://live.euronext.com/en/product/equities/FR0000039232-XPAR;https://geco.amf-france.org
IT0000084043;AUTOSTRADE MERID;corporate_status;GAP_CRITIQUE_PEA;Confirmation officielle requise, jamais déduite;https://live.euronext.com/en/product/equities/IT0000084043-MTAA;https://geco.amf-france.org
NL0015002IE0;AVANTIUM;corporate_status;GAP_CRITIQUE_PEA;Confirmation officielle requise, jamais déduite;https://live.euronext.com/en/product/equities/NL0015002IE0-XAMS;https://geco.amf-france.org
FR001400CFI7;AVENIR TELECOM;corporate_status;GAP_CRITIQUE_PEA;Confirmation officielle requise, jamais déduite;https://live.euronext.com/en/product/equities/FR001400CFI7-XPAR;https://geco.amf-france.org
IT0005119810;AVIO;corporate_status;GAP_CRITIQUE_PEA;Confirmation officielle requise, jamais déduite;https://live.euronext.com/en/product/equities/IT0005119810-MTAA;https://geco.amf-france.org
NL00150006Z9;AZERION;corporate_status;GAP_CRITIQUE_PEA;Confirmation officielle requise, jamais déduite;https://live.euronext.com/en/product/equities/NL00150006Z9-XAMS;https://geco.amf-france.org
NL0010696704;Almunda Professional N.V.;corporate_status;GAP_CRITIQUE_PEA;Confirmation officielle requise, jamais déduite;https://live.euronext.com/en/product/equities/NL0010696704-XAMS;https://geco.amf-france.org
IT0001268561;B&C SPEAKERS;corporate_status;GAP_CRITIQUE_PEA;Confirmation officielle requise, jamais déduite;https://live.euronext.com/en/product/equities/IT0001268561-MTAA;https://geco.amf-france.org
IT0005187460;B.F.;corporate_status;GAP_CRITIQUE_PEA;Confirmation officielle requise, jamais déduite;https://live.euronext.com/en/product/equities/IT0005187460-MTAA;https://geco.amf-france.org
IT0003188064;BANCA IFIS;corporate_status;GAP_CRITIQUE_PEA;Confirmation officielle requise, jamais déduite;https://live.euronext.com/en/product/equities/IT0003188064-MTAA;https://geco.amf-france.org
IT0003173629;BANCA SISTEMA;corporate_status;GAP_CRITIQUE_PEA;Confirmation officielle requise, jamais déduite;https://live.euronext.com/en/product/equities/IT0003173629-MTAA;https://geco.amf-france.org
BE0003870871;BANIMMO A;corporate_status;GAP_CRITIQUE_PEA;Confirmation officielle requise, jamais déduite;https://live.euronext.com/en/product/equities/BE0003870871-XBRU;https://geco.amf-france.org
BE0974371032;BANQUP GROUP;corporate_status;GAP_CRITIQUE_PEA;Confirmation officielle requise, jamais déduite;https://live.euronext.com/en/product/equities/BE0974371032-XBRU;https://geco.amf-france.org
FR0000062788;BARBARA BUI;corporate_status;GAP_CRITIQUE_PEA;Confirmation officielle requise, jamais déduite;https://live.euronext.com/en/product/equities/FR0000062788-XPAR;https://geco.amf-france.org
BE0974362940;BARCO;corporate_status;GAP_CRITIQUE_PEA;Confirmation officielle requise, jamais déduite;https://live.euronext.com/en/product/equities/BE0974362940-XBRU;https://geco.amf-france.org
IT0001033700;BASICNET;corporate_status;GAP_CRITIQUE_PEA;Confirmation officielle requise, jamais déduite;https://live.euronext.com/en/product/equities/IT0001033700-MTAA;https://geco.amf-france.org
FR0004023208;BASSAC;corporate_status;GAP_CRITIQUE_PEA;Confirmation officielle requise, jamais déduite;https://live.euronext.com/en/product/equities/FR0004023208-XPAR;https://geco.amf-france.org
FR0000035370;BASTIDE LE CONFORT;corporate_status;GAP_CRITIQUE_PEA;Confirmation officielle requise, jamais déduite;https://live.euronext.com/en/product/equities/FR0000035370-XPAR;https://geco.amf-france.org
IT0004412497;BASTOGI SPA;corporate_status;GAP_CRITIQUE_PEA;Confirmation officielle requise, jamais déduite;https://live.euronext.com/en/product/equities/IT0004412497-MTAA;https://geco.amf-france.org
IT0005704439;BCA PROFILO;corporate_status;GAP_CRITIQUE_PEA;Confirmation officielle requise, jamais déduite;https://live.euronext.com/en/product/equities/IT0005704439-MTAA;https://geco.amf-france.org
IT0001041000;BCO DESIO BRIANZA;corporate_status;GAP_CRITIQUE_PEA;Confirmation officielle requise, jamais déduite;https://live.euronext.com/en/product/equities/IT0001041000-MTAA;https://geco.amf-france.org
IT0001487047;BEEWIZE;corporate_status;GAP_CRITIQUE_PEA;Confirmation officielle requise, jamais déduite;https://live.euronext.com/en/product/equities/IT0001487047-MTAA;https://geco.amf-france.org
BE0974258874;BEKAERT;corporate_status;GAP_CRITIQUE_PEA;Confirmation officielle requise, jamais déduite;https://live.euronext.com/en/product/equities/BE0974258874-XBRU;https://geco.amf-france.org
BE0974314461;BELYSSE GROUP NV;corporate_status;GAP_CRITIQUE_PEA;Confirmation officielle requise, jamais déduite;https://live.euronext.com/en/product/equities/BE0974314461-XBRU;https://geco.amf-france.org
FR0000035164;BENETEAU;corporate_status;GAP_CRITIQUE_PEA;Confirmation officielle requise, jamais déduite;https://live.euronext.com/en/product/equities/FR0000035164-XPAR;https://geco.amf-france.org
IT0005611642;BESTBE HOLDING;corporate_status;GAP_CRITIQUE_PEA;Confirmation officielle requise, jamais déduite;https://live.euronext.com/en/product/equities/IT0005611642-MTAA;https://geco.amf-france.org
NL0000285278;BEVER HOLDING Gewone aandelen;corporate_status;GAP_CRITIQUE_PEA;Confirmation officielle requise, jamais déduite;https://live.euronext.com/en/product/equities/NL0000285278-XAMS;https://geco.amf-france.org
IT0005244402;BFF BANK;corporate_status;GAP_CRITIQUE_PEA;Confirmation officielle requise, jamais déduite;https://live.euronext.com/en/product/equities/IT0005244402-MTAA;https://geco.amf-france.org
IT0003097257;BIESSE;corporate_status;GAP_CRITIQUE_PEA;Confirmation officielle requise, jamais déduite;https://live.euronext.com/en/product/equities/IT0003097257-MTAA;https://geco.amf-france.org
FR0000074072;BIGBEN INTERACTIVE;corporate_status;GAP_CRITIQUE_PEA;Confirmation officielle requise, jamais déduite;https://live.euronext.com/en/product/equities/FR0000074072-XPAR;https://geco.amf-france.org
BE0974280126;BIOSENIC;corporate_status;GAP_CRITIQUE_PEA;Confirmation officielle requise, jamais déduite;https://live.euronext.com/en/product/equities/BE0974280126-XBRU;https://geco.amf-france.org
BE0974386188;BIOTALYS NV;corporate_status;GAP_CRITIQUE_PEA;Confirmation officielle requise, jamais déduite;https://live.euronext.com/en/product/equities/BE0974386188-XBRU;https://geco.amf-france.org
FR0000061129;BOIRON;corporate_status;GAP_CRITIQUE_PEA;Confirmation officielle requise, jamais déduite;https://live.euronext.com/en/product/equities/FR0000061129-XPAR;https://geco.amf-france.org
IT0003217335;BORGOSESIA;corporate_status;GAP_CRITIQUE_PEA;Confirmation officielle requise, jamais déduite;https://live.euronext.com/en/product/equities/IT0003217335-MTAA;https://geco.amf-france.org
FR0000074254;BOURSE DIRECT;corporate_status;GAP_CRITIQUE_PEA;Confirmation officielle requise, jamais déduite;https://live.euronext.com/en/product/equities/FR0000074254-XPAR;https://geco.amf-france.org
BE0974268972;BPOST;corporate_status;GAP_CRITIQUE_PEA;Confirmation officielle requise, jamais déduite;https://live.euronext.com/en/product/equities/BE0974268972-XBRU;https://geco.amf-france.org
BE0003008019;BQUE NAT. BELGIQUE;corporate_status;GAP_CRITIQUE_PEA;Confirmation officielle requise, jamais déduite;https://live.euronext.com/en/product/equities/BE0003008019-XBRU;https://geco.amf-france.org
IT0000066180;BRIOSCHI;corporate_status;GAP_CRITIQUE_PEA;Confirmation officielle requise, jamais déduite;https://live.euronext.com/en/product/equities/IT0000066180-MTAA;https://geco.amf-france.org
NL0010776944;BRUNEL INTERNAT;corporate_status;GAP_CRITIQUE_PEA;Confirmation officielle requise, jamais déduite;https://live.euronext.com/en/product/equities/NL0010776944-XAMS;https://geco.amf-france.org
FR0000061137;BURELLE;corporate_status;GAP_CRITIQUE_PEA;Confirmation officielle requise, jamais déduite;https://live.euronext.com/en/product/equities/FR0000061137-XPAR;https://geco.amf-france.org
PTSLB0AM0010;Benfica SAD;corporate_status;GAP_CRITIQUE_PEA;Confirmation officielle requise, jamais déduite;https://live.euronext.com/en/product/equities/PTSLB0AM0010-XLIS;https://geco.amf-france.org
FR0000045544;CA TOULOUSE 31 CCI;corporate_status;GAP_CRITIQUE_PEA;Confirmation officielle requise, jamais déduite;https://live.euronext.com/en/product/equities/FR0000045544-XPAR;https://geco.amf-france.org
NL00150000S7;CABKA;corporate_status;GAP_CRITIQUE_PEA;Confirmation officielle requise, jamais déduite;https://live.euronext.com/en/product/equities/NL00150000S7-XAMS;https://geco.amf-france.org
IE00BWY4ZF18;CAIRN HOMES PLC;corporate_status;GAP_CRITIQUE_PEA;Confirmation officielle requise, jamais déduite;https://live.euronext.com/en/product/equities/IE00BWY4ZF18-XMSM;https://geco.amf-france.org
IT0004329733;CAIRO COMMUNICATION;corporate_status;GAP_CRITIQUE_PEA;Confirmation officielle requise, jamais déduite;https://live.euronext.com/en/product/equities/IT0004329733-MTAA;https://geco.amf-france.org
IT0003025019;CALEFFI;corporate_status;GAP_CRITIQUE_PEA;Confirmation officielle requise, jamais déduite;https://live.euronext.com/en/product/equities/IT0003025019-MTAA;https://geco.amf-france.org
IT0003127930;CALTAGIRONE;corporate_status;GAP_CRITIQUE_PEA;Confirmation officielle requise, jamais déduite;https://live.euronext.com/en/product/equities/IT0003127930-MTAA;https://geco.amf-france.org
IT0001472171;CALTAGIRONE EDIT;corporate_status;GAP_CRITIQUE_PEA;Confirmation officielle requise, jamais déduite;https://live.euronext.com/en/product/equities/IT0001472171-MTAA;https://geco.amf-france.org
BE0003825420;CAMPINE;corporate_status;GAP_CRITIQUE_PEA;Confirmation officielle requise, jamais déduite;https://live.euronext.com/en/product/equities/BE0003825420-XBRU;https://geco.amf-france.org
FR0013333077;CARVOLIX;corporate_status;GAP_CRITIQUE_PEA;Confirmation officielle requise, jamais déduite;https://live.euronext.com/en/product/equities/FR0013333077-XPAR;https://geco.amf-france.org
FR001400OKR3;CASINO GUICHARD;corporate_status;GAP_CRITIQUE_PEA;Confirmation officielle requise, jamais déduite;https://live.euronext.com/en/product/equities/FR001400OKR3-XPAR;https://geco.amf-france.org
FR0010193979;CBO TERRITORIA;corporate_status;GAP_CRITIQUE_PEA;Confirmation officielle requise, jamais déduite;https://live.euronext.com/en/product/equities/FR0010193979-XPAR;https://geco.amf-france.org
IT0005244618;CELLULARLINE;corporate_status;GAP_CRITIQUE_PEA;Confirmation officielle requise, jamais déduite;https://live.euronext.com/en/product/equities/IT0005244618-MTAA;https://geco.amf-france.org
BE0974260896;CELYAD ONCOLOGY;corporate_status;GAP_CRITIQUE_PEA;Confirmation officielle requise, jamais déduite;https://live.euronext.com/en/product/equities/BE0974260896-XBRU;https://geco.amf-france.org
IT0001128047;CEMBRE;corporate_status;GAP_CRITIQUE_PEA;Confirmation officielle requise, jamais déduite;https://live.euronext.com/en/product/equities/IT0001128047-MTAA;https://geco.amf-france.org
NL0013995087;CEMENTIR HOLDING;corporate_status;GAP_CRITIQUE_PEA;Confirmation officielle requise, jamais déduite;https://live.euronext.com/en/product/equities/NL0013995087-MTAA;https://geco.amf-france.org
BE0974303357;CENERGY;corporate_status;GAP_CRITIQUE_PEA;Confirmation officielle requise, jamais déduite;https://live.euronext.com/en/product/equities/BE0974303357-XBRU;https://geco.amf-france.org
IT0003023980;CENTRALE DEL LATTE D'ITALIA;corporate_status;GAP_CRITIQUE_PEA;Confirmation officielle requise, jamais déduite;https://live.euronext.com/en/product/equities/IT0003023980-MTAA;https://geco.amf-france.org
BE0003883031;CFE;corporate_status;GAP_CRITIQUE_PEA;Confirmation officielle requise, jamais déduite;https://live.euronext.com/en/product/equities/BE0003883031-XBRU;https://geco.amf-france.org
FR0000060907;CHAUSSERIA;corporate_status;GAP_CRITIQUE_PEA;Confirmation officielle requise, jamais déduite;https://live.euronext.com/en/product/equities/FR0000060907-XPAR;https://geco.amf-france.org
BE0003592038;CIE BOIS SAUVAGE;corporate_status;GAP_CRITIQUE_PEA;Confirmation officielle requise, jamais déduite;https://live.euronext.com/en/product/equities/BE0003592038-XBRU;https://geco.amf-france.org
IT0000070786;CIR;corporate_status;GAP_CRITIQUE_PEA;Confirmation officielle requise, jamais déduite;https://live.euronext.com/en/product/equities/IT0000070786-MTAA;https://geco.amf-france.org
FR0010386334;CLARIANE SE;corporate_status;GAP_CRITIQUE_PEA;Confirmation officielle requise, jamais déduite;https://live.euronext.com/en/product/equities/FR0010386334-XPAR;https://geco.amf-france.org
IT0005117848;CLASS EDITORI;corporate_status;GAP_CRITIQUE_PEA;Confirmation officielle requise, jamais déduite;https://live.euronext.com/en/product/equities/IT0005117848-MTAA;https://geco.amf-france.org
NL0012747059;CM.COM;corporate_status;GAP_CRITIQUE_PEA;Confirmation officielle requise, jamais déduite;https://live.euronext.com/en/product/equities/NL0012747059-XAMS;https://geco.amf-france.org
FR0010667147;COFACE;corporate_status;GAP_CRITIQUE_PEA;Confirmation officielle requise, jamais déduite;https://live.euronext.com/en/product/equities/FR0010667147-XPAR;https://geco.amf-france.org
FR0004031763;COHERIS;corporate_status;GAP_CRITIQUE_PEA;Confirmation officielle requise, jamais déduite;https://live.euronext.com/en/product/equities/FR0004031763-XPAR;https://geco.amf-france.org
IT0005246191;COMER INDUSTRIES;corporate_status;GAP_CRITIQUE_PEA;Confirmation officielle requise, jamais déduite;https://live.euronext.com/en/product/equities/IT0005246191-MTAA;https://geco.amf-france.org
FR0000130692;COMPAGNIE CHARGEURS INVEST;corporate_status;GAP_CRITIQUE_PEA;Confirmation officielle requise, jamais déduite;https://live.euronext.com/en/product/equities/FR0000130692-XPAR;https://geco.amf-france.org
FR0000065393;COURTOIS;corporate_status;GAP_CRITIQUE_PEA;Confirmation officielle requise, jamais déduite;https://live.euronext.com/en/product/equities/FR0000065393-XPAR;https://geco.amf-france.org
FR0000044323;CRCAM ALP.PROV.CCI;corporate_status;GAP_CRITIQUE_PEA;Confirmation officielle requise, jamais déduite;https://live.euronext.com/en/product/equities/FR0000044323-XPAR;https://geco.amf-france.org
FR0000185506;CRCAM ATL.VEND.CCI;corporate_status;GAP_CRITIQUE_PEA;Confirmation officielle requise, jamais déduite;https://live.euronext.com/en/product/equities/FR0000185506-XPAR;https://geco.amf-france.org
FR0010483768;CRCAM BRIE PIC2CCI;corporate_status;GAP_CRITIQUE_PEA;Confirmation officielle requise, jamais déduite;https://live.euronext.com/en/product/equities/FR0010483768-XPAR;https://geco.amf-france.org
FR0000045213;CRCAM ILLE-VIL.CCI;corporate_status;GAP_CRITIQUE_PEA;Confirmation officielle requise, jamais déduite;https://live.euronext.com/en/product/equities/FR0000045213-XPAR;https://geco.amf-france.org
FR0010461053;CRCAM LANGUED CCI;corporate_status;GAP_CRITIQUE_PEA;Confirmation officielle requise, jamais déduite;https://live.euronext.com/en/product/equities/FR0010461053-XPAR;https://geco.amf-france.org
FR0000045239;CRCAM LOIRE HAUTE LOIRE CCI;corporate_status;GAP_CRITIQUE_PEA;Confirmation officielle requise, jamais déduite;https://live.euronext.com/en/product/equities/FR0000045239-XPAR;https://geco.amf-france.org
FR0000045551;CRCAM MORBIHAN CCI;corporate_status;GAP_CRITIQUE_PEA;Confirmation officielle requise, jamais déduite;https://live.euronext.com/en/product/equities/FR0000045551-XPAR;https://geco.amf-france.org
FR0000185514;CRCAM NORD CCI;corporate_status;GAP_CRITIQUE_PEA;Confirmation officielle requise, jamais déduite;https://live.euronext.com/en/product/equities/FR0000185514-XPAR;https://geco.amf-france.org
FR0000044364;CRCAM NORM.SEINE;corporate_status;GAP_CRITIQUE_PEA;Confirmation officielle requise, jamais déduite;https://live.euronext.com/en/product/equities/FR0000044364-XPAR;https://geco.amf-france.org
FR0000045528;CRCAM PARIS ET IDF;corporate_status;GAP_CRITIQUE_PEA;Confirmation officielle requise, jamais déduite;https://live.euronext.com/en/product/equities/FR0000045528-XPAR;https://geco.amf-france.org
FR0000045346;CRCAM SUD R.A.CCI;corporate_status;GAP_CRITIQUE_PEA;Confirmation officielle requise, jamais déduite;https://live.euronext.com/en/product/equities/FR0000045346-XPAR;https://geco.amf-france.org
FR0000045304;CRCAM TOURAINE CCI;corporate_status;GAP_CRITIQUE_PEA;Confirmation officielle requise, jamais déduite;https://live.euronext.com/en/product/equities/FR0000045304-XPAR;https://geco.amf-france.org
FR0000050395;CROSSWOOD;corporate_status;GAP_CRITIQUE_PEA;Confirmation officielle requise, jamais déduite;https://live.euronext.com/en/product/equities/FR0000050395-XPAR;https://geco.amf-france.org
IT0001127874;CSP INT IND CALZE;corporate_status;GAP_CRITIQUE_PEA;Confirmation officielle requise, jamais déduite;https://live.euronext.com/en/product/equities/IT0001127874-MTAA;https://geco.amf-france.org
NL0000345577;CTAC;corporate_status;GAP_CRITIQUE_PEA;Confirmation officielle requise, jamais déduite;https://live.euronext.com/en/product/equities/NL0000345577-XAMS;https://geco.amf-france.org
BE0003463685;CUMULEX;corporate_status;GAP_CRITIQUE_PEA;Confirmation officielle requise, jamais déduite;https://live.euronext.com/en/product/equities/BE0003463685-XBRU;https://geco.amf-france.org
IT0005412504;CY4GATE;corporate_status;GAP_CRITIQUE_PEA;Confirmation officielle requise, jamais déduite;https://live.euronext.com/en/product/equities/IT0005412504-MTAA;https://geco.amf-france.org
LU2592315662;D'AMICO;corporate_status;GAP_CRITIQUE_PEA;Confirmation officielle requise, jamais déduite;https://live.euronext.com/en/product/equities/LU2592315662-MTAA;https://geco.amf-france.org
IT0000076502;DANIELI & C;corporate_status;GAP_CRITIQUE_PEA;Confirmation officielle requise, jamais déduite;https://live.euronext.com/en/product/equities/IT0000076502-MTAA;https://geco.amf-france.org
IT0004053440;DATALOGIC;corporate_status;GAP_CRITIQUE_PEA;Confirmation officielle requise, jamais déduite;https://live.euronext.com/en/product/equities/IT0004053440-MTAA;https://geco.amf-france.org
FR0010417345;DBV TECHNOLOGIES;corporate_status;GAP_CRITIQUE_PEA;Confirmation officielle requise, jamais déduite;https://live.euronext.com/en/product/equities/FR0010417345-XPAR;https://geco.amf-france.org
BE0003789063;DECEUNINCK;corporate_status;GAP_CRITIQUE_PEA;Confirmation officielle requise, jamais déduite;https://live.euronext.com/en/product/equities/BE0003789063-XBRU;https://geco.amf-france.org
FR001400AYG6;DEEZER;corporate_status;GAP_CRITIQUE_PEA;Confirmation officielle requise, jamais déduite;https://live.euronext.com/en/product/equities/FR001400AYG6-XPAR;https://geco.amf-france.org
FR0000062978;DEKUPLE;corporate_status;GAP_CRITIQUE_PEA;Confirmation officielle requise, jamais déduite;https://live.euronext.com/en/product/equities/FR0000062978-XPAR;https://geco.amf-france.org
FR0000053381;DERICHEBOURG;corporate_status;GAP_CRITIQUE_PEA;Confirmation officielle requise, jamais déduite;https://live.euronext.com/en/product/equities/FR0000053381-XPAR;https://geco.amf-france.org
IT0005543480;DEXELANCE;corporate_status;GAP_CRITIQUE_PEA;Confirmation officielle requise, jamais déduite;https://live.euronext.com/en/product/equities/IT0005543480-MTAA;https://geco.amf-france.org
IT0001469995;DIGITAL BROS;corporate_status;GAP_CRITIQUE_PEA;Confirmation officielle requise, jamais déduite;https://live.euronext.com/en/product/equities/IT0001469995-MTAA;https://geco.amf-france.org
FR0000065260;DOCK.PETR.AMBES AM;corporate_status;GAP_CRITIQUE_PEA;Confirmation officielle requise, jamais déduite;https://live.euronext.com/en/product/equities/FR0000065260-XPAR;https://geco.amf-france.org
IT0005610958;DOVALUE;corporate_status;GAP_CRITIQUE_PEA;Confirmation officielle requise, jamais déduite;https://live.euronext.com/en/product/equities/IT0005610958-MTAA;https://geco.amf-france.org
FR0010428771;EAGLE FOOTBALL GROUP;corporate_status;GAP_CRITIQUE_PEA;Confirmation officielle requise, jamais déduite;https://live.euronext.com/en/product/equities/FR0010428771-XPAR;https://geco.amf-france.org
NL0000345627;EASE2PAY NV;corporate_status;GAP_CRITIQUE_PEA;Confirmation officielle requise, jamais déduite;https://live.euronext.com/en/product/equities/NL0000345627-XAMS;https://geco.amf-france.org
NL0015002AG2;EBUSCO HOLDING N.V.;corporate_status;GAP_CRITIQUE_PEA;Confirmation officielle requise, jamais déduite;https://live.euronext.com/en/product/equities/NL0015002AG2-XAMS;https://geco.amf-france.org
BE0974313455;ECONOCOM GROUP;corporate_status;GAP_CRITIQUE_PEA;Confirmation officielle requise, jamais déduite;https://live.euronext.com/en/product/equities/BE0974313455-XBRU;https://geco.amf-france.org
FR0011466069;EKINOPS;corporate_status;GAP_CRITIQUE_PEA;Confirmation officielle requise, jamais déduite;https://live.euronext.com/en/product/equities/FR0011466069-XPAR;https://geco.amf-france.org
BE0974380124;EKOPAK NV;corporate_status;GAP_CRITIQUE_PEA;Confirmation officielle requise, jamais déduite;https://live.euronext.com/en/product/equities/BE0974380124-XBRU;https://geco.amf-france.org
IT0005453250;EL.EN.;corporate_status;GAP_CRITIQUE_PEA;Confirmation officielle requise, jamais déduite;https://live.euronext.com/en/product/equities/IT0005453250-MTAA;https://geco.amf-france.org
FR0000031023;ELEC.STRASBOURG;corporate_status;GAP_CRITIQUE_PEA;Confirmation officielle requise, jamais déduite;https://live.euronext.com/en/product/equities/FR0000031023-XPAR;https://geco.amf-france.org
FR0000035719;ELECTRICITE ET EAUX DE MADAGASCAR;corporate_status;GAP_CRITIQUE_PEA;Confirmation officielle requise, jamais déduite;https://live.euronext.com/en/product/equities/FR0000035719-XPAR;https://geco.amf-france.org
IT0003404214;ELICA;corporate_status;GAP_CRITIQUE_PEA;Confirmation officielle requise, jamais déduite;https://live.euronext.com/en/product/equities/IT0003404214-MTAA;https://geco.amf-france.org
FR0011950732;ELIOR GROUP;corporate_status;GAP_CRITIQUE_PEA;Confirmation officielle requise, jamais déduite;https://live.euronext.com/en/product/equities/FR0011950732-XPAR;https://geco.amf-france.org
IT0001237053;EMAK;corporate_status;GAP_CRITIQUE_PEA;Confirmation officielle requise, jamais déduite;https://live.euronext.com/en/product/equities/IT0001237053-MTAA;https://geco.amf-france.org
FR001400NLM4;EMEIS;corporate_status;GAP_CRITIQUE_PEA;Confirmation officielle requise, jamais déduite;https://live.euronext.com/en/product/equities/FR001400NLM4-XPAR;https://geco.amf-france.org
IT0005176406;ENAV;corporate_status;GAP_CRITIQUE_PEA;Confirmation officielle requise, jamais déduite;https://live.euronext.com/en/product/equities/IT0005176406-MTAA;https://geco.amf-france.org
BE0974499312;ENERGYVISION;corporate_status;GAP_CRITIQUE_PEA;Confirmation officielle requise, jamais déduite;https://live.euronext.com/en/product/equities/BE0974499312-XBRU;https://geco.amf-france.org
IT0004356751;ENERVIT;corporate_status;GAP_CRITIQUE_PEA;Confirmation officielle requise, jamais déduite;https://live.euronext.com/en/product/equities/IT0004356751-MTAA;https://geco.amf-france.org
NL0015000GX8;ENVIPCO;corporate_status;GAP_CRITIQUE_PEA;Confirmation officielle requise, jamais déduite;https://live.euronext.com/en/product/equities/NL0015000GX8-XAMS;https://geco.amf-france.org
IT0005623845;EPH INVEST;corporate_status;GAP_CRITIQUE_PEA;Confirmation officielle requise, jamais déduite;https://live.euronext.com/en/product/equities/IT0005623845-MTAA;https://geco.amf-france.org
FR0012882389;EQUASENS;corporate_status;GAP_CRITIQUE_PEA;Confirmation officielle requise, jamais déduite;https://live.euronext.com/en/product/equities/FR0012882389-XPAR;https://geco.amf-france.org
IT0005312027;EQUITA GROUP;corporate_status;GAP_CRITIQUE_PEA;Confirmation officielle requise, jamais déduite;https://live.euronext.com/en/product/equities/IT0005312027-MTAA;https://geco.amf-france.org
NL0010389508;ER CAPITAL N.V.;corporate_status;GAP_CRITIQUE_PEA;Confirmation officielle requise, jamais déduite;https://live.euronext.com/en/product/equities/NL0010389508-XAMS;https://geco.amf-france.org
FR0000131757;ERAMET;corporate_status;GAP_CRITIQUE_PEA;Confirmation officielle requise, jamais déduite;https://live.euronext.com/en/product/equities/FR0000131757-XPAR;https://geco.amf-france.org
IT0003850929;ESPRINET;corporate_status;GAP_CRITIQUE_PEA;Confirmation officielle requise, jamais déduite;https://live.euronext.com/en/product/equities/IT0003850929-MTAA;https://geco.amf-france.org
IT0004818297;EUKEDOS;corporate_status;GAP_CRITIQUE_PEA;Confirmation officielle requise, jamais déduite;https://live.euronext.com/en/product/equities/IT0004818297-MTAA;https://geco.amf-france.org
FR0014008VX5;EUROAPI SA;corporate_status;GAP_CRITIQUE_PEA;Confirmation officielle requise, jamais déduite;https://live.euronext.com/en/product/equities/FR0014008VX5-MTAH;https://geco.amf-france.org
IT0005527616;EUROGROUP LAMINATIONS;corporate_status;GAP_CRITIQUE_PEA;Confirmation officielle requise, jamais déduite;https://live.euronext.com/en/product/equities/IT0005527616-MTAA;https://geco.amf-france.org
IT0003895668;EUROTECH;corporate_status;GAP_CRITIQUE_PEA;Confirmation officielle requise, jamais déduite;https://live.euronext.com/en/product/equities/IT0003895668-MTAA;https://geco.amf-france.org
FR0010221234;EUTELSAT COMMUNIC.;corporate_status;GAP_CRITIQUE_PEA;Confirmation officielle requise, jamais déduite;https://live.euronext.com/en/product/equities/FR0010221234-XPAR;https://geco.amf-france.org
BE0003820371;EVS BROADC.EQUIPM.;corporate_status;GAP_CRITIQUE_PEA;Confirmation officielle requise, jamais déduite;https://live.euronext.com/en/product/equities/BE0003820371-XBRU;https://geco.amf-france.org
FR0000062671;EXAIL TECHNOLOGIES;corporate_status;GAP_CRITIQUE_PEA;Confirmation officielle requise, jamais déduite;https://live.euronext.com/en/product/equities/FR0000062671-XPAR;https://geco.amf-france.org
FR0004527638;EXEL INDUSTRIES;corporate_status;GAP_CRITIQUE_PEA;Confirmation officielle requise, jamais déduite;https://live.euronext.com/en/product/equities/FR0004527638-XPAR;https://geco.amf-france.org
BE0003808251;EXMAR ord.;corporate_status;GAP_CRITIQUE_PEA;Confirmation officielle requise, jamais déduite;https://live.euronext.com/en/product/equities/BE0003808251-XBRU;https://geco.amf-france.org
FR001400Q9V2;EXOSENS;corporate_status;GAP_CRITIQUE_PEA;Confirmation officielle requise, jamais déduite;https://live.euronext.com/en/product/equities/FR001400Q9V2-XPAR;https://geco.amf-france.org
FR0014003AQ4;EXPLOSIFS PROD.CHI;corporate_status;GAP_CRITIQUE_PEA;Confirmation officielle requise, jamais déduite;https://live.euronext.com/en/product/equities/FR0014003AQ4-XPAR;https://geco.amf-france.org
PTESO0AM0000;Estoril-Sol SGPS-Nominativas;corporate_status;GAP_CRITIQUE_PEA;Confirmation officielle requise, jamais déduite;https://live.euronext.com/en/product/equities/PTESO0AM0000-XLIS;https://geco.amf-france.org
IE0003290289;FBD HOLDINGS PLC;corporate_status;GAP_CRITIQUE_PEA;Confirmation officielle requise, jamais déduite;https://live.euronext.com/en/product/equities/IE0003290289-XMSM;https://geco.amf-france.org
FR0000062101;FERM.CASINO MUNICIPAL CANNES;corporate_status;GAP_CRITIQUE_PEA;Confirmation officielle requise, jamais déduite;https://live.euronext.com/en/product/equities/FR0000062101-XPAR;https://geco.amf-france.org
IT0005383291;FERRETTI;corporate_status;GAP_CRITIQUE_PEA;Confirmation officielle requise, jamais déduite;https://live.euronext.com/en/product/equities/IT0005383291-MTAA;https://geco.amf-france.org
IT0005654683;FIDIA;corporate_status;GAP_CRITIQUE_PEA;Confirmation officielle requise, jamais déduite;https://live.euronext.com/en/product/equities/IT0005654683-MTAA;https://geco.amf-france.org
FR0000061418;FIDUCIAL OFF.SOL.;corporate_status;GAP_CRITIQUE_PEA;Confirmation officielle requise, jamais déduite;https://live.euronext.com/en/product/equities/FR0000061418-XPAR;https://geco.amf-france.org
FR0000060535;FIDUCIAL REAL EST.;corporate_status;GAP_CRITIQUE_PEA;Confirmation officielle requise, jamais déduite;https://live.euronext.com/en/product/equities/FR0000060535-XPAR;https://geco.amf-france.org
IT0003365613;FIERA MILANO;corporate_status;GAP_CRITIQUE_PEA;Confirmation officielle requise, jamais déduite;https://live.euronext.com/en/product/equities/IT0003365613-MTAA;https://geco.amf-france.org
FR0011665280;FIGEAC AERO;corporate_status;GAP_CRITIQUE_PEA;Confirmation officielle requise, jamais déduite;https://live.euronext.com/en/product/equities/FR0011665280-XPAR;https://geco.amf-france.org
IT0004967292;FILA;corporate_status;GAP_CRITIQUE_PEA;Confirmation officielle requise, jamais déduite;https://live.euronext.com/en/product/equities/IT0004967292-MTAA;https://geco.amf-france.org
FR0000060824;FINANCIERE MARJOS;corporate_status;GAP_CRITIQUE_PEA;Confirmation officielle requise, jamais déduite;https://live.euronext.com/en/product/equities/FR0000060824-XPAR;https://geco.amf-france.org
IT0005599938;FINCANTIERI;corporate_status;GAP_CRITIQUE_PEA;Confirmation officielle requise, jamais déduite;https://live.euronext.com/en/product/equities/IT0005599938-MTAA;https://geco.amf-france.org
IT0005215329;FINE FOODS & PHARMACEUTICALS NTM;corporate_status;GAP_CRITIQUE_PEA;Confirmation officielle requise, jamais déduite;https://live.euronext.com/en/product/equities/IT0005215329-MTAA;https://geco.amf-france.org
PTFXD0AM0018;FLEXDEAL;corporate_status;GAP_CRITIQUE_PEA;Confirmation officielle requise, jamais déduite;https://live.euronext.com/en/product/equities/PTFXD0AM0018-XLIS;https://geco.amf-france.org
BE0974502347;FLORIDIENNE;corporate_status;GAP_CRITIQUE_PEA;Confirmation officielle requise, jamais déduite;https://live.euronext.com/en/product/equities/BE0974502347-XBRU;https://geco.amf-france.org
BE0974265945;FLUXYS BELGIUM;corporate_status;GAP_CRITIQUE_PEA;Confirmation officielle requise, jamais déduite;https://live.euronext.com/en/product/equities/BE0974265945-XBRU;https://geco.amf-france.org
FR0011476928;FNAC DARTY;corporate_status;GAP_CRITIQUE_PEA;Confirmation officielle requise, jamais déduite;https://live.euronext.com/en/product/equities/FR0011476928-XPAR;https://geco.amf-france.org
IT0000060886;FNM;corporate_status;GAP_CRITIQUE_PEA;Confirmation officielle requise, jamais déduite;https://live.euronext.com/en/product/equities/IT0000060886-MTAA;https://geco.amf-france.org
FR0000065930;FONCIERE 7 INVEST;corporate_status;GAP_CRITIQUE_PEA;Confirmation officielle requise, jamais déduite;https://live.euronext.com/en/product/equities/FR0000065930-XPAR;https://geco.amf-france.org
FR0000053944;FONCIERE VOLTA;corporate_status;GAP_CRITIQUE_PEA;Confirmation officielle requise, jamais déduite;https://live.euronext.com/en/product/equities/FR0000053944-XPAR;https://geco.amf-france.org
NL0011832811;FORFARMERS;corporate_status;GAP_CRITIQUE_PEA;Confirmation officielle requise, jamais déduite;https://live.euronext.com/en/product/equities/NL0011832811-XAMS;https://geco.amf-france.org
FR0000121147;FORVIA;corporate_status;GAP_CRITIQUE_PEA;Confirmation officielle requise, jamais déduite;https://live.euronext.com/en/product/equities/FR0000121147-XPAR;https://geco.amf-france.org
BE0003752665;FOUNTAIN;corporate_status;GAP_CRITIQUE_PEA;Confirmation officielle requise, jamais déduite;https://live.euronext.com/en/product/equities/BE0003752665-XBRU;https://geco.amf-france.org
FR0013030152;FRANCAISE ENERGIE;corporate_status;GAP_CRITIQUE_PEA;Confirmation officielle requise, jamais déduite;https://live.euronext.com/en/product/equities/FR0013030152-XPAR;https://geco.amf-france.org
FR0000031973;FSDV;corporate_status;GAP_CRITIQUE_PEA;Confirmation officielle requise, jamais déduite;https://live.euronext.com/en/product/equities/FR0000031973-XPAR;https://geco.amf-france.org
PTFCP0AM0008;FUT.CLUBE PORTO;corporate_status;GAP_CRITIQUE_PEA;Confirmation officielle requise, jamais déduite;https://live.euronext.com/en/product/equities/PTFCP0AM0008-XLIS;https://geco.amf-france.org
IT0005023038;GABETTI;corporate_status;GAP_CRITIQUE_PEA;Confirmation officielle requise, jamais déduite;https://live.euronext.com/en/product/equities/IT0005023038-MTAA;https://geco.amf-france.org
IT0005345233;GAROFALO HEALTH CARE;corporate_status;GAP_CRITIQUE_PEA;Confirmation officielle requise, jamais déduite;https://live.euronext.com/en/product/equities/IT0005345233-MTAA;https://geco.amf-france.org
IT0004098510;GAS PLUS;corporate_status;GAP_CRITIQUE_PEA;Confirmation officielle requise, jamais déduite;https://live.euronext.com/en/product/equities/IT0004098510-MTAA;https://geco.amf-france.org
FR0000034894;GAUMONT;corporate_status;GAP_CRITIQUE_PEA;Confirmation officielle requise, jamais déduite;https://live.euronext.com/en/product/equities/FR0000034894-XPAR;https://geco.amf-france.org
FR0000053035;GEA GRENOBL.ELECT.;corporate_status;GAP_CRITIQUE_PEA;Confirmation officielle requise, jamais déduite;https://live.euronext.com/en/product/equities/FR0000053035-XPAR;https://geco.amf-france.org
IT0003203947;GEFRAN;corporate_status;GAP_CRITIQUE_PEA;Confirmation officielle requise, jamais déduite;https://live.euronext.com/en/product/equities/IT0003203947-MTAA;https://geco.amf-france.org
IT0005144784;GENERALFINANCE;corporate_status;GAP_CRITIQUE_PEA;Confirmation officielle requise, jamais déduite;https://live.euronext.com/en/product/equities/IT0005144784-MTAA;https://geco.amf-france.org
FR0004163111;GENFIT;corporate_status;GAP_CRITIQUE_PEA;Confirmation officielle requise, jamais déduite;https://live.euronext.com/en/product/equities/FR0004163111-XPAR;https://geco.amf-france.org
IT0005713232;GENS AUREA;corporate_status;GAP_CRITIQUE_PEA;Confirmation officielle requise, jamais déduite;https://live.euronext.com/en/product/equities/IT0005713232-MTAA;https://geco.amf-france.org
FR0013183985;GENSIGHT BIOLOGICS;corporate_status;GAP_CRITIQUE_PEA;Confirmation officielle requise, jamais déduite;https://live.euronext.com/en/product/equities/FR0013183985-XPAR;https://geco.amf-france.org
IT0003697080;GEOX;corporate_status;GAP_CRITIQUE_PEA;Confirmation officielle requise, jamais déduite;https://live.euronext.com/en/product/equities/IT0003697080-MTAA;https://geco.amf-france.org
BE0003699130;GIMV;corporate_status;GAP_CRITIQUE_PEA;Confirmation officielle requise, jamais déduite;https://live.euronext.com/en/product/equities/BE0003699130-XBRU;https://geco.amf-france.org
FR0000066672;GL EVENTS;corporate_status;GAP_CRITIQUE_PEA;Confirmation officielle requise, jamais déduite;https://live.euronext.com/en/product/equities/FR0000066672-XPAR;https://geco.amf-france.org
IE00BD6JX574;GLENVEAGH PROPERTIES PLC;corporate_status;GAP_CRITIQUE_PEA;Confirmation officielle requise, jamais déduite;https://live.euronext.com/en/product/equities/IE00BD6JX574-XMSM;https://geco.amf-france.org
PTPAD0AM0007;GLINT;corporate_status;GAP_CRITIQUE_PEA;Confirmation officielle requise, jamais déduite;https://live.euronext.com/en/product/equities/PTPAD0AM0007-XLIS;https://geco.amf-france.org
FR0010214064;GPE GROUP PIZZORNO;corporate_status;GAP_CRITIQUE_PEA;Confirmation officielle requise, jamais déduite;https://live.euronext.com/en/product/equities/FR0010214064-XPAR;https://geco.amf-france.org
IT0005221517;GPI;corporate_status;GAP_CRITIQUE_PEA;Confirmation officielle requise, jamais déduite;https://live.euronext.com/en/product/equities/IT0005221517-MTAA;https://geco.amf-france.org
FR0000065971;GRAINES VOLTZ;corporate_status;GAP_CRITIQUE_PEA;Confirmation officielle requise, jamais déduite;https://live.euronext.com/en/product/equities/FR0000065971-XPAR;https://geco.amf-france.org
NL0009169515;GREEN EARTH GROUP N.V.;corporate_status;GAP_CRITIQUE_PEA;Confirmation officielle requise, jamais déduite;https://live.euronext.com/en/product/equities/NL0009169515-XAMS;https://geco.amf-france.org
FR0000036675;GROUPE CRIT;corporate_status;GAP_CRITIQUE_PEA;Confirmation officielle requise, jamais déduite;https://live.euronext.com/en/product/equities/FR0000036675-XPAR;https://geco.amf-france.org
FR0004010338;GROUPE JAJ;corporate_status;GAP_CRITIQUE_PEA;Confirmation officielle requise, jamais déduite;https://live.euronext.com/en/product/equities/FR0004010338-XPAR;https://geco.amf-france.org
FR0012612646;GROUPE PARTOUCHE;corporate_status;GAP_CRITIQUE_PEA;Confirmation officielle requise, jamais déduite;https://live.euronext.com/en/product/equities/FR0012612646-XPAR;https://geco.amf-france.org
FR0004155000;GROUPE SFPI;corporate_status;GAP_CRITIQUE_PEA;Confirmation officielle requise, jamais déduite;https://live.euronext.com/en/product/equities/FR0004155000-XPAR;https://geco.amf-france.org
FR0000032526;GUERBET;corporate_status;GAP_CRITIQUE_PEA;Confirmation officielle requise, jamais déduite;https://live.euronext.com/en/product/equities/FR0000032526-XPAR;https://geco.amf-france.org
FR0000066722;GUILLEMOT;corporate_status;GAP_CRITIQUE_PEA;Confirmation officielle requise, jamais déduite;https://live.euronext.com/en/product/equities/FR0000066722-XPAR;https://geco.amf-france.org
IT0005411209;GVS;corporate_status;GAP_CRITIQUE_PEA;Confirmation officielle requise, jamais déduite;https://live.euronext.com/en/product/equities/IT0005411209-MTAA;https://geco.amf-france.org
FR0000066755;HAULOTTE GROUP;corporate_status;GAP_CRITIQUE_PEA;Confirmation officielle requise, jamais déduite;https://live.euronext.com/en/product/equities/FR0000066755-XPAR;https://geco.amf-france.org
NL0015002K83;HAVAS;corporate_status;GAP_CRITIQUE_PEA;Confirmation officielle requise, jamais déduite;https://live.euronext.com/en/product/equities/NL0015002K83-XAMS;https://geco.amf-france.org
NL0010556726;HAWICK DATA NV;corporate_status;GAP_CRITIQUE_PEA;Confirmation officielle requise, jamais déduite;https://live.euronext.com/en/product/equities/NL0010556726-XAMS;https://geco.amf-france.org
FR0000054231;HIGH CO;corporate_status;GAP_CRITIQUE_PEA;Confirmation officielle requise, jamais déduite;https://live.euronext.com/en/product/equities/FR0000054231-XPAR;https://geco.amf-france.org
FR0004165801;HOTELS DE PARIS;corporate_status;GAP_CRITIQUE_PEA;Confirmation officielle requise, jamais déduite;https://live.euronext.com/en/product/equities/FR0004165801-XPAR;https://geco.amf-france.org
NL0009391242;HYDRATEC Gewone aandelen;corporate_status;GAP_CRITIQUE_PEA;Confirmation officielle requise, jamais déduite;https://live.euronext.com/en/product/equities/NL0009391242-XAMS;https://geco.amf-france.org
FR0014003VY4;HYDROGENE DE FRANCE;corporate_status;GAP_CRITIQUE_PEA;Confirmation officielle requise, jamais déduite;https://live.euronext.com/en/product/equities/FR0014003VY4-XPAR;https://geco.amf-france.org
BE0974363955;HYLORIS;corporate_status;GAP_CRITIQUE_PEA;Confirmation officielle requise, jamais déduite;https://live.euronext.com/en/product/equities/BE0974363955-XBRU;https://geco.amf-france.org
NL0000440311;Holland Colours;corporate_status;GAP_CRITIQUE_PEA;Confirmation officielle requise, jamais déduite;https://live.euronext.com/en/product/equities/NL0000440311-XAMS;https://geco.amf-france.org
IT0005108219;I GRANDI VIAGGI;corporate_status;GAP_CRITIQUE_PEA;Confirmation officielle requise, jamais déduite;https://live.euronext.com/en/product/equities/IT0005108219-MTAA;https://geco.amf-france.org
FR0010929125;ID LOGISTICS GROUP;corporate_status;GAP_CRITIQUE_PEA;Confirmation officielle requise, jamais déduite;https://live.euronext.com/en/product/equities/FR0010929125-XPAR;https://geco.amf-france.org
FR0000051393;IDI;corporate_status;GAP_CRITIQUE_PEA;Confirmation officielle requise, jamais déduite;https://live.euronext.com/en/product/equities/FR0000051393-XPAR;https://geco.amf-france.org
BE0003748622;IEP INVEST;corporate_status;GAP_CRITIQUE_PEA;Confirmation officielle requise, jamais déduite;https://live.euronext.com/en/product/equities/BE0003748622-XBRU;https://geco.amf-france.org
BE0003599108;IMMOBEL;corporate_status;GAP_CRITIQUE_PEA;Confirmation officielle requise, jamais déduite;https://live.euronext.com/en/product/equities/BE0003599108-XBRU;https://geco.amf-france.org
IT0001413837;IMMSI;corporate_status;GAP_CRITIQUE_PEA;Confirmation officielle requise, jamais déduite;https://live.euronext.com/en/product/equities/IT0001413837-MTAA;https://geco.amf-france.org
BE0974374069;INCLUSIO SA/NV;corporate_status;GAP_CRITIQUE_PEA;Confirmation officielle requise, jamais déduite;https://live.euronext.com/en/product/equities/BE0974374069-XBRU;https://geco.amf-france.org
IT0005245508;INDEL B;corporate_status;GAP_CRITIQUE_PEA;Confirmation officielle requise, jamais déduite;https://live.euronext.com/en/product/equities/IT0005245508-MTAA;https://geco.amf-france.org
IT0005186371;INDUSTRIE DE NORA;corporate_status;GAP_CRITIQUE_PEA;Confirmation officielle requise, jamais déduite;https://live.euronext.com/en/product/equities/IT0005186371-MTAA;https://geco.amf-france.org
FR0000071797;INFOTEL;corporate_status;GAP_CRITIQUE_PEA;Confirmation officielle requise, jamais déduite;https://live.euronext.com/en/product/equities/FR0000071797-XPAR;https://geco.amf-france.org
FR0010331421;INNATE PHARMA;corporate_status;GAP_CRITIQUE_PEA;Confirmation officielle requise, jamais déduite;https://live.euronext.com/en/product/equities/FR0010331421-XPAR;https://geco.amf-france.org
IT0005455875;INTERCOS;corporate_status;GAP_CRITIQUE_PEA;Confirmation officielle requise, jamais déduite;https://live.euronext.com/en/product/equities/IT0005455875-MTAA;https://geco.amf-france.org
FR0000064958;INTEXA;corporate_status;GAP_CRITIQUE_PEA;Confirmation officielle requise, jamais déduite;https://live.euronext.com/en/product/equities/FR0000064958-XPAR;https://geco.amf-france.org
FR0013233012;INVENTIVA;corporate_status;GAP_CRITIQUE_PEA;Confirmation officielle requise, jamais déduite;https://live.euronext.com/en/product/equities/FR0013233012-XPAR;https://geco.amf-france.org
BE0003766806;ION BEAM APPLICATIONS;corporate_status;GAP_CRITIQUE_PEA;Confirmation officielle requise, jamais déduite;https://live.euronext.com/en/product/equities/BE0003766806-XBRU;https://geco.amf-france.org
FR0000073298;IPSOS;corporate_status;GAP_CRITIQUE_PEA;Confirmation officielle requise, jamais déduite;https://live.euronext.com/en/product/equities/FR0000073298-XPAR;https://geco.amf-france.org
IT0001077780;IRCE;corporate_status;GAP_CRITIQUE_PEA;Confirmation officielle requise, jamais déduite;https://live.euronext.com/en/product/equities/IT0001077780-MTAA;https://geco.amf-france.org
IE00BLP58571;IRISH CONTINENTAL GROUP PLC;corporate_status;GAP_CRITIQUE_PEA;Confirmation officielle requise, jamais déduite;https://live.euronext.com/en/product/equities/IE00BLP58571-XMSM;https://geco.amf-france.org
IT0003057624;IT WAY;corporate_status;GAP_CRITIQUE_PEA;Confirmation officielle requise, jamais déduite;https://live.euronext.com/en/product/equities/IT0003057624-MTAA;https://geco.amf-france.org
IT0003411417;ITALIAN EXHIBITION GROUP;corporate_status;GAP_CRITIQUE_PEA;Confirmation officielle requise, jamais déduite;https://live.euronext.com/en/product/equities/IT0003411417-MTAA;https://geco.amf-france.org
IT0005253205;ITALMOBILIARE;corporate_status;GAP_CRITIQUE_PEA;Confirmation officielle requise, jamais déduite;https://live.euronext.com/en/product/equities/IT0005253205-MTAA;https://geco.amf-france.org
PTIPR0AM0000;Impresa, SGPS - Nom.;corporate_status;GAP_CRITIQUE_PEA;Confirmation officielle requise, jamais déduite;https://live.euronext.com/en/product/equities/PTIPR0AM0000-XLIS;https://geco.amf-france.org
FR0012872141;JACQUES BOGART;corporate_status;GAP_CRITIQUE_PEA;Confirmation officielle requise, jamais déduite;https://live.euronext.com/en/product/equities/FR0012872141-XPAR;https://geco.amf-france.org
FR0000033904;JACQUET METALS;corporate_status;GAP_CRITIQUE_PEA;Confirmation officielle requise, jamais déduite;https://live.euronext.com/en/product/equities/FR0000033904-XPAR;https://geco.amf-france.org
BE0003858751;JENSEN-GROUP;corporate_status;GAP_CRITIQUE_PEA;Confirmation officielle requise, jamais déduite;https://live.euronext.com/en/product/equities/BE0003858751-XBRU;https://geco.amf-france.org
IT0005572778;JUVENTUS FC;corporate_status;GAP_CRITIQUE_PEA;Confirmation officielle requise, jamais déduite;https://live.euronext.com/en/product/equities/IT0005572778-MTAA;https://geco.amf-france.org
FR0004007813;KAUFMAN ET BROAD;corporate_status;GAP_CRITIQUE_PEA;Confirmation officielle requise, jamais déduite;https://live.euronext.com/en/product/equities/FR0004007813-XPAR;https://geco.amf-france.org
NL0000852531;KENDRION N.V.;corporate_status;GAP_CRITIQUE_PEA;Confirmation officielle requise, jamais déduite;https://live.euronext.com/en/product/equities/NL0000852531-XAMS;https://geco.amf-france.org
IE00BDC5DG00;KENMARE RESOURCES PLC;corporate_status;GAP_CRITIQUE_PEA;Confirmation officielle requise, jamais déduite;https://live.euronext.com/en/product/equities/IE00BDC5DG00-XMSM;https://geco.amf-france.org
BE0974274061;KINEPOLIS GROUP;corporate_status;GAP_CRITIQUE_PEA;Confirmation officielle requise, jamais déduite;https://live.euronext.com/en/product/equities/BE0974274061-XBRU;https://geco.amf-france.org
IT0004552359;KME GROUP;corporate_status;GAP_CRITIQUE_PEA;Confirmation officielle requise, jamais déduite;https://live.euronext.com/en/product/equities/IT0004552359-MTAA;https://geco.amf-france.org
NL0000378669;KONINKLIJKE PORCELEYNE FLES;corporate_status;GAP_CRITIQUE_PEA;Confirmation officielle requise, jamais déduite;https://live.euronext.com/en/product/equities/NL0000378669-XAMS;https://geco.amf-france.org
IT0005707341;KRUSO KAPITAL;corporate_status;GAP_CRITIQUE_PEA;Confirmation officielle requise, jamais déduite;https://live.euronext.com/en/product/equities/IT0005707341-MTAA;https://geco.amf-france.org
FR001400SF56;L.D.C.;corporate_status;GAP_CRITIQUE_PEA;Confirmation officielle requise, jamais déduite;https://live.euronext.com/en/product/equities/FR001400SF56-XPAR;https://geco.amf-france.org
FR0000066607;LACROIX GROUP;corporate_status;GAP_CRITIQUE_PEA;Confirmation officielle requise, jamais déduite;https://live.euronext.com/en/product/equities/FR0000066607-XPAR;https://geco.amf-france.org
IT0005619843;LANDI RENZO;corporate_status;GAP_CRITIQUE_PEA;Confirmation officielle requise, jamais déduite;https://live.euronext.com/en/product/equities/IT0005619843-MTAA;https://geco.amf-france.org
FR001400JY13;LATECOERE;corporate_status;GAP_CRITIQUE_PEA;Confirmation officielle requise, jamais déduite;https://live.euronext.com/en/product/equities/FR001400JY13-XPAR;https://geco.amf-france.org
FR0006864484;LAURENT-PERRIER;corporate_status;GAP_CRITIQUE_PEA;Confirmation officielle requise, jamais déduite;https://live.euronext.com/en/product/equities/FR0006864484-XPAR;https://geco.amf-france.org
NL0010545679;LAVIDE HOLDING;corporate_status;GAP_CRITIQUE_PEA;Confirmation officielle requise, jamais déduite;https://live.euronext.com/en/product/equities/NL0010545679-XAMS;https://geco.amf-france.org
FR0000065484;LECTRA;corporate_status;GAP_CRITIQUE_PEA;Confirmation officielle requise, jamais déduite;https://live.euronext.com/en/product/equities/FR0000065484-XPAR;https://geco.amf-france.org
FR0014009YQ1;LHYFE S.A.;corporate_status;GAP_CRITIQUE_PEA;Confirmation officielle requise, jamais déduite;https://live.euronext.com/en/product/equities/FR0014009YQ1-XPAR;https://geco.amf-france.org
FR0004156297;LINEDATA SERVICES;corporate_status;GAP_CRITIQUE_PEA;Confirmation officielle requise, jamais déduite;https://live.euronext.com/en/product/equities/FR0004156297-XPAR;https://geco.amf-france.org
FR0000050353;LISI;corporate_status;GAP_CRITIQUE_PEA;Confirmation officielle requise, jamais déduite;https://live.euronext.com/en/product/equities/FR0000050353-XPAR;https://geco.amf-france.org
FR0004170017;LNA SANTE;corporate_status;GAP_CRITIQUE_PEA;Confirmation officielle requise, jamais déduite;https://live.euronext.com/en/product/equities/FR0004170017-XPAR;https://geco.amf-france.org
FR0000038242;LUMIBIRD;corporate_status;GAP_CRITIQUE_PEA;Confirmation officielle requise, jamais déduite;https://live.euronext.com/en/product/equities/FR0000038242-XPAR;https://geco.amf-france.org
IT0005107492;LUVE;corporate_status;GAP_CRITIQUE_PEA;Confirmation officielle requise, jamais déduite;https://live.euronext.com/en/product/equities/IT0005107492-MTAA;https://geco.amf-france.org
FR0012634822;MAAT PHARMA;corporate_status;GAP_CRITIQUE_PEA;Confirmation officielle requise, jamais déduite;https://live.euronext.com/en/product/equities/FR0012634822-XPAR;https://geco.amf-france.org
IT0004931058;MAIRE;corporate_status;GAP_CRITIQUE_PEA;Confirmation officielle requise, jamais déduite;https://live.euronext.com/en/product/equities/IT0004931058-MTAA;https://geco.amf-france.org
FR0000062796;MAISON POMMERY & ASSOCIES;corporate_status;GAP_CRITIQUE_PEA;Confirmation officielle requise, jamais déduite;https://live.euronext.com/en/product/equities/FR0000062796-XPAR;https://geco.amf-france.org
FR0013153541;MAISONS DU MONDE;corporate_status;GAP_CRITIQUE_PEA;Confirmation officielle requise, jamais déduite;https://live.euronext.com/en/product/equities/FR0013153541-XPAR;https://geco.amf-france.org
FR0000030074;MALTERIES FCO-BEL.;corporate_status;GAP_CRITIQUE_PEA;Confirmation officielle requise, jamais déduite;https://live.euronext.com/en/product/equities/FR0000030074-XPAR;https://geco.amf-france.org
FR0000038606;MANITOU BF;corporate_status;GAP_CRITIQUE_PEA;Confirmation officielle requise, jamais déduite;https://live.euronext.com/en/product/equities/FR0000038606-XPAR;https://geco.amf-france.org
FR0000060873;MARIE BRIZARD WINE AND SPIRITS;corporate_status;GAP_CRITIQUE_PEA;Confirmation officielle requise, jamais déduite;https://live.euronext.com/en/product/equities/FR0000060873-XPAR;https://geco.amf-france.org
IT0003428445;MARR;corporate_status;GAP_CRITIQUE_PEA;Confirmation officielle requise, jamais déduite;https://live.euronext.com/en/product/equities/IT0003428445-MTAA;https://geco.amf-france.org
BE0974501331;MATERIALISE NV;corporate_status;GAP_CRITIQUE_PEA;Confirmation officielle requise, jamais déduite;https://live.euronext.com/en/product/equities/BE0974501331-XBRU;https://geco.amf-france.org
FR0000051070;MAUREL ET PROM;corporate_status;GAP_CRITIQUE_PEA;Confirmation officielle requise, jamais déduite;https://live.euronext.com/en/product/equities/FR0000051070-XPAR;https://geco.amf-france.org
PTGMC0AM0003;MEDIA CAPITAL;corporate_status;GAP_CRITIQUE_PEA;Confirmation officielle requise, jamais déduite;https://live.euronext.com/en/product/equities/PTGMC0AM0003-XLIS;https://geco.amf-france.org
FR0004065605;MEDINCELL S.A.;corporate_status;GAP_CRITIQUE_PEA;Confirmation officielle requise, jamais déduite;https://live.euronext.com/en/product/equities/FR0004065605-XPAR;https://geco.amf-france.org
FR0010298620;MEMSCAP REGPT;corporate_status;GAP_CRITIQUE_PEA;Confirmation officielle requise, jamais déduite;https://live.euronext.com/en/product/equities/FR0010298620-XPAR;https://geco.amf-france.org
FR0000039620;MERSEN;corporate_status;GAP_CRITIQUE_PEA;Confirmation officielle requise, jamais déduite;https://live.euronext.com/en/product/equities/FR0000039620-XPAR;https://geco.amf-france.org
IT0005481855;MET.EXTRA GROUP;corporate_status;GAP_CRITIQUE_PEA;Confirmation officielle requise, jamais déduite;https://live.euronext.com/en/product/equities/IT0005481855-MTAA;https://geco.amf-france.org
FR0000053225;METROPOLE TV;corporate_status;GAP_CRITIQUE_PEA;Confirmation officielle requise, jamais déduite;https://live.euronext.com/en/product/equities/FR0000053225-XPAR;https://geco.amf-france.org
NL0015001OJ9;MFE B;corporate_status;GAP_CRITIQUE_PEA;Confirmation officielle requise, jamais déduite;https://live.euronext.com/en/product/equities/NL0015001OJ9-MTAA;https://geco.amf-france.org
BE0003731453;MIKO;corporate_status;GAP_CRITIQUE_PEA;Confirmation officielle requise, jamais déduite;https://live.euronext.com/en/product/equities/BE0003731453-XBRU;https://geco.amf-france.org
NL0009312842;MKB Nedsense N.V.;corporate_status;GAP_CRITIQUE_PEA;Confirmation officielle requise, jamais déduite;https://live.euronext.com/en/product/equities/NL0009312842-XAMS;https://geco.amf-france.org
IT0004195308;MOLTIPLY GROUP;corporate_status;GAP_CRITIQUE_PEA;Confirmation officielle requise, jamais déduite;https://live.euronext.com/en/product/equities/IT0004195308-MTAA;https://geco.amf-france.org
FR001400SU99;MONCEY (FIN.) NOM.;corporate_status;GAP_CRITIQUE_PEA;Confirmation officielle requise, jamais déduite;https://live.euronext.com/en/product/equities/FR001400SU99-XPAR;https://geco.amf-france.org
IT0001469383;MONDADORI EDIT;corporate_status;GAP_CRITIQUE_PEA;Confirmation officielle requise, jamais déduite;https://live.euronext.com/en/product/equities/IT0001469383-MTAA;https://geco.amf-france.org
IT0001447785;MONDO TV;corporate_status;GAP_CRITIQUE_PEA;Confirmation officielle requise, jamais déduite;https://live.euronext.com/en/product/equities/IT0001447785-MTAA;https://geco.amf-france.org
NL0000488153;MOPOLI;corporate_status;GAP_CRITIQUE_PEA;Confirmation officielle requise, jamais déduite;https://live.euronext.com/en/product/equities/NL0000488153-XBRU;https://geco.amf-france.org
BE0003602134;MOURY CONSTRUCT;corporate_status;GAP_CRITIQUE_PEA;Confirmation officielle requise, jamais déduite;https://live.euronext.com/en/product/equities/BE0003602134-XBRU;https://geco.amf-france.org
FR001400IE67;MYHOTELMATCH;corporate_status;GAP_CRITIQUE_PEA;Confirmation officielle requise, jamais déduite;https://live.euronext.com/en/product/equities/FR001400IE67-XPAR;https://geco.amf-france.org
PTMFR0AM0003;Martifer, SGPS, SA;corporate_status;GAP_CRITIQUE_PEA;Confirmation officielle requise, jamais déduite;https://live.euronext.com/en/product/equities/PTMFR0AM0003-XLIS;https://geco.amf-france.org
FR0013482791;NACON;corporate_status;GAP_CRITIQUE_PEA;Confirmation officielle requise, jamais déduite;https://live.euronext.com/en/product/equities/FR0013482791-XPAR;https://geco.amf-france.org
FR0011341205;NANOBIOTIX;corporate_status;GAP_CRITIQUE_PEA;Confirmation officielle requise, jamais déduite;https://live.euronext.com/en/product/equities/FR0011341205-XPAR;https://geco.amf-france.org
NL0000371243;NEDAP;corporate_status;GAP_CRITIQUE_PEA;Confirmation officielle requise, jamais déduite;https://live.euronext.com/en/product/equities/NL0000371243-XAMS;https://geco.amf-france.org
IT0005275778;NEODECORTECH;corporate_status;GAP_CRITIQUE_PEA;Confirmation officielle requise, jamais déduite;https://live.euronext.com/en/product/equities/IT0005275778-MTAA;https://geco.amf-france.org
FR0004050250;NEURONES;corporate_status;GAP_CRITIQUE_PEA;Confirmation officielle requise, jamais déduite;https://live.euronext.com/en/product/equities/FR0004050250-XPAR;https://geco.amf-france.org
IT0005385213;NEWPRINCES;corporate_status;GAP_CRITIQUE_PEA;Confirmation officielle requise, jamais déduite;https://live.euronext.com/en/product/equities/IT0005385213-MTAA;https://geco.amf-france.org
FR0010112524;NEXITY;corporate_status;GAP_CRITIQUE_PEA;Confirmation officielle requise, jamais déduite;https://live.euronext.com/en/product/equities/FR0010112524-XPAR;https://geco.amf-france.org
FR0014001PV6;NR 21;corporate_status;GAP_CRITIQUE_PEA;Confirmation officielle requise, jamais déduite;https://live.euronext.com/en/product/equities/FR0014001PV6-XPAR;https://geco.amf-france.org
FR0000121691;NRJ GROUP;corporate_status;GAP_CRITIQUE_PEA;Confirmation officielle requise, jamais déduite;https://live.euronext.com/en/product/equities/FR0000121691-XPAR;https://geco.amf-france.org
NL0015000D50;NX FILTRATION N.V.;corporate_status;GAP_CRITIQUE_PEA;Confirmation officielle requise, jamais déduite;https://live.euronext.com/en/product/equities/NL0015000D50-XAMS;https://geco.amf-france.org
BE0974294267;NYRSTAR;corporate_status;GAP_CRITIQUE_PEA;Confirmation officielle requise, jamais déduite;https://live.euronext.com/en/product/equities/BE0974294267-XBRU;https://geco.amf-france.org
BE0974358906;NYXOAH SA;corporate_status;GAP_CRITIQUE_PEA;Confirmation officielle requise, jamais déduite;https://live.euronext.com/en/product/equities/BE0974358906-XBRU;https://geco.amf-france.org
NL0009822014;New Sources Energy N.V.;corporate_status;GAP_CRITIQUE_PEA;Confirmation officielle requise, jamais déduite;https://live.euronext.com/en/product/equities/NL0009822014-XAMS;https://geco.amf-france.org
FR0000120669;North Atlantic Energies;corporate_status;GAP_CRITIQUE_PEA;Confirmation officielle requise, jamais déduite;https://live.euronext.com/en/product/equities/FR0000120669-XPAR;https://geco.amf-france.org
PTNBA0AM0006;Novabase, SGPS - Nom.;corporate_status;GAP_CRITIQUE_PEA;Confirmation officielle requise, jamais déduite;https://live.euronext.com/en/product/equities/PTNBA0AM0006-XLIS;https://geco.amf-france.org
FR0000052680;OENEO;corporate_status;GAP_CRITIQUE_PEA;Confirmation officielle requise, jamais déduite;https://live.euronext.com/en/product/equities/FR0000052680-XPAR;https://geco.amf-france.org
IT0005634610;OLIDATA;corporate_status;GAP_CRITIQUE_PEA;Confirmation officielle requise, jamais déduite;https://live.euronext.com/en/product/equities/IT0005634610-MTAA;https://geco.amf-france.org
BE0974276082;ONTEX GROUP;corporate_status;GAP_CRITIQUE_PEA;Confirmation officielle requise, jamais déduite;https://live.euronext.com/en/product/equities/BE0974276082-XBRU;https://geco.amf-france.org
NL0015000HT4;ONWARD MEDICAL;corporate_status;GAP_CRITIQUE_PEA;Confirmation officielle requise, jamais déduite;https://live.euronext.com/en/product/equities/NL0015000HT4-XBRU;https://geco.amf-france.org
FR0000124570;OPMOBILITY;corporate_status;GAP_CRITIQUE_PEA;Confirmation officielle requise, jamais déduite;https://live.euronext.com/en/product/equities/FR0000124570-XPAR;https://geco.amf-france.org
IT0005122400;OPS ECOM;corporate_status;GAP_CRITIQUE_PEA;Confirmation officielle requise, jamais déduite;https://live.euronext.com/en/product/equities/IT0005122400-MTAA;https://geco.amf-france.org
IT0005577868;OPS Italia (ex EEMS Italia);corporate_status;GAP_CRITIQUE_PEA;Confirmation officielle requise, jamais déduite;https://live.euronext.com/en/product/equities/IT0005577868-MTAA;https://geco.amf-france.org
IT0005545675;OPS RETAIL;corporate_status;GAP_CRITIQUE_PEA;Confirmation officielle requise, jamais déduite;https://live.euronext.com/en/product/equities/IT0005545675-MTAA;https://geco.amf-france.org
BE0003735496;ORANGE BELGIUM;corporate_status;GAP_CRITIQUE_PEA;Confirmation officielle requise, jamais déduite;https://live.euronext.com/en/product/equities/BE0003735496-XBRU;https://geco.amf-france.org
FR0010609206;OREGE;corporate_status;GAP_CRITIQUE_PEA;Confirmation officielle requise, jamais déduite;https://live.euronext.com/en/product/equities/FR0010609206-XPAR;https://geco.amf-france.org
IT0005138703;ORSERO;corporate_status;GAP_CRITIQUE_PEA;Confirmation officielle requise, jamais déduite;https://live.euronext.com/en/product/equities/IT0005138703-MTAA;https://geco.amf-france.org
FR0012127173;OSE IMMUNOTHERAPEUTICS;corporate_status;GAP_CRITIQUE_PEA;Confirmation officielle requise, jamais déduite;https://live.euronext.com/en/product/equities/FR0012127173-XPAR;https://geco.amf-france.org
FR0014005HJ9;OVH;corporate_status;GAP_CRITIQUE_PEA;Confirmation officielle requise, jamais déduite;https://live.euronext.com/en/product/equities/FR0014005HJ9-MTAH;https://geco.amf-france.org
IT0005043507;OVS;corporate_status;GAP_CRITIQUE_PEA;Confirmation officielle requise, jamais déduite;https://live.euronext.com/en/product/equities/IT0005043507-MTAA;https://geco.amf-france.org
BE0974487192;OXURION;corporate_status;GAP_CRITIQUE_PEA;Confirmation officielle requise, jamais déduite;https://live.euronext.com/en/product/equities/BE0974487192-XBRU;https://geco.amf-france.org
FR0004038263;PARROT;corporate_status;GAP_CRITIQUE_PEA;Confirmation officielle requise, jamais déduite;https://live.euronext.com/en/product/equities/FR0004038263-XPAR;https://geco.amf-france.org
NL0000336303;PB HOLDING N.V.;corporate_status;GAP_CRITIQUE_PEA;Confirmation officielle requise, jamais déduite;https://live.euronext.com/en/product/equities/NL0000336303-XAMS;https://geco.amf-france.org
IE00BWB8X525;PERMANENT TSB GROUP HOLDINGS PLC;corporate_status;GAP_CRITIQUE_PEA;Confirmation officielle requise, jamais déduite;https://live.euronext.com/en/product/equities/IE00BWB8X525-XMSM;https://geco.amf-france.org
FR0000061459;PERRIER (GERARD);corporate_status;GAP_CRITIQUE_PEA;Confirmation officielle requise, jamais déduite;https://live.euronext.com/en/product/equities/FR0000061459-XPAR;https://geco.amf-france.org
FR0000064784;PEUGEOT INVEST;corporate_status;GAP_CRITIQUE_PEA;Confirmation officielle requise, jamais déduite;https://live.euronext.com/en/product/equities/FR0000064784-XPAR;https://geco.amf-france.org
IT0005274094;PHARMANUTRA;corporate_status;GAP_CRITIQUE_PEA;Confirmation officielle requise, jamais déduite;https://live.euronext.com/en/product/equities/IT0005274094-MTAA;https://geco.amf-france.org
IT0005373789;PHILOGEN;corporate_status;GAP_CRITIQUE_PEA;Confirmation officielle requise, jamais déduite;https://live.euronext.com/en/product/equities/IT0005373789-MTAA;https://geco.amf-france.org
IT0003073266;PIAGGIO;corporate_status;GAP_CRITIQUE_PEA;Confirmation officielle requise, jamais déduite;https://live.euronext.com/en/product/equities/IT0003073266-MTAA;https://geco.amf-france.org
FR0000073041;PIERRE VACANCES;corporate_status;GAP_CRITIQUE_PEA;Confirmation officielle requise, jamais déduite;https://live.euronext.com/en/product/equities/FR0000073041-XPAR;https://geco.amf-france.org
IT0003056386;PININFARINA SPA;corporate_status;GAP_CRITIQUE_PEA;Confirmation officielle requise, jamais déduite;https://live.euronext.com/en/product/equities/IT0003056386-MTAA;https://geco.amf-france.org
IT0004240443;PIQUADRO;corporate_status;GAP_CRITIQUE_PEA;Confirmation officielle requise, jamais déduite;https://live.euronext.com/en/product/equities/IT0004240443-MTAA;https://geco.amf-france.org
FR001400PFU4;PLANISWARE;corporate_status;GAP_CRITIQUE_PEA;Confirmation officielle requise, jamais déduite;https://live.euronext.com/en/product/equities/FR001400PFU4-XPAR;https://geco.amf-france.org
IT0005339160;PLC;corporate_status;GAP_CRITIQUE_PEA;Confirmation officielle requise, jamais déduite;https://live.euronext.com/en/product/equities/IT0005339160-MTAA;https://geco.amf-france.org
NL0015001W49;PLUXEE;corporate_status;GAP_CRITIQUE_PEA;Confirmation officielle requise, jamais déduite;https://live.euronext.com/en/product/equities/NL0015001W49-XPAR;https://geco.amf-france.org
NL0009739416;POSTNL;corporate_status;GAP_CRITIQUE_PEA;Confirmation officielle requise, jamais déduite;https://live.euronext.com/en/product/equities/NL0009739416-XAMS;https://geco.amf-france.org
FR0012432516;POXEL;corporate_status;GAP_CRITIQUE_PEA;Confirmation officielle requise, jamais déduite;https://live.euronext.com/en/product/equities/FR0012432516-XPAR;https://geco.amf-france.org
FR0004052561;PROACTIS SA;corporate_status;GAP_CRITIQUE_PEA;Confirmation officielle requise, jamais déduite;https://live.euronext.com/en/product/equities/FR0004052561-XPAR;https://geco.amf-france.org
BE0003810273;PROXIMUS;corporate_status;GAP_CRITIQUE_PEA;Confirmation officielle requise, jamais déduite;https://live.euronext.com/en/product/equities/BE0003810273-XBRU;https://geco.amf-france.org
PTPTC0AM0009;Pharol, SA;corporate_status;GAP_CRITIQUE_PEA;Confirmation officielle requise, jamais déduite;https://live.euronext.com/en/product/equities/PTPTC0AM0009-XLIS;https://geco.amf-france.org
FR0000120560;QUADIENT S.A.;corporate_status;GAP_CRITIQUE_PEA;Confirmation officielle requise, jamais déduite;https://live.euronext.com/en/product/equities/FR0000120560-XPAR;https://geco.amf-france.org
IT0005054967;RAI WAY;corporate_status;GAP_CRITIQUE_PEA;Confirmation officielle requise, jamais déduite;https://live.euronext.com/en/product/equities/IT0005054967-MTAA;https://geco.amf-france.org
PTFRV0AE0004;RAMADA INVESTIMENTOS E INDUSTRIA S.A.;corporate_status;GAP_CRITIQUE_PEA;Confirmation officielle requise, jamais déduite;https://live.euronext.com/en/product/equities/PTFRV0AE0004-XLIS;https://geco.amf-france.org
FR0000044471;RAMSAY GENERALE DE SANTE;corporate_status;GAP_CRITIQUE_PEA;Confirmation officielle requise, jamais déduite;https://live.euronext.com/en/product/equities/FR0000044471-XPAR;https://geco.amf-france.org
IT0004724107;RATTI;corporate_status;GAP_CRITIQUE_PEA;Confirmation officielle requise, jamais déduite;https://live.euronext.com/en/product/equities/IT0004724107-MTAA;https://geco.amf-france.org
IT0004931496;RCS MEDIAGROUP;corporate_status;GAP_CRITIQUE_PEA;Confirmation officielle requise, jamais déduite;https://live.euronext.com/en/product/equities/IT0004931496-MTAA;https://geco.amf-france.org
BE0003656676;RECTICEL;corporate_status;GAP_CRITIQUE_PEA;Confirmation officielle requise, jamais déduite;https://live.euronext.com/en/product/equities/BE0003656676-XBRU;https://geco.amf-france.org
FR0000130395;REMYCOINTREAU;corporate_status;GAP_CRITIQUE_PEA;Confirmation officielle requise, jamais déduite;https://live.euronext.com/en/product/equities/FR0000130395-XPAR;https://geco.amf-france.org
IT0005513202;REVO INSURANCE;corporate_status;GAP_CRITIQUE_PEA;Confirmation officielle requise, jamais déduite;https://live.euronext.com/en/product/equities/IT0005513202-MTAA;https://geco.amf-france.org
IT0001402269;RISANAMENTO;corporate_status;GAP_CRITIQUE_PEA;Confirmation officielle requise, jamais déduite;https://live.euronext.com/en/product/equities/IT0001402269-MTAA;https://geco.amf-france.org
FR0000039091;ROBERTET;corporate_status;GAP_CRITIQUE_PEA;Confirmation officielle requise, jamais déduite;https://live.euronext.com/en/product/equities/FR0000039091-XPAR;https://geco.amf-france.org
FR0013344173;ROCHE BOBOIS;corporate_status;GAP_CRITIQUE_PEA;Confirmation officielle requise, jamais déduite;https://live.euronext.com/en/product/equities/FR0013344173-XPAR;https://geco.amf-france.org
BE0003741551;ROULARTA;corporate_status;GAP_CRITIQUE_PEA;Confirmation officielle requise, jamais déduite;https://live.euronext.com/en/product/equities/BE0003741551-XBRU;https://geco.amf-france.org
IT0003621783;S.S. LAZIO;corporate_status;GAP_CRITIQUE_PEA;Confirmation officielle requise, jamais déduite;https://live.euronext.com/en/product/equities/IT0003621783-MTAA;https://geco.amf-france.org
IT0001042610;SABAF;corporate_status;GAP_CRITIQUE_PEA;Confirmation officielle requise, jamais déduite;https://live.euronext.com/en/product/equities/IT0001042610-MTAA;https://geco.amf-france.org
IT0004604762;SAFILO GROUP;corporate_status;GAP_CRITIQUE_PEA;Confirmation officielle requise, jamais déduite;https://live.euronext.com/en/product/equities/IT0004604762-MTAA;https://geco.amf-france.org
FR0000060121;SAINT JEAN GROUPE;corporate_status;GAP_CRITIQUE_PEA;Confirmation officielle requise, jamais déduite;https://live.euronext.com/en/product/equities/FR0000060121-XPAR;https://geco.amf-france.org
IT0004712375;SALVATORE FERRAGAMO;corporate_status;GAP_CRITIQUE_PEA;Confirmation officielle requise, jamais déduite;https://live.euronext.com/en/product/equities/IT0004712375-MTAA;https://geco.amf-france.org
FR0000060071;SAMSE;corporate_status;GAP_CRITIQUE_PEA;Confirmation officielle requise, jamais déduite;https://live.euronext.com/en/product/equities/FR0000060071-XPAR;https://geco.amf-france.org
IT0003549422;SANLORENZO;corporate_status;GAP_CRITIQUE_PEA;Confirmation officielle requise, jamais déduite;https://live.euronext.com/en/product/equities/IT0003549422-MTAA;https://geco.amf-france.org
FR0000120107;SAVENCIA S.A.;corporate_status;GAP_CRITIQUE_PEA;Confirmation officielle requise, jamais déduite;https://live.euronext.com/en/product/equities/FR0000120107-XPAR;https://geco.amf-france.org
FR0000039109;SECHE ENVIRONNEM.;corporate_status;GAP_CRITIQUE_PEA;Confirmation officielle requise, jamais déduite;https://live.euronext.com/en/product/equities/FR0000039109-XPAR;https://geco.amf-france.org
IT0005438046;SECO;corporate_status;GAP_CRITIQUE_PEA;Confirmation officielle requise, jamais déduite;https://live.euronext.com/en/product/equities/IT0005438046-MTAA;https://geco.amf-france.org
FR0000065492;SELCODIS;corporate_status;GAP_CRITIQUE_PEA;Confirmation officielle requise, jamais déduite;https://live.euronext.com/en/product/equities/FR0000065492-XPAR;https://geco.amf-france.org
IE000O0F49R3;SENUS PLC;corporate_status;GAP_CRITIQUE_PEA;Confirmation officielle requise, jamais déduite;https://live.euronext.com/en/product/equities/IE000O0F49R3-XACD;https://geco.amf-france.org
BE0974340722;SEQUANA MEDICAL;corporate_status;GAP_CRITIQUE_PEA;Confirmation officielle requise, jamais déduite;https://live.euronext.com/en/product/equities/BE0974340722-XBRU;https://geco.amf-france.org
IT0005283640;SERI INDUSTRIAL;corporate_status;GAP_CRITIQUE_PEA;Confirmation officielle requise, jamais déduite;https://live.euronext.com/en/product/equities/IT0005283640-MTAA;https://geco.amf-france.org
IT0004729759;SESA;corporate_status;GAP_CRITIQUE_PEA;Confirmation officielle requise, jamais déduite;https://live.euronext.com/en/product/equities/IT0004729759-MTAA;https://geco.amf-france.org
FR0013006558;SHOWROOMPRIVE;corporate_status;GAP_CRITIQUE_PEA;Confirmation officielle requise, jamais déduite;https://live.euronext.com/en/product/equities/FR0013006558-XPAR;https://geco.amf-france.org
NL0011660485;SIF HOLDING;corporate_status;GAP_CRITIQUE_PEA;Confirmation officielle requise, jamais déduite;https://live.euronext.com/en/product/equities/NL0011660485-XAMS;https://geco.amf-france.org
BE0003898187;SIPEF;corporate_status;GAP_CRITIQUE_PEA;Confirmation officielle requise, jamais déduite;https://live.euronext.com/en/product/equities/BE0003898187-XBRU;https://geco.amf-france.org
IT0005262149;SIT;corporate_status;GAP_CRITIQUE_PEA;Confirmation officielle requise, jamais déduite;https://live.euronext.com/en/product/equities/IT0005262149-MTAA;https://geco.amf-france.org
FR0013214145;SMCP;corporate_status;GAP_CRITIQUE_PEA;Confirmation officielle requise, jamais déduite;https://live.euronext.com/en/product/equities/FR0013214145-XPAR;https://geco.amf-france.org
FR0010209809;SOC FRANC CASINOS;corporate_status;GAP_CRITIQUE_PEA;Confirmation officielle requise, jamais déduite;https://live.euronext.com/en/product/equities/FR0010209809-XPAR;https://geco.amf-france.org
IT0001469953;SOFTLAB;corporate_status;GAP_CRITIQUE_PEA;Confirmation officielle requise, jamais déduite;https://live.euronext.com/en/product/equities/IT0001469953-MTAA;https://geco.amf-france.org
IT0000076536;SOGEFI;corporate_status;GAP_CRITIQUE_PEA;Confirmation officielle requise, jamais déduite;https://live.euronext.com/en/product/equities/IT0000076536-MTAA;https://geco.amf-france.org
FR0013227113;SOITEC;corporate_status;GAP_CRITIQUE_PEA;Confirmation officielle requise, jamais déduite;https://live.euronext.com/en/product/equities/FR0013227113-XPAR;https://geco.amf-france.org
IT0001206769;SOL;corporate_status;GAP_CRITIQUE_PEA;Confirmation officielle requise, jamais déduite;https://live.euronext.com/en/product/equities/IT0001206769-MTAA;https://geco.amf-france.org
FR001400SA10;SOLOCAL GROUP;corporate_status;GAP_CRITIQUE_PEA;Confirmation officielle requise, jamais déduite;https://live.euronext.com/en/product/equities/FR001400SA10-XPAR;https://geco.amf-france.org
FR0013379484;SOLUTIONS 30 SE;corporate_status;GAP_CRITIQUE_PEA;Confirmation officielle requise, jamais déduite;https://live.euronext.com/en/product/equities/FR0013379484-XPAR;https://geco.amf-france.org
BE0003545531;SOLVACNOM(RETAIL);corporate_status;GAP_CRITIQUE_PEA;Confirmation officielle requise, jamais déduite;https://live.euronext.com/en/product/equities/BE0003545531-XBRU;https://geco.amf-france.org
IT0005329815;SOMEC;corporate_status;GAP_CRITIQUE_PEA;Confirmation officielle requise, jamais déduite;https://live.euronext.com/en/product/equities/IT0005329815-MTAA;https://geco.amf-france.org
PTSNC0AM0006;SONAECOM,SGPS;corporate_status;GAP_CRITIQUE_PEA;Confirmation officielle requise, jamais déduite;https://live.euronext.com/en/product/equities/PTSNC0AM0006-XLIS;https://geco.amf-france.org
BE0003798155;SPADEL;corporate_status;GAP_CRITIQUE_PEA;Confirmation officielle requise, jamais déduite;https://live.euronext.com/en/product/equities/BE0003798155-XBRU;https://geco.amf-france.org
FR0000054199;ST DUPONT;corporate_status;GAP_CRITIQUE_PEA;Confirmation officielle requise, jamais déduite;https://live.euronext.com/en/product/equities/FR0000054199-XPAR;https://geco.amf-france.org
FR0000064271;STEF;corporate_status;GAP_CRITIQUE_PEA;Confirmation officielle requise, jamais déduite;https://live.euronext.com/en/product/equities/FR0000064271-XPAR;https://geco.amf-france.org
FR0004180578;SWORD GROUP;corporate_status;GAP_CRITIQUE_PEA;Confirmation officielle requise, jamais déduite;https://live.euronext.com/en/product/equities/FR0004180578-XPAR;https://geco.amf-france.org
FR0000032658;SYNERGIE;corporate_status;GAP_CRITIQUE_PEA;Confirmation officielle requise, jamais déduite;https://live.euronext.com/en/product/equities/FR0000032658-XPAR;https://geco.amf-france.org
IT0005595423;SYS-DAT;corporate_status;GAP_CRITIQUE_PEA;Confirmation officielle requise, jamais déduite;https://live.euronext.com/en/product/equities/IT0005595423-MTAA;https://geco.amf-france.org
NL0000817179;Sligro Food Group N.V.;corporate_status;GAP_CRITIQUE_PEA;Confirmation officielle requise, jamais déduite;https://live.euronext.com/en/product/equities/NL0000817179-XAMS;https://geco.amf-france.org
PTSCP0AM0001;Sporting Clube de Portugal;corporate_status;GAP_CRITIQUE_PEA;Confirmation officielle requise, jamais déduite;https://live.euronext.com/en/product/equities/PTSCP0AM0001-XLIS;https://geco.amf-france.org
IT0003153621;TAMBURI;corporate_status;GAP_CRITIQUE_PEA;Confirmation officielle requise, jamais déduite;https://live.euronext.com/en/product/equities/IT0003153621-MTAA;https://geco.amf-france.org
FR0000063307;TBSO;corporate_status;GAP_CRITIQUE_PEA;Confirmation officielle requise, jamais déduite;https://live.euronext.com/en/product/equities/FR0000063307-XPAR;https://geco.amf-france.org
IT0005162406;TECHNOGYM;corporate_status;GAP_CRITIQUE_PEA;Confirmation officielle requise, jamais déduite;https://live.euronext.com/en/product/equities/IT0005162406-MTAA;https://geco.amf-france.org
IT0005482333;TECHNOPROBE;corporate_status;GAP_CRITIQUE_PEA;Confirmation officielle requise, jamais déduite;https://live.euronext.com/en/product/equities/IT0005482333-MTAA;https://geco.amf-france.org
IT0004585243;TESMEC;corporate_status;GAP_CRITIQUE_PEA;Confirmation officielle requise, jamais déduite;https://live.euronext.com/en/product/equities/IT0004585243-MTAA;https://geco.amf-france.org
IT0005496473;TESSELLIS;corporate_status;GAP_CRITIQUE_PEA;Confirmation officielle requise, jamais déduite;https://live.euronext.com/en/product/equities/IT0005496473-MTAA;https://geco.amf-france.org
BE0003555639;TESSENDERLO GROUP;corporate_status;GAP_CRITIQUE_PEA;Confirmation officielle requise, jamais déduite;https://live.euronext.com/en/product/equities/BE0003555639-XBRU;https://geco.amf-france.org
BE0974263924;TEXAF;corporate_status;GAP_CRITIQUE_PEA;Confirmation officielle requise, jamais déduite;https://live.euronext.com/en/product/equities/BE0974263924-XBRU;https://geco.amf-france.org
FR0000054900;TF1;corporate_status;GAP_CRITIQUE_PEA;Confirmation officielle requise, jamais déduite;https://live.euronext.com/en/product/equities/FR0000054900-XPAR;https://geco.amf-france.org
FR0013295789;TFF GROUP;corporate_status;GAP_CRITIQUE_PEA;Confirmation officielle requise, jamais déduite;https://live.euronext.com/en/product/equities/FR0013295789-XPAR;https://geco.amf-france.org
IT0005439085;THE ITALIAN SEA GROUP;corporate_status;GAP_CRITIQUE_PEA;Confirmation officielle requise, jamais déduite;https://live.euronext.com/en/product/equities/IT0005439085-MTAA;https://geco.amf-france.org
FR0013333432;THERMADOR GROUPE;corporate_status;GAP_CRITIQUE_PEA;Confirmation officielle requise, jamais déduite;https://live.euronext.com/en/product/equities/FR0013333432-XPAR;https://geco.amf-france.org
BE0974282148;TINC;corporate_status;GAP_CRITIQUE_PEA;Confirmation officielle requise, jamais déduite;https://live.euronext.com/en/product/equities/BE0974282148-XBRU;https://geco.amf-france.org
IT0005037210;TINEXTA;corporate_status;GAP_CRITIQUE_PEA;Confirmation officielle requise, jamais déduite;https://live.euronext.com/en/product/equities/IT0005037210-MTAA;https://geco.amf-france.org
BE0974338700;TITAN S.A.;corporate_status;GAP_CRITIQUE_PEA;Confirmation officielle requise, jamais déduite;https://live.euronext.com/en/product/equities/BE0974338700-XBRU;https://geco.amf-france.org
NL0013332471;TOMTOM;corporate_status;GAP_CRITIQUE_PEA;Confirmation officielle requise, jamais déduite;https://live.euronext.com/en/product/equities/NL0013332471-XAMS;https://geco.amf-france.org
IT0000214293;TOSCANA AEROPORTI;corporate_status;GAP_CRITIQUE_PEA;Confirmation officielle requise, jamais déduite;https://live.euronext.com/en/product/equities/IT0000214293-MTAA;https://geco.amf-france.org
FR0005175080;TRANSGENE;corporate_status;GAP_CRITIQUE_PEA;Confirmation officielle requise, jamais déduite;https://live.euronext.com/en/product/equities/FR0005175080-XPAR;https://geco.amf-france.org
FR0000035784;TRANSITION EVERGREEN;corporate_status;GAP_CRITIQUE_PEA;Confirmation officielle requise, jamais déduite;https://live.euronext.com/en/product/equities/FR0000035784-XPAR;https://geco.amf-france.org
IT0005709909;TREVI FIN IND;corporate_status;GAP_CRITIQUE_PEA;Confirmation officielle requise, jamais déduite;https://live.euronext.com/en/product/equities/IT0005709909-MTAA;https://geco.amf-france.org
IT0005001554;TRIBOO;corporate_status;GAP_CRITIQUE_PEA;Confirmation officielle requise, jamais déduite;https://live.euronext.com/en/product/equities/IT0005001554-MTAA;https://geco.amf-france.org
IT0001454435;TXT E-SOLUTIONS;corporate_status;GAP_CRITIQUE_PEA;Confirmation officielle requise, jamais déduite;https://live.euronext.com/en/product/equities/IT0001454435-MTAA;https://geco.amf-france.org
PTSCT0AP0018;Toyota Caetano;corporate_status;GAP_CRITIQUE_PEA;Confirmation officielle requise, jamais déduite;https://live.euronext.com/en/product/equities/PTSCT0AP0018-XLIS;https://geco.amf-france.org
FR0000054470;UBISOFT ENTERTAIN;corporate_status;GAP_CRITIQUE_PEA;Confirmation officielle requise, jamais déduite;https://live.euronext.com/en/product/equities/FR0000054470-ETLX;https://geco.amf-france.org
IT0005573065;UNIDATA;corporate_status;GAP_CRITIQUE_PEA;Confirmation officielle requise, jamais déduite;https://live.euronext.com/en/product/equities/IT0005573065-MTAA;https://geco.amf-france.org
FR0000074197;UNION TECH.INFOR.;corporate_status;GAP_CRITIQUE_PEA;Confirmation officielle requise, jamais déduite;https://live.euronext.com/en/product/equities/FR0000074197-XPAR;https://geco.amf-france.org
PTVAA0AM0019;VAA VISTA ALEGRE;corporate_status;GAP_CRITIQUE_PEA;Confirmation officielle requise, jamais déduite;https://live.euronext.com/en/product/equities/PTVAA0AM0019-XLIS;https://geco.amf-france.org
FR0004056851;VALNEVA SE;corporate_status;GAP_CRITIQUE_PEA;Confirmation officielle requise, jamais déduite;https://live.euronext.com/en/product/equities/FR0004056851-ETLX;https://geco.amf-france.org
IT0001018362;VALSOIA;corporate_status;GAP_CRITIQUE_PEA;Confirmation officielle requise, jamais déduite;https://live.euronext.com/en/product/equities/IT0001018362-MTAA;https://geco.amf-france.org
NL0010661864;VALUE8;corporate_status;GAP_CRITIQUE_PEA;Confirmation officielle requise, jamais déduite;https://live.euronext.com/en/product/equities/NL0010661864-XAMS;https://geco.amf-france.org
BE0003839561;VAN DE VELDE;corporate_status;GAP_CRITIQUE_PEA;Confirmation officielle requise, jamais déduite;https://live.euronext.com/en/product/equities/BE0003839561-XBRU;https://geco.amf-france.org
FR0013505062;VANTIVA S.A.;corporate_status;GAP_CRITIQUE_PEA;Confirmation officielle requise, jamais déduite;https://live.euronext.com/en/product/equities/FR0013505062-XPAR;https://geco.amf-france.org
FR0010291245;VERIMATRIX;corporate_status;GAP_CRITIQUE_PEA;Confirmation officielle requise, jamais déduite;https://live.euronext.com/en/product/equities/FR0010291245-XPAR;https://geco.amf-france.org
FR0004186856;VETOQUINOL;corporate_status;GAP_CRITIQUE_PEA;Confirmation officielle requise, jamais déduite;https://live.euronext.com/en/product/equities/FR0004186856-XPAR;https://geco.amf-france.org
BE0003878957;VGP;corporate_status;GAP_CRITIQUE_PEA;Confirmation officielle requise, jamais déduite;https://live.euronext.com/en/product/equities/BE0003878957-XBRU;https://geco.amf-france.org
FR0000031775;VICAT;corporate_status;GAP_CRITIQUE_PEA;Confirmation officielle requise, jamais déduite;https://live.euronext.com/en/product/equities/FR0000031775-XPAR;https://geco.amf-france.org
FR0000050049;VIEL ET COMPAGNIE;corporate_status;GAP_CRITIQUE_PEA;Confirmation officielle requise, jamais déduite;https://live.euronext.com/en/product/equities/FR0000050049-XPAR;https://geco.amf-france.org
BE0974271034;VIOHALCO;corporate_status;GAP_CRITIQUE_PEA;Confirmation officielle requise, jamais déduite;https://live.euronext.com/en/product/equities/BE0974271034-XBRU;https://geco.amf-france.org
FR0000031577;VIRBAC;corporate_status;GAP_CRITIQUE_PEA;Confirmation officielle requise, jamais déduite;https://live.euronext.com/en/product/equities/FR0000031577-XPAR;https://geco.amf-france.org
FR001400PVN6;VIRIDIEN;corporate_status;GAP_CRITIQUE_PEA;Confirmation officielle requise, jamais déduite;https://live.euronext.com/en/product/equities/FR001400PVN6-XPAR;https://geco.amf-france.org
NL00150002Q7;VIVORYON THERAPEUTICS N.V.;corporate_status;GAP_CRITIQUE_PEA;Confirmation officielle requise, jamais déduite;https://live.euronext.com/en/product/equities/NL00150002Q7-XAMS;https://geco.amf-france.org
FR0011995588;VOLTALIA;corporate_status;GAP_CRITIQUE_PEA;Confirmation officielle requise, jamais déduite;https://live.euronext.com/en/product/equities/FR0011995588-XPAR;https://geco.amf-france.org
FR0010282822;Vusion;corporate_status;GAP_CRITIQUE_PEA;Confirmation officielle requise, jamais déduite;https://live.euronext.com/en/product/equities/FR0010282822-XPAR;https://geco.amf-france.org
FR0012532810;WAGA ENERGY;corporate_status;GAP_CRITIQUE_PEA;Confirmation officielle requise, jamais déduite;https://live.euronext.com/en/product/equities/FR0012532810-XPAR;https://geco.amf-france.org
FR0013357621;WAVESTONE;corporate_status;GAP_CRITIQUE_PEA;Confirmation officielle requise, jamais déduite;https://live.euronext.com/en/product/equities/FR0013357621-XPAR;https://geco.amf-france.org
IT0003865570;WEBUILD;corporate_status;GAP_CRITIQUE_PEA;Confirmation officielle requise, jamais déduite;https://live.euronext.com/en/product/equities/IT0003865570-MTAA;https://geco.amf-france.org
IT0005440893;WIIT;corporate_status;GAP_CRITIQUE_PEA;Confirmation officielle requise, jamais déduite;https://live.euronext.com/en/product/equities/IT0005440893-MTAA;https://geco.amf-france.org
FR00140182K6;WORLDLINE;corporate_status;GAP_CRITIQUE_PEA;Confirmation officielle requise, jamais déduite;https://live.euronext.com/en/product/equities/FR00140182K6-XPAR;https://geco.amf-france.org
BE0974310428;X-FAB SILICON FOUNDRIES SE;corporate_status;GAP_CRITIQUE_PEA;Confirmation officielle requise, jamais déduite;https://live.euronext.com/en/product/equities/BE0974310428-XPAR;https://geco.amf-france.org
LU2999653251;YOUNITED FINANCIAL;corporate_status;GAP_CRITIQUE_PEA;Confirmation officielle requise, jamais déduite;https://live.euronext.com/en/product/equities/LU2999653251-XPAR;https://geco.amf-france.org
IT0005013013;ZEST;corporate_status;GAP_CRITIQUE_PEA;Confirmation officielle requise, jamais déduite;https://live.euronext.com/en/product/equities/IT0005013013-MTAA;https://geco.amf-france.org
IT0004171440;ZIGNAGO VETRO;corporate_status;GAP_CRITIQUE_PEA;Confirmation officielle requise, jamais déduite;https://live.euronext.com/en/product/equities/IT0004171440-MTAA;https://geco.amf-france.org
IT0005395071;ZUCCHI;corporate_status;GAP_CRITIQUE_PEA;Confirmation officielle requise, jamais déduite;https://live.euronext.com/en/product/equities/IT0005395071-MTAA;https://geco.amf-france.org
NL0015002AH0;HAVAS;corporate_status;GAP_CRITIQUE_PEA;Confirmation officielle requise, jamais déduite;https://live.euronext.com/en/product/equities/NL0015002AH0-XAMS;https://geco.amf-france.org
IT0005439861;A.B.P. NOCIVELLI;corporate_status;GAP_CRITIQUE_PEA;Confirmation officielle requise, jamais déduite;https://live.euronext.com/en/product/equities/IT0005439861-EXGM;https://geco.amf-france.org
IT0005548521;AATECH;corporate_status;GAP_CRITIQUE_PEA;Confirmation officielle requise, jamais déduite;https://live.euronext.com/en/product/equities/IT0005548521-EXGM;https://geco.amf-france.org
IT0005466294;ABC COMPANY;corporate_status;GAP_CRITIQUE_PEA;Confirmation officielle requise, jamais déduite;https://live.euronext.com/en/product/equities/IT0005466294-EXGM;https://geco.amf-france.org
IT0005443061;ACQUAZZURRA;corporate_status;GAP_CRITIQUE_PEA;Confirmation officielle requise, jamais déduite;https://live.euronext.com/en/product/equities/IT0005443061-EXGM;https://geco.amf-france.org
FR0010979377;ACTIVIUM GROUP;corporate_status;GAP_CRITIQUE_PEA;Confirmation officielle requise, jamais déduite;https://live.euronext.com/en/product/equities/FR0010979377-XMLI;https://geco.amf-france.org
NL0015002K91;ADEC INNOVATIONS;corporate_status;GAP_CRITIQUE_PEA;Confirmation officielle requise, jamais déduite;https://live.euronext.com/en/product/equities/NL0015002K91-MLXB;https://geco.amf-france.org
FR00140153H3;ADOMOS;corporate_status;GAP_CRITIQUE_PEA;Confirmation officielle requise, jamais déduite;https://live.euronext.com/en/product/equities/FR00140153H3-ALXP;https://geco.amf-france.org
IT0005607715;ADVENTURE;corporate_status;GAP_CRITIQUE_PEA;Confirmation officielle requise, jamais déduite;https://live.euronext.com/en/product/equities/IT0005607715-EXGM;https://geco.amf-france.org
FR0011908045;AG3I;corporate_status;GAP_CRITIQUE_PEA;Confirmation officielle requise, jamais déduite;https://live.euronext.com/en/product/equities/FR0011908045-XMLI;https://geco.amf-france.org
IT0005244030;ALFIO BARDOLLA;corporate_status;GAP_CRITIQUE_PEA;Confirmation officielle requise, jamais déduite;https://live.euronext.com/en/product/equities/IT0005244030-EXGM;https://geco.amf-france.org
IT0005466039;ALFONSINO;corporate_status;GAP_CRITIQUE_PEA;Confirmation officielle requise, jamais déduite;https://live.euronext.com/en/product/equities/IT0005466039-EXGM;https://geco.amf-france.org
IT0005717241;ALIA MENTIS;corporate_status;GAP_CRITIQUE_PEA;Confirmation officielle requise, jamais déduite;https://live.euronext.com/en/product/equities/IT0005717241-EXGM;https://geco.amf-france.org
IT0005461303;ALLCORE;corporate_status;GAP_CRITIQUE_PEA;Confirmation officielle requise, jamais déduite;https://live.euronext.com/en/product/equities/IT0005461303-EXGM;https://geco.amf-france.org
FR0013253812;ALVEEN;corporate_status;GAP_CRITIQUE_PEA;Confirmation officielle requise, jamais déduite;https://live.euronext.com/en/product/equities/FR0013253812-XMLI;https://geco.amf-france.org
NL0010273694;AMATHEON AGRI HOLDING N.V.;corporate_status;GAP_CRITIQUE_PEA;Confirmation officielle requise, jamais déduite;https://live.euronext.com/en/product/equities/NL0010273694-XMLI;https://geco.amf-france.org
IT0004779515;AMBROMOBILIARE;corporate_status;GAP_CRITIQUE_PEA;Confirmation officielle requise, jamais déduite;https://live.euronext.com/en/product/equities/IT0004779515-EXGM;https://geco.amf-france.org
ES0105744009;ANDINO INVERSIONES GLOBAL, S.A.;corporate_status;GAP_CRITIQUE_PEA;Confirmation officielle requise, jamais déduite;https://live.euronext.com/en/product/equities/ES0105744009-XMLI;https://geco.amf-france.org
FR0005057635;ARDOIN ST AMAND A;corporate_status;GAP_CRITIQUE_PEA;Confirmation officielle requise, jamais déduite;https://live.euronext.com/en/product/equities/FR0005057635-XMLI;https://geco.amf-france.org
IT0005386369;ARTERRA BIOSCIENCE;corporate_status;GAP_CRITIQUE_PEA;Confirmation officielle requise, jamais déduite;https://live.euronext.com/en/product/equities/IT0005386369-EXGM;https://geco.amf-france.org
FR0012968485;ASHLER ET MANSON;corporate_status;GAP_CRITIQUE_PEA;Confirmation officielle requise, jamais déduite;https://live.euronext.com/en/product/equities/FR0012968485-XMLI;https://geco.amf-france.org
FR00140173Y6;ATARI S.A.;corporate_status;GAP_CRITIQUE_PEA;Confirmation officielle requise, jamais déduite;https://live.euronext.com/en/product/equities/FR00140173Y6-ALXP;https://geco.amf-france.org
IT0005449464;ATON GREEN STORAGE;corporate_status;GAP_CRITIQUE_PEA;Confirmation officielle requise, jamais déduite;https://live.euronext.com/en/product/equities/IT0005449464-EXGM;https://geco.amf-france.org
IT0004812258;AZ LEASING;corporate_status;GAP_CRITIQUE_PEA;Confirmation officielle requise, jamais déduite;https://live.euronext.com/en/product/equities/IT0004812258-XMLI;https://geco.amf-france.org
PTAZR0AM0006;AZOREAN AQUATIC TECHNOLOGIES SA;corporate_status;GAP_CRITIQUE_PEA;Confirmation officielle requise, jamais déduite;https://live.euronext.com/en/product/equities/PTAZR0AM0006-XMLI;https://geco.amf-france.org
IT0005497042;BELLINI NAUTICA;corporate_status;GAP_CRITIQUE_PEA;Confirmation officielle requise, jamais déduite;https://live.euronext.com/en/product/equities/IT0005497042-EXGM;https://geco.amf-france.org
FR0013340973;BLUE SHARK POWER;corporate_status;GAP_CRITIQUE_PEA;Confirmation officielle requise, jamais déduite;https://live.euronext.com/en/product/equities/FR0013340973-XMLI;https://geco.amf-france.org
FR0010106039;BODY ONE;corporate_status;GAP_CRITIQUE_PEA;Confirmation officielle requise, jamais déduite;https://live.euronext.com/en/product/equities/FR0010106039-XMLI;https://geco.amf-france.org
IT0003516066;BOLOGNAFIERE;corporate_status;GAP_CRITIQUE_PEA;Confirmation officielle requise, jamais déduite;https://live.euronext.com/en/product/equities/IT0003516066-EXGM;https://geco.amf-france.org
BE6333353298;BONYF;corporate_status;GAP_CRITIQUE_PEA;Confirmation officielle requise, jamais déduite;https://live.euronext.com/en/product/equities/BE6333353298-XMLI;https://geco.amf-france.org
FR00140153G5;BOOSTHEAT;corporate_status;GAP_CRITIQUE_PEA;Confirmation officielle requise, jamais déduite;https://live.euronext.com/en/product/equities/FR00140153G5-ALXP;https://geco.amf-france.org
IT0005003782;CASTA DIVA GROUP;corporate_status;GAP_CRITIQUE_PEA;Confirmation officielle requise, jamais déduite;https://live.euronext.com/en/product/equities/IT0005003782-EXGM;https://geco.amf-france.org
FR0000037871;CH.FER DEPARTEMENTAUX;corporate_status;GAP_CRITIQUE_PEA;Confirmation officielle requise, jamais déduite;https://live.euronext.com/en/product/equities/FR0000037871-XMLI;https://geco.amf-france.org
BE0974370026;CHOICE NV;corporate_status;GAP_CRITIQUE_PEA;Confirmation officielle requise, jamais déduite;https://live.euronext.com/en/product/equities/BE0974370026-MLXB;https://geco.amf-france.org
FR0000060428;CIE DU MONT BLANC;corporate_status;GAP_CRITIQUE_PEA;Confirmation officielle requise, jamais déduite;https://live.euronext.com/en/product/equities/FR0000060428-XMLI;https://geco.amf-france.org
IT0005344996;CIRCLE;corporate_status;GAP_CRITIQUE_PEA;Confirmation officielle requise, jamais déduite;https://live.euronext.com/en/product/equities/IT0005344996-EXGM;https://geco.amf-france.org
IT0005091324;CLABO;corporate_status;GAP_CRITIQUE_PEA;Confirmation officielle requise, jamais déduite;https://live.euronext.com/en/product/equities/IT0005091324-EXGM;https://geco.amf-france.org
FR0013426004;CLARANOVA;corporate_status;GAP_CRITIQUE_PEA;Confirmation officielle requise, jamais déduite;https://live.euronext.com/en/product/equities/FR0013426004-ALXP;https://geco.amf-france.org
IT0005377277;CLEANBNB;corporate_status;GAP_CRITIQUE_PEA;Confirmation officielle requise, jamais déduite;https://live.euronext.com/en/product/equities/IT0005377277-EXGM;https://geco.amf-france.org
IT0005577090;CLOUDIA RESEARCH;corporate_status;GAP_CRITIQUE_PEA;Confirmation officielle requise, jamais déduite;https://live.euronext.com/en/product/equities/IT0005577090-EXGM;https://geco.amf-france.org
FR0013406881;CMG CLEANTECH;corporate_status;GAP_CRITIQUE_PEA;Confirmation officielle requise, jamais déduite;https://live.euronext.com/en/product/equities/FR0013406881-XMLI;https://geco.amf-france.org
IT0005465619;COFLE;corporate_status;GAP_CRITIQUE_PEA;Confirmation officielle requise, jamais déduite;https://live.euronext.com/en/product/equities/IT0005465619-EXGM;https://geco.amf-france.org
IT0005618043;COGEFEED;corporate_status;GAP_CRITIQUE_PEA;Confirmation officielle requise, jamais déduite;https://live.euronext.com/en/product/equities/IT0005618043-EXGM;https://geco.amf-france.org
FR0010959684;COLIPAYS;corporate_status;GAP_CRITIQUE_PEA;Confirmation officielle requise, jamais déduite;https://live.euronext.com/en/product/equities/FR0010959684-XMLI;https://geco.amf-france.org
IT0005632945;COM.TEL;corporate_status;GAP_CRITIQUE_PEA;Confirmation officielle requise, jamais déduite;https://live.euronext.com/en/product/equities/IT0005632945-EXGM;https://geco.amf-france.org
IT0005453235;COMPAGNIA DEI CARAIBI;corporate_status;GAP_CRITIQUE_PEA;Confirmation officielle requise, jamais déduite;https://live.euronext.com/en/product/equities/IT0005453235-EXGM;https://geco.amf-france.org
BE6252013725;CONDOR TECHNOLOGIES;corporate_status;GAP_CRITIQUE_PEA;Confirmation officielle requise, jamais déduite;https://live.euronext.com/en/product/equities/BE6252013725-XMLI;https://geco.amf-france.org
IT0005379604;CONFINVEST ORO;corporate_status;GAP_CRITIQUE_PEA;Confirmation officielle requise, jamais déduite;https://live.euronext.com/en/product/equities/IT0005379604-EXGM;https://geco.amf-france.org
FR0000077828;CONSORT NT;corporate_status;GAP_CRITIQUE_PEA;Confirmation officielle requise, jamais déduite;https://live.euronext.com/en/product/equities/FR0000077828-XMLI;https://geco.amf-france.org
FR00140007I9;CONSTRUCTEURS BOIS;corporate_status;GAP_CRITIQUE_PEA;Confirmation officielle requise, jamais déduite;https://live.euronext.com/en/product/equities/FR00140007I9-XMLI;https://geco.amf-france.org
IT0005426215;CONVERGENZE;corporate_status;GAP_CRITIQUE_PEA;Confirmation officielle requise, jamais déduite;https://live.euronext.com/en/product/equities/IT0005426215-EXGM;https://geco.amf-france.org
IT0005379406;COPERNICO;corporate_status;GAP_CRITIQUE_PEA;Confirmation officielle requise, jamais déduite;https://live.euronext.com/en/product/equities/IT0005379406-EXGM;https://geco.amf-france.org
FR0010035816;COREP LIGHTING;corporate_status;GAP_CRITIQUE_PEA;Confirmation officielle requise, jamais déduite;https://live.euronext.com/en/product/equities/FR0010035816-XMLI;https://geco.amf-france.org
FR0004998318;COURBET;corporate_status;GAP_CRITIQUE_PEA;Confirmation officielle requise, jamais déduite;https://live.euronext.com/en/product/equities/FR0004998318-XMLI;https://geco.amf-france.org
IT0005408593;CREACTIVES GROUP;corporate_status;GAP_CRITIQUE_PEA;Confirmation officielle requise, jamais déduite;https://live.euronext.com/en/product/equities/IT0005408593-EXGM;https://geco.amf-france.org
IT0005353575;CROWDFUNDME;corporate_status;GAP_CRITIQUE_PEA;Confirmation officielle requise, jamais déduite;https://live.euronext.com/en/product/equities/IT0005353575-EXGM;https://geco.amf-france.org
IT0005532483;CUBE LABS;corporate_status;GAP_CRITIQUE_PEA;Confirmation officielle requise, jamais déduite;https://live.euronext.com/en/product/equities/IT0005532483-EXGM;https://geco.amf-france.org
IT0005546103;CYBEROO;corporate_status;GAP_CRITIQUE_PEA;Confirmation officielle requise, jamais déduite;https://live.euronext.com/en/product/equities/IT0005546103-EXGM;https://geco.amf-france.org
FR0010447086;Cheops Technology;corporate_status;GAP_CRITIQUE_PEA;Confirmation officielle requise, jamais déduite;https://live.euronext.com/en/product/equities/FR0010447086-XMLI;https://geco.amf-france.org
PTCDU0AE0003;Conduril-Engenharia;corporate_status;GAP_CRITIQUE_PEA;Confirmation officielle requise, jamais déduite;https://live.euronext.com/en/product/equities/PTCDU0AE0003-ENXL;https://geco.amf-france.org
FR0000077885;DAMARIS;corporate_status;GAP_CRITIQUE_PEA;Confirmation officielle requise, jamais déduite;https://live.euronext.com/en/product/equities/FR0000077885-XMLI;https://geco.amf-france.org
IT0005468357;DATRIX;corporate_status;GAP_CRITIQUE_PEA;Confirmation officielle requise, jamais déduite;https://live.euronext.com/en/product/equities/IT0005468357-EXGM;https://geco.amf-france.org
IT0005285942;DBA GROUP;corporate_status;GAP_CRITIQUE_PEA;Confirmation officielle requise, jamais déduite;https://live.euronext.com/en/product/equities/IT0005285942-EXGM;https://geco.amf-france.org
IT0005659724;DEDEM;corporate_status;GAP_CRITIQUE_PEA;Confirmation officielle requise, jamais déduite;https://live.euronext.com/en/product/equities/IT0005659724-EXGM;https://geco.amf-france.org
IT0005528937;DEODATO.GALLERY;corporate_status;GAP_CRITIQUE_PEA;Confirmation officielle requise, jamais déduite;https://live.euronext.com/en/product/equities/IT0005528937-EXGM;https://geco.amf-france.org
IT0005454027;DESTINATION ITALIA;corporate_status;GAP_CRITIQUE_PEA;Confirmation officielle requise, jamais déduite;https://live.euronext.com/en/product/equities/IT0005454027-EXGM;https://geco.amf-france.org
IT0005203622;DHH;corporate_status;GAP_CRITIQUE_PEA;Confirmation officielle requise, jamais déduite;https://live.euronext.com/en/product/equities/IT0005203622-EXGM;https://geco.amf-france.org
IT0005089476;DIGITOUCH;corporate_status;GAP_CRITIQUE_PEA;Confirmation officielle requise, jamais déduite;https://live.euronext.com/en/product/equities/IT0005089476-EXGM;https://geco.amf-france.org
IT0001463063;DIRECTA SIM;corporate_status;GAP_CRITIQUE_PEA;Confirmation officielle requise, jamais déduite;https://live.euronext.com/en/product/equities/IT0001463063-EXGM;https://geco.amf-france.org
IT0005600249;DISTRIBUZIONE ELETTRICA ADRIATICA;corporate_status;GAP_CRITIQUE_PEA;Confirmation officielle requise, jamais déduite;https://live.euronext.com/en/product/equities/IT0005600249-EXGM;https://geco.amf-france.org
IT0005523839;DOTSTAY;corporate_status;GAP_CRITIQUE_PEA;Confirmation officielle requise, jamais déduite;https://live.euronext.com/en/product/equities/IT0005523839-EXGM;https://geco.amf-france.org
IT0005394413;DOXEE;corporate_status;GAP_CRITIQUE_PEA;Confirmation officielle requise, jamais déduite;https://live.euronext.com/en/product/equities/IT0005394413-EXGM;https://geco.amf-france.org
FR0000052920;DYNAFOND;corporate_status;GAP_CRITIQUE_PEA;Confirmation officielle requise, jamais déduite;https://live.euronext.com/en/product/equities/FR0000052920-XMLI;https://geco.amf-france.org
IT0005557514;E-GLOBE;corporate_status;GAP_CRITIQUE_PEA;Confirmation officielle requise, jamais déduite;https://live.euronext.com/en/product/equities/IT0005557514-EXGM;https://geco.amf-france.org
IT0005391229;E-NOVIA;corporate_status;GAP_CRITIQUE_PEA;Confirmation officielle requise, jamais déduite;https://live.euronext.com/en/product/equities/IT0005391229-EXGM;https://geco.amf-france.org
IT0005669558;E.T.S. Engineering and Technical Services;corporate_status;GAP_CRITIQUE_PEA;Confirmation officielle requise, jamais déduite;https://live.euronext.com/en/product/equities/IT0005669558-EXGM;https://geco.amf-france.org
FR0007200100;EAUX DE ROYAN;corporate_status;GAP_CRITIQUE_PEA;Confirmation officielle requise, jamais déduite;https://live.euronext.com/en/product/equities/FR0007200100-XMLI;https://geco.amf-france.org
FR0010536185;EAVS;corporate_status;GAP_CRITIQUE_PEA;Confirmation officielle requise, jamais déduite;https://live.euronext.com/en/product/equities/FR0010536185-XMLI;https://geco.amf-france.org
IT0005543332;ECOMEMBRANE;corporate_status;GAP_CRITIQUE_PEA;Confirmation officielle requise, jamais déduite;https://live.euronext.com/en/product/equities/IT0005543332-EXGM;https://geco.amf-france.org
IT0005654766;ECOSUNTEK;corporate_status;GAP_CRITIQUE_PEA;Confirmation officielle requise, jamais déduite;https://live.euronext.com/en/product/equities/IT0005654766-EXGM;https://geco.amf-france.org
IT0005627762;EDGELAB;corporate_status;GAP_CRITIQUE_PEA;Confirmation officielle requise, jamais déduite;https://live.euronext.com/en/product/equities/IT0005627762-EXGM;https://geco.amf-france.org
IT0005561441;EDIL SAN FELICE;corporate_status;GAP_CRITIQUE_PEA;Confirmation officielle requise, jamais déduite;https://live.euronext.com/en/product/equities/IT0005561441-EXGM;https://geco.amf-france.org
FR0010882886;EDUFORM'ACTION;corporate_status;GAP_CRITIQUE_PEA;Confirmation officielle requise, jamais déduite;https://live.euronext.com/en/product/equities/FR0010882886-ALXP;https://geco.amf-france.org
IT0005586497;EGOMNIA;corporate_status;GAP_CRITIQUE_PEA;Confirmation officielle requise, jamais déduite;https://live.euronext.com/en/product/equities/IT0005586497-EXGM;https://geco.amf-france.org
IT0005561466;ELSA SOLUTIONS;corporate_status;GAP_CRITIQUE_PEA;Confirmation officielle requise, jamais déduite;https://live.euronext.com/en/product/equities/IT0005561466-EXGM;https://geco.amf-france.org
ES0105639001;EMBENTION SISTEMAS INTELIGENTES SA;corporate_status;GAP_CRITIQUE_PEA;Confirmation officielle requise, jamais déduite;https://live.euronext.com/en/product/equities/ES0105639001-ALXP;https://geco.amf-france.org
IT0005562183;EMMA VILLAS;corporate_status;GAP_CRITIQUE_PEA;Confirmation officielle requise, jamais déduite;https://live.euronext.com/en/product/equities/IT0005562183-EXGM;https://geco.amf-france.org
IT0005468290;ENA (ex-S.I.F. ITALIA);corporate_status;GAP_CRITIQUE_PEA;Confirmation officielle requise, jamais déduite;https://live.euronext.com/en/product/equities/IT0005468290-EXGM;https://geco.amf-france.org
IT0005500712;ENERGY;corporate_status;GAP_CRITIQUE_PEA;Confirmation officielle requise, jamais déduite;https://live.euronext.com/en/product/equities/IT0005500712-EXGM;https://geco.amf-france.org
ES0105687000;ENERGY SOLAR TECH;corporate_status;GAP_CRITIQUE_PEA;Confirmation officielle requise, jamais déduite;https://live.euronext.com/en/product/equities/ES0105687000-ALXP;https://geco.amf-france.org
IT0005660219;ENERGY TIME;corporate_status;GAP_CRITIQUE_PEA;Confirmation officielle requise, jamais déduite;https://live.euronext.com/en/product/equities/IT0005660219-EXGM;https://geco.amf-france.org
IT0005519837;EPRCOMUNICAZIONE;corporate_status;GAP_CRITIQUE_PEA;Confirmation officielle requise, jamais déduite;https://live.euronext.com/en/product/equities/IT0005519837-EXGM;https://geco.amf-france.org
IT0005521247;ERREDUE;corporate_status;GAP_CRITIQUE_PEA;Confirmation officielle requise, jamais déduite;https://live.euronext.com/en/product/equities/IT0005521247-EXGM;https://geco.amf-france.org
IT0005337107;ESAUTOMOTION;corporate_status;GAP_CRITIQUE_PEA;Confirmation officielle requise, jamais déduite;https://live.euronext.com/en/product/equities/IT0005337107-EXGM;https://geco.amf-france.org
IT0005421885;ESI;corporate_status;GAP_CRITIQUE_PEA;Confirmation officielle requise, jamais déduite;https://live.euronext.com/en/product/equities/IT0005421885-EXGM;https://geco.amf-france.org
IT0005573818;ESPE;corporate_status;GAP_CRITIQUE_PEA;Confirmation officielle requise, jamais déduite;https://live.euronext.com/en/product/equities/IT0005573818-EXGM;https://geco.amf-france.org
IT0005468191;ESTRIMA;corporate_status;GAP_CRITIQUE_PEA;Confirmation officielle requise, jamais déduite;https://live.euronext.com/en/product/equities/IT0005468191-EXGM;https://geco.amf-france.org
IT0005720005;ETI;corporate_status;GAP_CRITIQUE_PEA;Confirmation officielle requise, jamais déduite;https://live.euronext.com/en/product/equities/IT0005720005-EXGM;https://geco.amf-france.org
FR0014011QJ8;EUROPLASMA;corporate_status;GAP_CRITIQUE_PEA;Confirmation officielle requise, jamais déduite;https://live.euronext.com/en/product/equities/FR0014011QJ8-ALXP;https://geco.amf-france.org
IT0005430936;EVISO;corporate_status;GAP_CRITIQUE_PEA;Confirmation officielle requise, jamais déduite;https://live.euronext.com/en/product/equities/IT0005430936-EXGM;https://geco.amf-france.org
IT0005557530;EXECUS;corporate_status;GAP_CRITIQUE_PEA;Confirmation officielle requise, jamais déduite;https://live.euronext.com/en/product/equities/IT0005557530-EXGM;https://geco.amf-france.org
IT0004496029;EXPERT.AI;corporate_status;GAP_CRITIQUE_PEA;Confirmation officielle requise, jamais déduite;https://live.euronext.com/en/product/equities/IT0004496029-EXGM;https://geco.amf-france.org
ES0106046008;EXXITA BE CIRCULAR;corporate_status;GAP_CRITIQUE_PEA;Confirmation officielle requise, jamais déduite;https://live.euronext.com/en/product/equities/ES0106046008-XMLI;https://geco.amf-france.org
IT0005500688;FAE TECHNOLOGY;corporate_status;GAP_CRITIQUE_PEA;Confirmation officielle requise, jamais déduite;https://live.euronext.com/en/product/equities/IT0005500688-EXGM;https://geco.amf-france.org
IT0005487670;FARMACOSMO;corporate_status;GAP_CRITIQUE_PEA;Confirmation officielle requise, jamais déduite;https://live.euronext.com/en/product/equities/IT0005487670-EXGM;https://geco.amf-france.org
PTFNV1AM0002;FARMINVESTE;corporate_status;GAP_CRITIQUE_PEA;Confirmation officielle requise, jamais déduite;https://live.euronext.com/en/product/equities/PTFNV1AM0002-ENXL;https://geco.amf-france.org
FR0012300424;FD;corporate_status;GAP_CRITIQUE_PEA;Confirmation officielle requise, jamais déduite;https://live.euronext.com/en/product/equities/FR0012300424-XMLI;https://geco.amf-france.org
IT0005475162;FINANZA.TECH;corporate_status;GAP_CRITIQUE_PEA;Confirmation officielle requise, jamais déduite;https://live.euronext.com/en/product/equities/IT0005475162-EXGM;https://geco.amf-france.org
FR0010487272;FINAXO ENVIRONNEMENT;corporate_status;GAP_CRITIQUE_PEA;Confirmation officielle requise, jamais déduite;https://live.euronext.com/en/product/equities/FR0010487272-XMLI;https://geco.amf-france.org
IT0005252736;FIRST CAPITAL;corporate_status;GAP_CRITIQUE_PEA;Confirmation officielle requise, jamais déduite;https://live.euronext.com/en/product/equities/IT0005252736-EXGM;https://geco.amf-france.org
IT0005720500;FIRST POINT;corporate_status;GAP_CRITIQUE_PEA;Confirmation officielle requise, jamais déduite;https://live.euronext.com/en/product/equities/IT0005720500-EXGM;https://geco.amf-france.org
BE0003847648;FLOWSPARKS;corporate_status;GAP_CRITIQUE_PEA;Confirmation officielle requise, jamais déduite;https://live.euronext.com/en/product/equities/BE0003847648-MLXB;https://geco.amf-france.org
FR0013230067;FNP TECHNOLOGIES SA;corporate_status;GAP_CRITIQUE_PEA;Confirmation officielle requise, jamais déduite;https://live.euronext.com/en/product/equities/FR0013230067-XMLI;https://geco.amf-france.org
FR0011605617;FONCIERE VINDI;corporate_status;GAP_CRITIQUE_PEA;Confirmation officielle requise, jamais déduite;https://live.euronext.com/en/product/equities/FR0011605617-XMLI;https://geco.amf-france.org
IT0005203424;FOPE;corporate_status;GAP_CRITIQUE_PEA;Confirmation officielle requise, jamais déduite;https://live.euronext.com/en/product/equities/IT0005203424-EXGM;https://geco.amf-france.org
FR0014005SB3;FORSEE POWER;corporate_status;GAP_CRITIQUE_PEA;Confirmation officielle requise, jamais déduite;https://live.euronext.com/en/product/equities/FR0014005SB3-ALXP;https://geco.amf-france.org
FR0010823724;FRANCE TOURISME IMMOBILIER;corporate_status;GAP_CRITIQUE_PEA;Confirmation officielle requise, jamais déduite;https://live.euronext.com/en/product/equities/FR0010823724-XMLI;https://geco.amf-france.org
IT0005508574;FRANCHETTI;corporate_status;GAP_CRITIQUE_PEA;Confirmation officielle requise, jamais déduite;https://live.euronext.com/en/product/equities/IT0005508574-EXGM;https://geco.amf-france.org
IT0005335754;FRANCHI UMBERTO MARMI;corporate_status;GAP_CRITIQUE_PEA;Confirmation officielle requise, jamais déduite;https://live.euronext.com/en/product/equities/IT0005335754-EXGM;https://geco.amf-france.org
IT0004819857;FRENDY ENERGY;corporate_status;GAP_CRITIQUE_PEA;Confirmation officielle requise, jamais déduite;https://live.euronext.com/en/product/equities/IT0004819857-EXGM;https://geco.amf-france.org
FR0000053415;G.A.I.;corporate_status;GAP_CRITIQUE_PEA;Confirmation officielle requise, jamais déduite;https://live.euronext.com/en/product/equities/FR0000053415-XMLI;https://geco.amf-france.org
IT0005498610;G.M. LEATHER;corporate_status;GAP_CRITIQUE_PEA;Confirmation officielle requise, jamais déduite;https://live.euronext.com/en/product/equities/IT0005498610-EXGM;https://geco.amf-france.org
FR0011100759;GALEO;corporate_status;GAP_CRITIQUE_PEA;Confirmation officielle requise, jamais déduite;https://live.euronext.com/en/product/equities/FR0011100759-XMLI;https://geco.amf-france.org
IT0005122392;GAMBERO ROSSO;corporate_status;GAP_CRITIQUE_PEA;Confirmation officielle requise, jamais déduite;https://live.euronext.com/en/product/equities/IT0005122392-EXGM;https://geco.amf-france.org
IT0005312365;GEL;corporate_status;GAP_CRITIQUE_PEA;Confirmation officielle requise, jamais déduite;https://live.euronext.com/en/product/equities/IT0005312365-EXGM;https://geco.amf-france.org
IT0005531261;GENTILI MOSCONI;corporate_status;GAP_CRITIQUE_PEA;Confirmation officielle requise, jamais déduite;https://live.euronext.com/en/product/equities/IT0005531261-EXGM;https://geco.amf-france.org
PTGVE1AM0017;GENTLEMEN'S EQUITY SA;corporate_status;GAP_CRITIQUE_PEA;Confirmation officielle requise, jamais déduite;https://live.euronext.com/en/product/equities/PTGVE1AM0017-XMLI;https://geco.amf-france.org
IT0005453003;GIGLIO.COM;corporate_status;GAP_CRITIQUE_PEA;Confirmation officielle requise, jamais déduite;https://live.euronext.com/en/product/equities/IT0005453003-EXGM;https://geco.amf-france.org
IT0005652489;GIOCAMONDO STUDY;corporate_status;GAP_CRITIQUE_PEA;Confirmation officielle requise, jamais déduite;https://live.euronext.com/en/product/equities/IT0005652489-EXGM;https://geco.amf-france.org
IT0005391138;GISMONDI 1754;corporate_status;GAP_CRITIQUE_PEA;Confirmation officielle requise, jamais déduite;https://live.euronext.com/en/product/equities/IT0005391138-EXGM;https://geco.amf-france.org
IT0005722191;GIUNTI PSYCHOMETRICS HOLDING;corporate_status;GAP_CRITIQUE_PEA;Confirmation officielle requise, jamais déduite;https://live.euronext.com/en/product/equities/IT0005722191-EXGM;https://geco.amf-france.org
IT0005613739;GLASS TO POWER S.P.A.;corporate_status;GAP_CRITIQUE_PEA;Confirmation officielle requise, jamais déduite;https://live.euronext.com/en/product/equities/IT0005613739-XMLI;https://geco.amf-france.org
IT0005549768;GREEN OLEO;corporate_status;GAP_CRITIQUE_PEA;Confirmation officielle requise, jamais déduite;https://live.euronext.com/en/product/equities/IT0005549768-EXGM;https://geco.amf-france.org
IT0005332595;GRIFAL;corporate_status;GAP_CRITIQUE_PEA;Confirmation officielle requise, jamais déduite;https://live.euronext.com/en/product/equities/IT0005332595-EXGM;https://geco.amf-france.org
FR0000076960;GROUPE CARNIVOR;corporate_status;GAP_CRITIQUE_PEA;Confirmation officielle requise, jamais déduite;https://live.euronext.com/en/product/equities/FR0000076960-XMLI;https://geco.amf-france.org
IT0005040354;GROWENS;corporate_status;GAP_CRITIQUE_PEA;Confirmation officielle requise, jamais déduite;https://live.euronext.com/en/product/equities/IT0005040354-EXGM;https://geco.amf-france.org
IT0005607699;GT TALENT GROUP;corporate_status;GAP_CRITIQUE_PEA;Confirmation officielle requise, jamais déduite;https://live.euronext.com/en/product/equities/IT0005607699-EXGM;https://geco.amf-france.org
IT0005723074;GUIDOTTI SHIPS;corporate_status;GAP_CRITIQUE_PEA;Confirmation officielle requise, jamais déduite;https://live.euronext.com/en/product/equities/IT0005723074-EXGM;https://geco.amf-france.org
IT0004674666;H-FARM;corporate_status;GAP_CRITIQUE_PEA;Confirmation officielle requise, jamais déduite;https://live.euronext.com/en/product/equities/IT0004674666-EXGM;https://geco.amf-france.org
IT0005628778;HAIKI+;corporate_status;GAP_CRITIQUE_PEA;Confirmation officielle requise, jamais déduite;https://live.euronext.com/en/product/equities/IT0005628778-EXGM;https://geco.amf-france.org
IT0005451213;HELYX INDUSTRIES (ex Ulisse Biomed S.p.A.);corporate_status;GAP_CRITIQUE_PEA;Confirmation officielle requise, jamais déduite;https://live.euronext.com/en/product/equities/IT0005451213-EXGM;https://geco.amf-france.org
IT0005450694;HIGH QUALITY FOOD;corporate_status;GAP_CRITIQUE_PEA;Confirmation officielle requise, jamais déduite;https://live.euronext.com/en/product/equities/IT0005450694-EXGM;https://geco.amf-france.org
DE000A11Q133;HK;corporate_status;GAP_CRITIQUE_PEA;Confirmation officielle requise, jamais déduite;https://live.euronext.com/en/product/equities/DE000A11Q133-XMLI;https://geco.amf-france.org
FR0000051302;HOCHE BAINS L.BAIN;corporate_status;GAP_CRITIQUE_PEA;Confirmation officielle requise, jamais déduite;https://live.euronext.com/en/product/equities/FR0000051302-XMLI;https://geco.amf-france.org
FR0012336691;HOME CONCEPT;corporate_status;GAP_CRITIQUE_PEA;Confirmation officielle requise, jamais déduite;https://live.euronext.com/en/product/equities/FR0012336691-XMLI;https://geco.amf-france.org
FR0010312181;HOPENING;corporate_status;GAP_CRITIQUE_PEA;Confirmation officielle requise, jamais déduite;https://live.euronext.com/en/product/equities/FR0010312181-XMLI;https://geco.amf-france.org
ES0105664009;HOTELES BESTPRICE;corporate_status;GAP_CRITIQUE_PEA;Confirmation officielle requise, jamais déduite;https://live.euronext.com/en/product/equities/ES0105664009-XMLI;https://geco.amf-france.org
FR0000053738;HOTELIM;corporate_status;GAP_CRITIQUE_PEA;Confirmation officielle requise, jamais déduite;https://live.euronext.com/en/product/equities/FR0000053738-XMLI;https://geco.amf-france.org
FR0006563904;HOTL.IMMOB.NICE;corporate_status;GAP_CRITIQUE_PEA;Confirmation officielle requise, jamais déduite;https://live.euronext.com/en/product/equities/FR0006563904-XMLI;https://geco.amf-france.org
FR0000064735;HYDRAULIQUE HOLDING;corporate_status;GAP_CRITIQUE_PEA;Confirmation officielle requise, jamais déduite;https://live.euronext.com/en/product/equities/FR0000064735-XMLI;https://geco.amf-france.org
FR0005843125;HYDRO-EXPLOIT.;corporate_status;GAP_CRITIQUE_PEA;Confirmation officielle requise, jamais déduite;https://live.euronext.com/en/product/equities/FR0005843125-XMLI;https://geco.amf-france.org
IT0001214433;I.CO.P.;corporate_status;GAP_CRITIQUE_PEA;Confirmation officielle requise, jamais déduite;https://live.euronext.com/en/product/equities/IT0001214433-EXGM;https://geco.amf-france.org
IT0005549255;I.M.D. INTERNATIONAL MEDICAL DEVICES;corporate_status;GAP_CRITIQUE_PEA;Confirmation officielle requise, jamais déduite;https://live.euronext.com/en/product/equities/IT0005549255-EXGM;https://geco.amf-france.org
FR0000079691;IDS;corporate_status;GAP_CRITIQUE_PEA;Confirmation officielle requise, jamais déduite;https://live.euronext.com/en/product/equities/FR0000079691-XMLI;https://geco.amf-france.org
FR0014015ND9;IEVA GROUP S.A.;corporate_status;GAP_CRITIQUE_PEA;Confirmation officielle requise, jamais déduite;https://live.euronext.com/en/product/equities/FR0014015ND9-ALXP;https://geco.amf-france.org
IT0005578395;ILLA;corporate_status;GAP_CRITIQUE_PEA;Confirmation officielle requise, jamais déduite;https://live.euronext.com/en/product/equities/IT0005578395-EXGM;https://geco.amf-france.org
IT0005359101;ILPRA;corporate_status;GAP_CRITIQUE_PEA;Confirmation officielle requise, jamais déduite;https://live.euronext.com/en/product/equities/IT0005359101-EXGM;https://geco.amf-france.org
FR0010086371;IMALLIANCE;corporate_status;GAP_CRITIQUE_PEA;Confirmation officielle requise, jamais déduite;https://live.euronext.com/en/product/equities/FR0010086371-XMLI;https://geco.amf-france.org
FR001400QW73;IMEON ENERGY;corporate_status;GAP_CRITIQUE_PEA;Confirmation officielle requise, jamais déduite;https://live.euronext.com/en/product/equities/FR001400QW73-XMLI;https://geco.amf-france.org
FR0006859039;IMM.PARIS.PERLE;corporate_status;GAP_CRITIQUE_PEA;Confirmation officielle requise, jamais déduite;https://live.euronext.com/en/product/equities/FR0006859039-XMLI;https://geco.amf-france.org
IT0005518953;IMPIANTI;corporate_status;GAP_CRITIQUE_PEA;Confirmation officielle requise, jamais déduite;https://live.euronext.com/en/product/equities/IT0005518953-EXGM;https://geco.amf-france.org
FR0000065773;IMPRIMERIE CHIRAT;corporate_status;GAP_CRITIQUE_PEA;Confirmation officielle requise, jamais déduite;https://live.euronext.com/en/product/equities/FR0000065773-XMLI;https://geco.amf-france.org
ES0105590006;IMPULSE FITNESS SOLUTIONS S.A.;corporate_status;GAP_CRITIQUE_PEA;Confirmation officielle requise, jamais déduite;https://live.euronext.com/en/product/equities/ES0105590006-XMLI;https://geco.amf-france.org
IT0005416281;INDUSTRIE CHIMICHE FORESTALI;corporate_status;GAP_CRITIQUE_PEA;Confirmation officielle requise, jamais déduite;https://live.euronext.com/en/product/equities/IT0005416281-EXGM;https://geco.amf-france.org
FR0011158823;INFOCLIP;corporate_status;GAP_CRITIQUE_PEA;Confirmation officielle requise, jamais déduite;https://live.euronext.com/en/product/equities/FR0011158823-XMLI;https://geco.amf-france.org
IT0005037905;INIZIATIVE BRESCIANE;corporate_status;GAP_CRITIQUE_PEA;Confirmation officielle requise, jamais déduite;https://live.euronext.com/en/product/equities/IT0005037905-EXGM;https://geco.amf-france.org
ES0105908000;INMOLECULE NANOTECH;corporate_status;GAP_CRITIQUE_PEA;Confirmation officielle requise, jamais déduite;https://live.euronext.com/en/product/equities/ES0105908000-XMLI;https://geco.amf-france.org
IT0005412298;INNOVATEC;corporate_status;GAP_CRITIQUE_PEA;Confirmation officielle requise, jamais déduite;https://live.euronext.com/en/product/equities/IT0005412298-EXGM;https://geco.amf-france.org
IT0005391161;INNOVATIVE RFK SPA;corporate_status;GAP_CRITIQUE_PEA;Confirmation officielle requise, jamais déduite;https://live.euronext.com/en/product/equities/IT0005391161-XMLI;https://geco.amf-france.org
FR0014003FN0;INTEGRITAS VIAGER S.A.;corporate_status;GAP_CRITIQUE_PEA;Confirmation officielle requise, jamais déduite;https://live.euronext.com/en/product/equities/FR0014003FN0-XMLI;https://geco.amf-france.org
IT0005469371;INTERNATIONAL CARE COMPANY;corporate_status;GAP_CRITIQUE_PEA;Confirmation officielle requise, jamais déduite;https://live.euronext.com/en/product/equities/IT0005469371-EXGM;https://geco.amf-france.org
IT0005337818;INTRED;corporate_status;GAP_CRITIQUE_PEA;Confirmation officielle requise, jamais déduite;https://live.euronext.com/en/product/equities/IT0005337818-EXGM;https://geco.amf-france.org
IT0005474108;ISCC FINTECH;corporate_status;GAP_CRITIQUE_PEA;Confirmation officielle requise, jamais déduite;https://live.euronext.com/en/product/equities/IT0005474108-EXGM;https://geco.amf-france.org
IT0005075764;ITALIAN WINE BRANDS;corporate_status;GAP_CRITIQUE_PEA;Confirmation officielle requise, jamais déduite;https://live.euronext.com/en/product/equities/IT0005075764-EXGM;https://geco.amf-france.org
IT0005336521;ITALY INNOVAZIONI;corporate_status;GAP_CRITIQUE_PEA;Confirmation officielle requise, jamais déduite;https://live.euronext.com/en/product/equities/IT0005336521-XMLI;https://geco.amf-france.org
IT0005554784;IVISION TECH;corporate_status;GAP_CRITIQUE_PEA;Confirmation officielle requise, jamais déduite;https://live.euronext.com/en/product/equities/IT0005554784-EXGM;https://geco.amf-france.org
IT0005678104;KALEON;corporate_status;GAP_CRITIQUE_PEA;Confirmation officielle requise, jamais déduite;https://live.euronext.com/en/product/equities/IT0005678104-EXGM;https://geco.amf-france.org
FR0014005WE9;L'AGENCE AUTOMOBILIERE S.A.;corporate_status;GAP_CRITIQUE_PEA;Confirmation officielle requise, jamais déduite;https://live.euronext.com/en/product/equities/FR0014005WE9-XMLI;https://geco.amf-france.org
IT0005497885;LABORATORIO FARMACEUTICO ERFO;corporate_status;GAP_CRITIQUE_PEA;Confirmation officielle requise, jamais déduite;https://live.euronext.com/en/product/equities/IT0005497885-EXGM;https://geco.amf-france.org
FR0014018Y10;LE SLIP Français;corporate_status;GAP_CRITIQUE_PEA;Confirmation officielle requise, jamais déduite;https://live.euronext.com/en/product/equities/FR0014018Y10-ALXP;https://geco.amf-france.org
IT0005573438;LEMON SISTEMI;corporate_status;GAP_CRITIQUE_PEA;Confirmation officielle requise, jamais déduite;https://live.euronext.com/en/product/equities/IT0005573438-EXGM;https://geco.amf-france.org
IT0004973696;LEONE FILM GROUP;corporate_status;GAP_CRITIQUE_PEA;Confirmation officielle requise, jamais déduite;https://live.euronext.com/en/product/equities/IT0004973696-EXGM;https://geco.amf-france.org
IT0005469272;LINDBERGH;corporate_status;GAP_CRITIQUE_PEA;Confirmation officielle requise, jamais déduite;https://live.euronext.com/en/product/equities/IT0005469272-EXGM;https://geco.amf-france.org
IT0005600801;LITIX;corporate_status;GAP_CRITIQUE_PEA;Confirmation officielle requise, jamais déduite;https://live.euronext.com/en/product/equities/IT0005600801-EXGM;https://geco.amf-france.org
FR0004155208;LOCASYSTEM INTL;corporate_status;GAP_CRITIQUE_PEA;Confirmation officielle requise, jamais déduite;https://live.euronext.com/en/product/equities/FR0004155208-XMLI;https://geco.amf-france.org
FR0006205019;LOMBARD ET MEDOT;corporate_status;GAP_CRITIQUE_PEA;Confirmation officielle requise, jamais déduite;https://live.euronext.com/en/product/equities/FR0006205019-XMLI;https://geco.amf-france.org
IT0005337073;LONGINO&CARDENAL;corporate_status;GAP_CRITIQUE_PEA;Confirmation officielle requise, jamais déduite;https://live.euronext.com/en/product/equities/IT0005337073-EXGM;https://geco.amf-france.org
FR0014013HG9;LUCIBEL;corporate_status;GAP_CRITIQUE_PEA;Confirmation officielle requise, jamais déduite;https://live.euronext.com/en/product/equities/FR0014013HG9-ALXP;https://geco.amf-france.org
IT0004522162;LUCISANO MEDIA GROUP;corporate_status;GAP_CRITIQUE_PEA;Confirmation officielle requise, jamais déduite;https://live.euronext.com/en/product/equities/IT0004522162-EXGM;https://geco.amf-france.org
FR001400NQB6;MACOMPTA.FR;corporate_status;GAP_CRITIQUE_PEA;Confirmation officielle requise, jamais déduite;https://live.euronext.com/en/product/equities/FR001400NQB6-ALXP;https://geco.amf-france.org
FR0010827741;MAGILLEM DESIGN SERVICES;corporate_status;GAP_CRITIQUE_PEA;Confirmation officielle requise, jamais déduite;https://live.euronext.com/en/product/equities/FR0010827741-XMLI;https://geco.amf-france.org
IT0005525347;MAGIS;corporate_status;GAP_CRITIQUE_PEA;Confirmation officielle requise, jamais déduite;https://live.euronext.com/en/product/equities/IT0005525347-EXGM;https://geco.amf-france.org
FR0011092089;MAISON CLIO BLUE;corporate_status;GAP_CRITIQUE_PEA;Confirmation officielle requise, jamais déduite;https://live.euronext.com/en/product/equities/FR0011092089-XMLI;https://geco.amf-france.org
IT0005364333;MAPS;corporate_status;GAP_CRITIQUE_PEA;Confirmation officielle requise, jamais déduite;https://live.euronext.com/en/product/equities/IT0005364333-EXGM;https://geco.amf-france.org
IT0005588626;MARE ENGINEERING GROUP;corporate_status;GAP_CRITIQUE_PEA;Confirmation officielle requise, jamais déduite;https://live.euronext.com/en/product/equities/IT0005588626-EXGM;https://geco.amf-france.org
IT0005670960;MARKBASS;corporate_status;GAP_CRITIQUE_PEA;Confirmation officielle requise, jamais déduite;https://live.euronext.com/en/product/equities/IT0005670960-EXGM;https://geco.amf-france.org
IT0004376858;MARZOCCHI POMPE;corporate_status;GAP_CRITIQUE_PEA;Confirmation officielle requise, jamais déduite;https://live.euronext.com/en/product/equities/IT0004376858-EXGM;https://geco.amf-france.org
IT0004125677;MASI AGRICOLA;corporate_status;GAP_CRITIQUE_PEA;Confirmation officielle requise, jamais déduite;https://live.euronext.com/en/product/equities/IT0004125677-EXGM;https://geco.amf-france.org
IT0005388449;MATICA FINTEC;corporate_status;GAP_CRITIQUE_PEA;Confirmation officielle requise, jamais déduite;https://live.euronext.com/en/product/equities/IT0005388449-EXGM;https://geco.amf-france.org
BE0974404361;MAZARO;corporate_status;GAP_CRITIQUE_PEA;Confirmation officielle requise, jamais déduite;https://live.euronext.com/en/product/equities/BE0974404361-MLXB;https://geco.amf-france.org
IT0005324105;MEDIA LAB;corporate_status;GAP_CRITIQUE_PEA;Confirmation officielle requise, jamais déduite;https://live.euronext.com/en/product/equities/IT0005324105-XMLI;https://geco.amf-france.org
IT0005450173;MEGLIOQUESTO;corporate_status;GAP_CRITIQUE_PEA;Confirmation officielle requise, jamais déduite;https://live.euronext.com/en/product/equities/IT0005450173-EXGM;https://geco.amf-france.org
BE0974328602;METRICS IN BALANCE;corporate_status;GAP_CRITIQUE_PEA;Confirmation officielle requise, jamais déduite;https://live.euronext.com/en/product/equities/BE0974328602-XMLI;https://geco.amf-france.org
IT0005651481;METRIKS AI;corporate_status;GAP_CRITIQUE_PEA;Confirmation officielle requise, jamais déduite;https://live.euronext.com/en/product/equities/IT0005651481-EXGM;https://geco.amf-france.org
IT0005586950;MEVIM;corporate_status;GAP_CRITIQUE_PEA;Confirmation officielle requise, jamais déduite;https://live.euronext.com/en/product/equities/IT0005586950-EXGM;https://geco.amf-france.org
FR0010500363;MIGUET ET ASSOCIES;corporate_status;GAP_CRITIQUE_PEA;Confirmation officielle requise, jamais déduite;https://live.euronext.com/en/product/equities/FR0010500363-XMLI;https://geco.amf-france.org
IT0005603078;MISITANO & STRACUZZI;corporate_status;GAP_CRITIQUE_PEA;Confirmation officielle requise, jamais déduite;https://live.euronext.com/en/product/equities/IT0005603078-EXGM;https://geco.amf-france.org
IT0005427510;MIT SIM;corporate_status;GAP_CRITIQUE_PEA;Confirmation officielle requise, jamais déduite;https://live.euronext.com/en/product/equities/IT0005427510-EXGM;https://geco.amf-france.org
FR0014011ND8;MONDO TV France;corporate_status;GAP_CRITIQUE_PEA;Confirmation officielle requise, jamais déduite;https://live.euronext.com/en/product/equities/FR0014011ND8-EXGM;https://geco.amf-france.org
IT0005338139;MONNALISA;corporate_status;GAP_CRITIQUE_PEA;Confirmation officielle requise, jamais déduite;https://live.euronext.com/en/product/equities/IT0005338139-EXGM;https://geco.amf-france.org
BE0974503352;MONNI;corporate_status;GAP_CRITIQUE_PEA;Confirmation officielle requise, jamais déduite;https://live.euronext.com/en/product/equities/BE0974503352-ALXB;https://geco.amf-france.org
PTMNN0AE0006;MONUMENTAL RESIDENCE;corporate_status;GAP_CRITIQUE_PEA;Confirmation officielle requise, jamais déduite;https://live.euronext.com/en/product/equities/PTMNN0AE0006-ENXL;https://geco.amf-france.org
NL0015268814;MPC ENERGY SOLUTIONS N.V.;corporate_status;GAP_CRITIQUE_PEA;Confirmation officielle requise, jamais déduite;https://live.euronext.com/en/product/equities/NL0015268814-MERK;https://geco.amf-france.org
ES0105697009;MUTTER VENTURES, S.A.;corporate_status;GAP_CRITIQUE_PEA;Confirmation officielle requise, jamais déduite;https://live.euronext.com/en/product/equities/ES0105697009-XMLI;https://geco.amf-france.org
IT0005497018;NEOSPERIENCE;corporate_status;GAP_CRITIQUE_PEA;Confirmation officielle requise, jamais déduite;https://live.euronext.com/en/product/equities/IT0005497018-EXGM;https://geco.amf-france.org
FR0014018EV4;NEOVACS;corporate_status;GAP_CRITIQUE_PEA;Confirmation officielle requise, jamais déduite;https://live.euronext.com/en/product/equities/FR0014018EV4-ALXP;https://geco.amf-france.org
BE0003680916;NEUFCOUR-FIN.;corporate_status;GAP_CRITIQUE_PEA;Confirmation officielle requise, jamais déduite;https://live.euronext.com/en/product/equities/BE0003680916-MLXB;https://geco.amf-france.org
BE0003832491;NEWTREE;corporate_status;GAP_CRITIQUE_PEA;Confirmation officielle requise, jamais déduite;https://live.euronext.com/en/product/equities/BE0003832491-MLXB;https://geco.amf-france.org
IT0005594418;NEXT GEOSOLUTIONS EUROPE;corporate_status;GAP_CRITIQUE_PEA;Confirmation officielle requise, jamais déduite;https://live.euronext.com/en/product/equities/IT0005594418-EXGM;https://geco.amf-france.org
ES0105719001;NORTEM BIOGROUP;corporate_status;GAP_CRITIQUE_PEA;Confirmation officielle requise, jamais déduite;https://live.euronext.com/en/product/equities/ES0105719001-XMLI;https://geco.amf-france.org
IT0005025355;NOTORIOUS PICTURES;corporate_status;GAP_CRITIQUE_PEA;Confirmation officielle requise, jamais déduite;https://live.euronext.com/en/product/equities/IT0005025355-EXGM;https://geco.amf-france.org
IT0005605701;NOVAMARINE;corporate_status;GAP_CRITIQUE_PEA;Confirmation officielle requise, jamais déduite;https://live.euronext.com/en/product/equities/IT0005605701-EXGM;https://geco.amf-france.org
FR0000185464;NOVATECH IND.;corporate_status;GAP_CRITIQUE_PEA;Confirmation officielle requise, jamais déduite;https://live.euronext.com/en/product/equities/FR0000185464-XMLI;https://geco.amf-france.org
IT0005453110;NUSCO;corporate_status;GAP_CRITIQUE_PEA;Confirmation officielle requise, jamais déduite;https://live.euronext.com/en/product/equities/IT0005453110-EXGM;https://geco.amf-france.org
FR0013310281;OCTOPUS BIOSAFETY;corporate_status;GAP_CRITIQUE_PEA;Confirmation officielle requise, jamais déduite;https://live.euronext.com/en/product/equities/FR0013310281-XMLI;https://geco.amf-france.org
FR0014010DV3;ODIOT HOLDING;corporate_status;GAP_CRITIQUE_PEA;Confirmation officielle requise, jamais déduite;https://live.euronext.com/en/product/equities/FR0014010DV3-XMLI;https://geco.amf-france.org
IT0005374035;OFFICINA STELLARE;corporate_status;GAP_CRITIQUE_PEA;Confirmation officielle requise, jamais déduite;https://live.euronext.com/en/product/equities/IT0005374035-EXGM;https://geco.amf-france.org
IT0005453748;OMER;corporate_status;GAP_CRITIQUE_PEA;Confirmation officielle requise, jamais déduite;https://live.euronext.com/en/product/equities/IT0005453748-EXGM;https://geco.amf-france.org
FR0004174712;ONLINEFORMAPRO;corporate_status;GAP_CRITIQUE_PEA;Confirmation officielle requise, jamais déduite;https://live.euronext.com/en/product/equities/FR0004174712-XMLI;https://geco.amf-france.org
IT0005713646;OPT;corporate_status;GAP_CRITIQUE_PEA;Confirmation officielle requise, jamais déduite;https://live.euronext.com/en/product/equities/IT0005713646-EXGM;https://geco.amf-france.org
IT0005424830;OSAI AUTOMATION SYSTEM;corporate_status;GAP_CRITIQUE_PEA;Confirmation officielle requise, jamais déduite;https://live.euronext.com/en/product/equities/IT0005424830-EXGM;https://geco.amf-france.org
IT0005663361;OTOFARMA;corporate_status;GAP_CRITIQUE_PEA;Confirmation officielle requise, jamais déduite;https://live.euronext.com/en/product/equities/IT0005663361-EXGM;https://geco.amf-france.org
FR0000077992;PACTE NOVATION;corporate_status;GAP_CRITIQUE_PEA;Confirmation officielle requise, jamais déduite;https://live.euronext.com/en/product/equities/FR0000077992-XMLI;https://geco.amf-france.org
NL0012650535;PARX MATERIALS NV;corporate_status;GAP_CRITIQUE_PEA;Confirmation officielle requise, jamais déduite;https://live.euronext.com/en/product/equities/NL0012650535-XMLI;https://geco.amf-france.org
IT0005546319;PASQUARELLI AUTO;corporate_status;GAP_CRITIQUE_PEA;Confirmation officielle requise, jamais déduite;https://live.euronext.com/en/product/equities/IT0005546319-EXGM;https://geco.amf-france.org
FR0000038465;PASSAT;corporate_status;GAP_CRITIQUE_PEA;Confirmation officielle requise, jamais déduite;https://live.euronext.com/en/product/equities/FR0000038465-ALXP;https://geco.amf-france.org
IT0005378143;PATTERN;corporate_status;GAP_CRITIQUE_PEA;Confirmation officielle requise, jamais déduite;https://live.euronext.com/en/product/equities/IT0005378143-EXGM;https://geco.amf-france.org
FR0000185480;PHONE WEB;corporate_status;GAP_CRITIQUE_PEA;Confirmation officielle requise, jamais déduite;https://live.euronext.com/en/product/equities/FR0000185480-XMLI;https://geco.amf-france.org
BE0948608451;PHOTONIKE CAPITAL;corporate_status;GAP_CRITIQUE_PEA;Confirmation officielle requise, jamais déduite;https://live.euronext.com/en/product/equities/BE0948608451-XMLI;https://geco.amf-france.org
FR0000030769;PLACOPLATRE;corporate_status;GAP_CRITIQUE_PEA;Confirmation officielle requise, jamais déduite;https://live.euronext.com/en/product/equities/FR0000030769-XMLI;https://geco.amf-france.org
IT0005430951;PLANETEL;corporate_status;GAP_CRITIQUE_PEA;Confirmation officielle requise, jamais déduite;https://live.euronext.com/en/product/equities/IT0005430951-EXGM;https://geco.amf-france.org
FR0013252186;PLAST.VAL LOIRE;corporate_status;GAP_CRITIQUE_PEA;Confirmation officielle requise, jamais déduite;https://live.euronext.com/en/product/equities/FR0013252186-ALXP;https://geco.amf-france.org
IT0004587470;POLIGRAFICI PRINTING;corporate_status;GAP_CRITIQUE_PEA;Confirmation officielle requise, jamais déduite;https://live.euronext.com/en/product/equities/IT0004587470-EXGM;https://geco.amf-france.org
IT0005545238;PORTO AVIATION GROUP;corporate_status;GAP_CRITIQUE_PEA;Confirmation officielle requise, jamais déduite;https://live.euronext.com/en/product/equities/IT0005545238-EXGM;https://geco.amf-france.org
IT0005337495;PORTOBELLO;corporate_status;GAP_CRITIQUE_PEA;Confirmation officielle requise, jamais déduite;https://live.euronext.com/en/product/equities/IT0005337495-EXGM;https://geco.amf-france.org
IT0005353815;POWERSOFT;corporate_status;GAP_CRITIQUE_PEA;Confirmation officielle requise, jamais déduite;https://live.euronext.com/en/product/equities/IT0005353815-EXGM;https://geco.amf-france.org
IT0005499949;POZZI MILANO;corporate_status;GAP_CRITIQUE_PEA;Confirmation officielle requise, jamais déduite;https://live.euronext.com/en/product/equities/IT0005499949-EXGM;https://geco.amf-france.org
FR001400WXE7;PREATONI GROUP;corporate_status;GAP_CRITIQUE_PEA;Confirmation officielle requise, jamais déduite;https://live.euronext.com/en/product/equities/FR001400WXE7-ALXP;https://geco.amf-france.org
IT0005611071;PREDICT;corporate_status;GAP_CRITIQUE_PEA;Confirmation officielle requise, jamais déduite;https://live.euronext.com/en/product/equities/IT0005611071-EXGM;https://geco.amf-france.org
FR0014011SJ4;PRELUDE S.A.;corporate_status;GAP_CRITIQUE_PEA;Confirmation officielle requise, jamais déduite;https://live.euronext.com/en/product/equities/FR0014011SJ4-XMLI;https://geco.amf-france.org
IT0005442154;PREMIA FINANCE;corporate_status;GAP_CRITIQUE_PEA;Confirmation officielle requise, jamais déduite;https://live.euronext.com/en/product/equities/IT0005442154-EXGM;https://geco.amf-france.org
IT0005425365;PROMOTICA;corporate_status;GAP_CRITIQUE_PEA;Confirmation officielle requise, jamais déduite;https://live.euronext.com/en/product/equities/IT0005425365-EXGM;https://geco.amf-france.org
FR0000061376;PROPRIETE IMMEUBLES;corporate_status;GAP_CRITIQUE_PEA;Confirmation officielle requise, jamais déduite;https://live.euronext.com/en/product/equities/FR0000061376-XMLI;https://geco.amf-france.org
NL0015002E73;PRYME N.V.;corporate_status;GAP_CRITIQUE_PEA;Confirmation officielle requise, jamais déduite;https://live.euronext.com/en/product/equities/NL0015002E73-MERK;https://geco.amf-france.org
FR0013371507;PYRATZ CORP.;corporate_status;GAP_CRITIQUE_PEA;Confirmation officielle requise, jamais déduite;https://live.euronext.com/en/product/equities/FR0013371507-XMLI;https://geco.amf-france.org
DE000A2G8ZX8;PYRUM INNOVATIONS AG;corporate_status;GAP_CRITIQUE_PEA;Confirmation officielle requise, jamais déduite;https://live.euronext.com/en/product/equities/DE000A2G8ZX8-MERK;https://geco.amf-france.org
IT0005676140;Piu' Medical;corporate_status;GAP_CRITIQUE_PEA;Confirmation officielle requise, jamais déduite;https://live.euronext.com/en/product/equities/IT0005676140-EXGM;https://geco.amf-france.org
IT0005379737;RADICI;corporate_status;GAP_CRITIQUE_PEA;Confirmation officielle requise, jamais déduite;https://live.euronext.com/en/product/equities/IT0005379737-EXGM;https://geco.amf-france.org
PTRIZ0AM0009;RAIZE-INSTITUICAO DE PAGAMENTOS S.A.;corporate_status;GAP_CRITIQUE_PEA;Confirmation officielle requise, jamais déduite;https://live.euronext.com/en/product/equities/PTRIZ0AM0009-ENXL;https://geco.amf-france.org
BE0003841583;REALCO;corporate_status;GAP_CRITIQUE_PEA;Confirmation officielle requise, jamais déduite;https://live.euronext.com/en/product/equities/BE0003841583-MLXB;https://geco.amf-france.org
IT0005496101;REDELFI;corporate_status;GAP_CRITIQUE_PEA;Confirmation officielle requise, jamais déduite;https://live.euronext.com/en/product/equities/IT0005496101-EXGM;https://geco.amf-france.org
IT0005549354;REDFISH LONGTERM CAPITAL;corporate_status;GAP_CRITIQUE_PEA;Confirmation officielle requise, jamais déduite;https://live.euronext.com/en/product/equities/IT0005549354-EXGM;https://geco.amf-france.org
NL0015001BF4;REFUELS N.V.;corporate_status;GAP_CRITIQUE_PEA;Confirmation officielle requise, jamais déduite;https://live.euronext.com/en/product/equities/NL0015001BF4-MERK;https://geco.amf-france.org
BE0003829463;REIBEL;corporate_status;GAP_CRITIQUE_PEA;Confirmation officielle requise, jamais déduite;https://live.euronext.com/en/product/equities/BE0003829463-MLXB;https://geco.amf-france.org
IT0005500571;RENOVALO;corporate_status;GAP_CRITIQUE_PEA;Confirmation officielle requise, jamais déduite;https://live.euronext.com/en/product/equities/IT0005500571-EXGM;https://geco.amf-france.org
IT0005543613;RES;corporate_status;GAP_CRITIQUE_PEA;Confirmation officielle requise, jamais déduite;https://live.euronext.com/en/product/equities/IT0005543613-EXGM;https://geco.amf-france.org
IT0005418204;RETI;corporate_status;GAP_CRITIQUE_PEA;Confirmation officielle requise, jamais déduite;https://live.euronext.com/en/product/equities/IT0005418204-EXGM;https://geco.amf-france.org
IT0005528069;REWAY GROUP;corporate_status;GAP_CRITIQUE_PEA;Confirmation officielle requise, jamais déduite;https://live.euronext.com/en/product/equities/IT0005528069-EXGM;https://geco.amf-france.org
ES0105724001;RIBA MUNDO TECNOLOGIA;corporate_status;GAP_CRITIQUE_PEA;Confirmation officielle requise, jamais déduite;https://live.euronext.com/en/product/equities/ES0105724001-EXGM;https://geco.amf-france.org
IT0005663429;RINO PETINO;corporate_status;GAP_CRITIQUE_PEA;Confirmation officielle requise, jamais déduite;https://live.euronext.com/en/product/equities/IT0005663429-EXGM;https://geco.amf-france.org
FR00140164Q1;RISING STONE S.A;corporate_status;GAP_CRITIQUE_PEA;Confirmation officielle requise, jamais déduite;https://live.euronext.com/en/product/equities/FR00140164Q1-ALXP;https://geco.amf-france.org
IT0005481830;ROCKET SHARING COMPANY;corporate_status;GAP_CRITIQUE_PEA;Confirmation officielle requise, jamais déduite;https://live.euronext.com/en/product/equities/IT0005481830-EXGM;https://geco.amf-france.org
IT0001017851;ROSETTI MARINO;corporate_status;GAP_CRITIQUE_PEA;Confirmation officielle requise, jamais déduite;https://live.euronext.com/en/product/equities/IT0001017851-EXGM;https://geco.amf-france.org
FR001400EA65;ROTH MIONS S.A.;corporate_status;GAP_CRITIQUE_PEA;Confirmation officielle requise, jamais déduite;https://live.euronext.com/en/product/equities/FR001400EA65-XMLI;https://geco.amf-france.org
IT0005680373;RT&L;corporate_status;GAP_CRITIQUE_PEA;Confirmation officielle requise, jamais déduite;https://live.euronext.com/en/product/equities/IT0005680373-EXGM;https://geco.amf-france.org
IT0005521551;SACCHERIA F.LLI FRANCESCHETTI;corporate_status;GAP_CRITIQUE_PEA;Confirmation officielle requise, jamais déduite;https://live.euronext.com/en/product/equities/IT0005521551-EXGM;https://geco.amf-france.org
FR0013155975;SAVONNERIE NYONS;corporate_status;GAP_CRITIQUE_PEA;Confirmation officielle requise, jamais déduite;https://live.euronext.com/en/product/equities/FR0013155975-XMLI;https://geco.amf-france.org
IT0005568461;SBE-VARVIT;corporate_status;GAP_CRITIQUE_PEA;Confirmation officielle requise, jamais déduite;https://live.euronext.com/en/product/equities/IT0005568461-EXGM;https://geco.amf-france.org
FR0010972091;SCEMI;corporate_status;GAP_CRITIQUE_PEA;Confirmation officielle requise, jamais déduite;https://live.euronext.com/en/product/equities/FR0010972091-XMLI;https://geco.amf-france.org
ES0105592002;SCIENTIA SCHOOL S.A.;corporate_status;GAP_CRITIQUE_PEA;Confirmation officielle requise, jamais déduite;https://live.euronext.com/en/product/equities/ES0105592002-XMLI;https://geco.amf-france.org
IT0005340051;SCIUKER FRAMES;corporate_status;GAP_CRITIQUE_PEA;Confirmation officielle requise, jamais déduite;https://live.euronext.com/en/product/equities/IT0005340051-EXGM;https://geco.amf-france.org
NL0010623518;SEQUA PETROLEUM NV;corporate_status;GAP_CRITIQUE_PEA;Confirmation officielle requise, jamais déduite;https://live.euronext.com/en/product/equities/NL0010623518-XMLI;https://geco.amf-france.org
FR0011950682;SERGEFERRARI GROUP;corporate_status;GAP_CRITIQUE_PEA;Confirmation officielle requise, jamais déduite;https://live.euronext.com/en/product/equities/FR0011950682-ALXP;https://geco.amf-france.org
IT0005337172;SG COMPANY;corporate_status;GAP_CRITIQUE_PEA;Confirmation officielle requise, jamais déduite;https://live.euronext.com/en/product/equities/IT0005337172-EXGM;https://geco.amf-france.org
IT0005504128;SIAV;corporate_status;GAP_CRITIQUE_PEA;Confirmation officielle requise, jamais déduite;https://live.euronext.com/en/product/equities/IT0005504128-EXGM;https://geco.amf-france.org
IT0005556581;SICILY BY CAR;corporate_status;GAP_CRITIQUE_PEA;Confirmation officielle requise, jamais déduite;https://live.euronext.com/en/product/equities/IT0005556581-EXGM;https://geco.amf-france.org
IT0005573123;SIMONE;corporate_status;GAP_CRITIQUE_PEA;Confirmation officielle requise, jamais déduite;https://live.euronext.com/en/product/equities/IT0005573123-EXGM;https://geco.amf-france.org
FR0014017FP5;SIRIUS MEDIA;corporate_status;GAP_CRITIQUE_PEA;Confirmation officielle requise, jamais déduite;https://live.euronext.com/en/product/equities/FR0014017FP5-ALXP;https://geco.amf-france.org
FR0011131788;SMALTO;corporate_status;GAP_CRITIQUE_PEA;Confirmation officielle requise, jamais déduite;https://live.euronext.com/en/product/equities/FR0011131788-XMLI;https://geco.amf-france.org
IT0005621070;SMART CAPITAL;corporate_status;GAP_CRITIQUE_PEA;Confirmation officielle requise, jamais déduite;https://live.euronext.com/en/product/equities/IT0005621070-EXGM;https://geco.amf-france.org
FR0000078321;SODITECH;corporate_status;GAP_CRITIQUE_PEA;Confirmation officielle requise, jamais déduite;https://live.euronext.com/en/product/equities/FR0000078321-ALXP;https://geco.amf-france.org
IT0005597411;SOGES GROUP;corporate_status;GAP_CRITIQUE_PEA;Confirmation officielle requise, jamais déduite;https://live.euronext.com/en/product/equities/IT0005597411-EXGM;https://geco.amf-france.org
IT0005497893;SOLID WORLD GROUP;corporate_status;GAP_CRITIQUE_PEA;Confirmation officielle requise, jamais déduite;https://live.euronext.com/en/product/equities/IT0005497893-EXGM;https://geco.amf-france.org
PTSNG0AM0007;SONAGI;corporate_status;GAP_CRITIQUE_PEA;Confirmation officielle requise, jamais déduite;https://live.euronext.com/en/product/equities/PTSNG0AM0007-ENXL;https://geco.amf-france.org
IT0005338675;SOSTRAVEL.COM;corporate_status;GAP_CRITIQUE_PEA;Confirmation officielle requise, jamais déduite;https://live.euronext.com/en/product/equities/IT0005338675-EXGM;https://geco.amf-france.org
FR0000054371;SPEED RABBIT PIZZA;corporate_status;GAP_CRITIQUE_PEA;Confirmation officielle requise, jamais déduite;https://live.euronext.com/en/product/equities/FR0000054371-XMLI;https://geco.amf-france.org
IT0005466195;STAR7;corporate_status;GAP_CRITIQUE_PEA;Confirmation officielle requise, jamais déduite;https://live.euronext.com/en/product/equities/IT0005466195-EXGM;https://geco.amf-france.org
FR0000063976;STREIT MECANIQUE;corporate_status;GAP_CRITIQUE_PEA;Confirmation officielle requise, jamais déduite;https://live.euronext.com/en/product/equities/FR0000063976-XMLI;https://geco.amf-france.org
IT0005469264;SVAS BIOSANA;corporate_status;GAP_CRITIQUE_PEA;Confirmation officielle requise, jamais déduite;https://live.euronext.com/en/product/equities/IT0005469264-EXGM;https://geco.amf-france.org
PTSCB0AM0001;Sporting Clube de Braga;corporate_status;GAP_CRITIQUE_PEA;Confirmation officielle requise, jamais déduite;https://live.euronext.com/en/product/equities/PTSCB0AM0001-ENXL;https://geco.amf-france.org
IT0005378333;TALEA GROUP;corporate_status;GAP_CRITIQUE_PEA;Confirmation officielle requise, jamais déduite;https://live.euronext.com/en/product/equities/IT0005378333-EXGM;https://geco.amf-france.org
IT0005425050;TECMA SOLUTIONS;corporate_status;GAP_CRITIQUE_PEA;Confirmation officielle requise, jamais déduite;https://live.euronext.com/en/product/equities/IT0005425050-EXGM;https://geco.amf-france.org
IT0005658841;TECNO;corporate_status;GAP_CRITIQUE_PEA;Confirmation officielle requise, jamais déduite;https://live.euronext.com/en/product/equities/IT0005658841-EXGM;https://geco.amf-france.org
IT0005240046;TELESIA;corporate_status;GAP_CRITIQUE_PEA;Confirmation officielle requise, jamais déduite;https://live.euronext.com/en/product/equities/IT0005240046-EXGM;https://geco.amf-france.org
FR0011076595;TELEVISTA;corporate_status;GAP_CRITIQUE_PEA;Confirmation officielle requise, jamais déduite;https://live.euronext.com/en/product/equities/FR0011076595-XMLI;https://geco.amf-france.org
IT0005683401;TELMES;corporate_status;GAP_CRITIQUE_PEA;Confirmation officielle requise, jamais déduite;https://live.euronext.com/en/product/equities/IT0005683401-EXGM;https://geco.amf-france.org
IT0005428898;TENAX INTERNATIONAL;corporate_status;GAP_CRITIQUE_PEA;Confirmation officielle requise, jamais déduite;https://live.euronext.com/en/product/equities/IT0005428898-EXGM;https://geco.amf-france.org
NL00150001S5;THE KINGFISH COMPANY;corporate_status;GAP_CRITIQUE_PEA;Confirmation officielle requise, jamais déduite;https://live.euronext.com/en/product/equities/NL00150001S5-MERK;https://geco.amf-france.org
IT0005531238;TMP GROUP;corporate_status;GAP_CRITIQUE_PEA;Confirmation officielle requise, jamais déduite;https://live.euronext.com/en/product/equities/IT0005531238-EXGM;https://geco.amf-france.org
IT0005246142;TPS;corporate_status;GAP_CRITIQUE_PEA;Confirmation officielle requise, jamais déduite;https://live.euronext.com/en/product/equities/IT0005246142-EXGM;https://geco.amf-france.org
FR0014014ZV8;TRACTIAL (ex-BD MULTI MEDIA);corporate_status;GAP_CRITIQUE_PEA;Confirmation officielle requise, jamais déduite;https://live.euronext.com/en/product/equities/FR0014014ZV8-ALXP;https://geco.amf-france.org
IT0005651507;TRADELAB;corporate_status;GAP_CRITIQUE_PEA;Confirmation officielle requise, jamais déduite;https://live.euronext.com/en/product/equities/IT0005651507-EXGM;https://geco.amf-france.org
IT0005717571;TRAWELL CO;corporate_status;GAP_CRITIQUE_PEA;Confirmation officielle requise, jamais déduite;https://live.euronext.com/en/product/equities/IT0005717571-EXGM;https://geco.amf-france.org
FR0000031106;TROC ILE;corporate_status;GAP_CRITIQUE_PEA;Confirmation officielle requise, jamais déduite;https://live.euronext.com/en/product/equities/FR0000031106-XMLI;https://geco.amf-france.org
IT0005380461;UCAPITAL24;corporate_status;GAP_CRITIQUE_PEA;Confirmation officielle requise, jamais déduite;https://live.euronext.com/en/product/equities/IT0005380461-EXGM;https://geco.amf-france.org
FR0011776889;UMALIS GROUP;corporate_status;GAP_CRITIQUE_PEA;Confirmation officielle requise, jamais déduite;https://live.euronext.com/en/product/equities/FR0011776889-XMLI;https://geco.amf-france.org
IT0005628158;Ubaldi Costruzioni;corporate_status;GAP_CRITIQUE_PEA;Confirmation officielle requise, jamais déduite;https://live.euronext.com/en/product/equities/IT0005628158-EXGM;https://geco.amf-france.org
IT0005562514;VALICA;corporate_status;GAP_CRITIQUE_PEA;Confirmation officielle requise, jamais déduite;https://live.euronext.com/en/product/equities/IT0005562514-EXGM;https://geco.amf-france.org
IT0005532525;VALTECNE;corporate_status;GAP_CRITIQUE_PEA;Confirmation officielle requise, jamais déduite;https://live.euronext.com/en/product/equities/IT0005532525-EXGM;https://geco.amf-france.org
IT0005433765;VANTEA SMART;corporate_status;GAP_CRITIQUE_PEA;Confirmation officielle requise, jamais déduite;https://live.euronext.com/en/product/equities/IT0005433765-EXGM;https://geco.amf-france.org
FR0014010YR7;VERGNET;corporate_status;GAP_CRITIQUE_PEA;Confirmation officielle requise, jamais déduite;https://live.euronext.com/en/product/equities/FR0014010YR7-ALXP;https://geco.amf-france.org
IT0004717200;VIMI FASTENERS;corporate_status;GAP_CRITIQUE_PEA;Confirmation officielle requise, jamais déduite;https://live.euronext.com/en/product/equities/IT0004717200-EXGM;https://geco.amf-france.org
IT0005652414;VINEXT;corporate_status;GAP_CRITIQUE_PEA;Confirmation officielle requise, jamais déduite;https://live.euronext.com/en/product/equities/IT0005652414-EXGM;https://geco.amf-france.org
IT0005622581;VIVENDA GROUP;corporate_status;GAP_CRITIQUE_PEA;Confirmation officielle requise, jamais déduite;https://live.euronext.com/en/product/equities/IT0005622581-EXGM;https://geco.amf-france.org
IT0005556110;VNE;corporate_status;GAP_CRITIQUE_PEA;Confirmation officielle requise, jamais déduite;https://live.euronext.com/en/product/equities/IT0005556110-EXGM;https://geco.amf-france.org
FR0010688465;WEACCESS GROUP;corporate_status;GAP_CRITIQUE_PEA;Confirmation officielle requise, jamais déduite;https://live.euronext.com/en/product/equities/FR0010688465-XMLI;https://geco.amf-france.org
IT0005384901;WEBSOLUTE;corporate_status;GAP_CRITIQUE_PEA;Confirmation officielle requise, jamais déduite;https://live.euronext.com/en/product/equities/IT0005384901-EXGM;https://geco.amf-france.org
FR0010768770;WEYA;corporate_status;GAP_CRITIQUE_PEA;Confirmation officielle requise, jamais déduite;https://live.euronext.com/en/product/equities/FR0010768770-XMLI;https://geco.amf-france.org
IT0005568487;XENIA HOTELLERIE SOLUTION;corporate_status;GAP_CRITIQUE_PEA;Confirmation officielle requise, jamais déduite;https://live.euronext.com/en/product/equities/IT0005568487-EXGM;https://geco.amf-france.org
IT0005573966;YAKKYO;corporate_status;GAP_CRITIQUE_PEA;Confirmation officielle requise, jamais déduite;https://live.euronext.com/en/product/equities/IT0005573966-EXGM;https://geco.amf-france.org
IT0005495871;YOLO GROUP;corporate_status;GAP_CRITIQUE_PEA;Confirmation officielle requise, jamais déduite;https://live.euronext.com/en/product/equities/IT0005495871-EXGM;https://geco.amf-france.org
IT0005672461;gAIn360;corporate_status;GAP_CRITIQUE_PEA;Confirmation officielle requise, jamais déduite;https://live.euronext.com/en/product/equities/IT0005672461-EXGM;https://geco.amf-france.org
FR0013341781;2CRSI;corporate_status;GAP_CRITIQUE_PEA;Confirmation officielle requise, jamais déduite;https://live.euronext.com/en/product/equities/FR0013341781-ALXP;https://geco.amf-france.org
FR0014011O84;ACHETER-LOUER.FR;corporate_status;GAP_CRITIQUE_PEA;Confirmation officielle requise, jamais déduite;https://live.euronext.com/en/product/equities/FR0014011O84-ALXP;https://geco.amf-france.org
FR0000076655;ACTIA GROUP S.A.;corporate_status;GAP_CRITIQUE_PEA;Confirmation officielle requise, jamais déduite;https://live.euronext.com/en/product/equities/FR0000076655-ALXP;https://geco.amf-france.org
FR0013284627;ADEUNIS;corporate_status;GAP_CRITIQUE_PEA;Confirmation officielle requise, jamais déduite;https://live.euronext.com/en/product/equities/FR0013284627-ALXP;https://geco.amf-france.org
FR0012821890;ADUX;corporate_status;GAP_CRITIQUE_PEA;Confirmation officielle requise, jamais déduite;https://live.euronext.com/en/product/equities/FR0012821890-ALXP;https://geco.amf-france.org
FR0013296746;ADVICENNE;corporate_status;GAP_CRITIQUE_PEA;Confirmation officielle requise, jamais déduite;https://live.euronext.com/en/product/equities/FR0013296746-ALXP;https://geco.amf-france.org
FR0000053043;ADVINI;corporate_status;GAP_CRITIQUE_PEA;Confirmation officielle requise, jamais déduite;https://live.euronext.com/en/product/equities/FR0000053043-ALXP;https://geco.amf-france.org
FR0014005AC9;AFYREN;corporate_status;GAP_CRITIQUE_PEA;Confirmation officielle requise, jamais déduite;https://live.euronext.com/en/product/equities/FR0014005AC9-ALXP;https://geco.amf-france.org
FR0013452281;AGRIPOWER;corporate_status;GAP_CRITIQUE_PEA;Confirmation officielle requise, jamais déduite;https://live.euronext.com/en/product/equities/FR0013452281-ALXP;https://geco.amf-france.org
FR0000061244;ALTHEORA;corporate_status;GAP_CRITIQUE_PEA;Confirmation officielle requise, jamais déduite;https://live.euronext.com/en/product/equities/FR0000061244-ALXP;https://geco.amf-france.org
FR0011051598;AMOEBA;corporate_status;GAP_CRITIQUE_PEA;Confirmation officielle requise, jamais déduite;https://live.euronext.com/en/product/equities/FR0011051598-ALXP;https://geco.amf-france.org
FR0010340711;AQUILA;corporate_status;GAP_CRITIQUE_PEA;Confirmation officielle requise, jamais déduite;https://live.euronext.com/en/product/equities/FR0010340711-ALXP;https://geco.amf-france.org
FR001400KO61;ARCHOS;corporate_status;GAP_CRITIQUE_PEA;Confirmation officielle requise, jamais déduite;https://live.euronext.com/en/product/equities/FR001400KO61-ALXP;https://geco.amf-france.org
FR0013398997;ARCURE;corporate_status;GAP_CRITIQUE_PEA;Confirmation officielle requise, jamais déduite;https://live.euronext.com/en/product/equities/FR0013398997-ALXP;https://geco.amf-france.org
FR0004153930;ATON;corporate_status;GAP_CRITIQUE_PEA;Confirmation officielle requise, jamais déduite;https://live.euronext.com/en/product/equities/FR0004153930-ALXP;https://geco.amf-france.org
FR00140059B5;AUDACIA;corporate_status;GAP_CRITIQUE_PEA;Confirmation officielle requise, jamais déduite;https://live.euronext.com/en/product/equities/FR00140059B5-ALXP;https://geco.amf-france.org
FR0010641449;AgroGeneration;corporate_status;GAP_CRITIQUE_PEA;Confirmation officielle requise, jamais déduite;https://live.euronext.com/en/product/equities/FR0010641449-ALXP;https://geco.amf-france.org
FR0013384369;BAIKOWSKI;corporate_status;GAP_CRITIQUE_PEA;Confirmation officielle requise, jamais déduite;https://live.euronext.com/en/product/equities/FR0013384369-ALXP;https://geco.amf-france.org
FR0000066961;BERNARD LOISEAU;corporate_status;GAP_CRITIQUE_PEA;Confirmation officielle requise, jamais déduite;https://live.euronext.com/en/product/equities/FR0000066961-ALXP;https://geco.amf-france.org
FR0004174233;BILENDI;corporate_status;GAP_CRITIQUE_PEA;Confirmation officielle requise, jamais déduite;https://live.euronext.com/en/product/equities/FR0004174233-ALXP;https://geco.amf-france.org
FR0013345493;BIO-UV GROUP;corporate_status;GAP_CRITIQUE_PEA;Confirmation officielle requise, jamais déduite;https://live.euronext.com/en/product/equities/FR0013345493-ALXP;https://geco.amf-france.org
FR001400OLP5;BIOPHYTIS;corporate_status;GAP_CRITIQUE_PEA;Confirmation officielle requise, jamais déduite;https://live.euronext.com/en/product/equities/FR001400OLP5-ALXP;https://geco.amf-france.org
FR0011005933;BIOSYNEX;corporate_status;GAP_CRITIQUE_PEA;Confirmation officielle requise, jamais déduite;https://live.euronext.com/en/product/equities/FR0011005933-ALXP;https://geco.amf-france.org
FR0011041011;BLUELINEA;corporate_status;GAP_CRITIQUE_PEA;Confirmation officielle requise, jamais déduite;https://live.euronext.com/en/product/equities/FR0011041011-ALXP;https://geco.amf-france.org
FR0011365907;BOA CONCEPT;corporate_status;GAP_CRITIQUE_PEA;Confirmation officielle requise, jamais déduite;https://live.euronext.com/en/product/equities/FR0011365907-ALXP;https://geco.amf-france.org
FR0000054421;BOURRELIER GROUP;corporate_status;GAP_CRITIQUE_PEA;Confirmation officielle requise, jamais déduite;https://live.euronext.com/en/product/equities/FR0000054421-ALXP;https://geco.amf-france.org
FR001400AJZ7;BROADPEAK;corporate_status;GAP_CRITIQUE_PEA;Confirmation officielle requise, jamais déduite;https://live.euronext.com/en/product/equities/FR001400AJZ7-ALXP;https://geco.amf-france.org
FR0010151589;CAFOM;corporate_status;GAP_CRITIQUE_PEA;Confirmation officielle requise, jamais déduite;https://live.euronext.com/en/product/equities/FR0010151589-ALXP;https://geco.amf-france.org
FR0014004QR6;CALIBRE;corporate_status;GAP_CRITIQUE_PEA;Confirmation officielle requise, jamais déduite;https://live.euronext.com/en/product/equities/FR0014004QR6-ALXP;https://geco.amf-france.org
BE0974298300;CANDELA INVEST;corporate_status;GAP_CRITIQUE_PEA;Confirmation officielle requise, jamais déduite;https://live.euronext.com/en/product/equities/BE0974298300-ALXB;https://geco.amf-france.org
FR0011053636;CAPITAL B;corporate_status;GAP_CRITIQUE_PEA;Confirmation officielle requise, jamais déduite;https://live.euronext.com/en/product/equities/FR0011053636-ALXP;https://geco.amf-france.org
FR0011648716;CARBIOS;corporate_status;GAP_CRITIQUE_PEA;Confirmation officielle requise, jamais déduite;https://live.euronext.com/en/product/equities/FR0011648716-ALXP;https://geco.amf-france.org
FR0010193052;CATANA GROUP;corporate_status;GAP_CRITIQUE_PEA;Confirmation officielle requise, jamais déduite;https://live.euronext.com/en/product/equities/FR0010193052-ALXP;https://geco.amf-france.org
FR0000064446;CATERING INTERNATIONAL & SERVICES S.A.;corporate_status;GAP_CRITIQUE_PEA;Confirmation officielle requise, jamais déduite;https://live.euronext.com/en/product/equities/FR0000064446-ALXP;https://geco.amf-france.org
FR0000053506;CEGEDIM;corporate_status;GAP_CRITIQUE_PEA;Confirmation officielle requise, jamais déduite;https://live.euronext.com/en/product/equities/FR0000053506-ALXP;https://geco.amf-france.org
FR0010425595;CELLECTIS;corporate_status;GAP_CRITIQUE_PEA;Confirmation officielle requise, jamais déduite;https://live.euronext.com/en/product/equities/FR0010425595-ALXP;https://geco.amf-france.org
FR001400AJ60;CHARWOOD ENERGY S.A.;corporate_status;GAP_CRITIQUE_PEA;Confirmation officielle requise, jamais déduite;https://live.euronext.com/en/product/equities/FR001400AJ60-ALXP;https://geco.amf-france.org
FR0000054322;CIBOX INTER A CTIV;corporate_status;GAP_CRITIQUE_PEA;Confirmation officielle requise, jamais déduite;https://live.euronext.com/en/product/equities/FR0000054322-ALXP;https://geco.amf-france.org
BE0003519270;CO.BR.HA (D);corporate_status;GAP_CRITIQUE_PEA;Confirmation officielle requise, jamais déduite;https://live.euronext.com/en/product/equities/BE0003519270-ALXB;https://geco.amf-france.org
FR0013257409;COFIDUR S.A.;corporate_status;GAP_CRITIQUE_PEA;Confirmation officielle requise, jamais déduite;https://live.euronext.com/en/product/equities/FR0013257409-ALXP;https://geco.amf-france.org
FR0011071570;COGRA;corporate_status;GAP_CRITIQUE_PEA;Confirmation officielle requise, jamais déduite;https://live.euronext.com/en/product/equities/FR0011071570-ALXP;https://geco.amf-france.org
BE0160342011;COIL;corporate_status;GAP_CRITIQUE_PEA;Confirmation officielle requise, jamais déduite;https://live.euronext.com/en/product/equities/BE0160342011-ALXP;https://geco.amf-france.org
FR0011716265;CROSSJECT;corporate_status;GAP_CRITIQUE_PEA;Confirmation officielle requise, jamais déduite;https://live.euronext.com/en/product/equities/FR0011716265-ALXP;https://geco.amf-france.org
FR0014007LW0;CRYPTO BLOCKCHAIN INDUSTRIES;corporate_status;GAP_CRITIQUE_PEA;Confirmation officielle requise, jamais déduite;https://live.euronext.com/en/product/equities/FR0014007LW0-ALXP;https://geco.amf-france.org
FR0010404368;D.L.S.I.;corporate_status;GAP_CRITIQUE_PEA;Confirmation officielle requise, jamais déduite;https://live.euronext.com/en/product/equities/FR0010404368-ALXP;https://geco.amf-france.org
FR0000185423;DAMARTEX;corporate_status;GAP_CRITIQUE_PEA;Confirmation officielle requise, jamais déduite;https://live.euronext.com/en/product/equities/FR0000185423-ALXP;https://geco.amf-france.org
FR001400LO86;DBT;corporate_status;GAP_CRITIQUE_PEA;Confirmation officielle requise, jamais déduite;https://live.euronext.com/en/product/equities/FR001400LO86-ALXP;https://geco.amf-france.org
FR0000054132;DELFINGEN INDUSTRY;corporate_status;GAP_CRITIQUE_PEA;Confirmation officielle requise, jamais déduite;https://live.euronext.com/en/product/equities/FR0000054132-ALXP;https://geco.amf-france.org
FR0013283108;DELTA PLUS GROUP;corporate_status;GAP_CRITIQUE_PEA;Confirmation officielle requise, jamais déduite;https://live.euronext.com/en/product/equities/FR0013283108-ALXP;https://geco.amf-france.org
FR0000060840;DEVERNOIS;corporate_status;GAP_CRITIQUE_PEA;Confirmation officielle requise, jamais déduite;https://live.euronext.com/en/product/equities/FR0000060840-ALXP;https://geco.amf-france.org
FR0012202497;DIAGNOSTIC MEDICAL SYSTEMS;corporate_status;GAP_CRITIQUE_PEA;Confirmation officielle requise, jamais déduite;https://live.euronext.com/en/product/equities/FR0012202497-ALXP;https://geco.amf-france.org
FR0010436584;DNXCORP;corporate_status;GAP_CRITIQUE_PEA;Confirmation officielle requise, jamais déduite;https://live.euronext.com/en/product/equities/FR0010436584-ALXP;https://geco.amf-france.org
FR001400SP13;DOLFINES;corporate_status;GAP_CRITIQUE_PEA;Confirmation officielle requise, jamais déduite;https://live.euronext.com/en/product/equities/FR001400SP13-ALXP;https://geco.amf-france.org
FR0013331212;DONTNOD Entertainment;corporate_status;GAP_CRITIQUE_PEA;Confirmation officielle requise, jamais déduite;https://live.euronext.com/en/product/equities/FR0013331212-ALXP;https://geco.amf-france.org
FR001400SVN0;DRONE VOLT;corporate_status;GAP_CRITIQUE_PEA;Confirmation officielle requise, jamais déduite;https://live.euronext.com/en/product/equities/FR001400SVN0-ALXP;https://geco.amf-france.org
FR0014004339;E-PANGO;corporate_status;GAP_CRITIQUE_PEA;Confirmation officielle requise, jamais déduite;https://live.euronext.com/en/product/equities/FR0014004339-ALXP;https://geco.amf-france.org
FR0013534617;ECOMIAM SA;corporate_status;GAP_CRITIQUE_PEA;Confirmation officielle requise, jamais déduite;https://live.euronext.com/en/product/equities/FR0013534617-ALXP;https://geco.amf-france.org
FR0011490648;ECOSLOPS;corporate_status;GAP_CRITIQUE_PEA;Confirmation officielle requise, jamais déduite;https://live.euronext.com/en/product/equities/FR0011490648-ALXP;https://geco.amf-france.org
IT0005351504;EDILIZIACROBATICA;corporate_status;GAP_CRITIQUE_PEA;Confirmation officielle requise, jamais déduite;https://live.euronext.com/en/product/equities/IT0005351504-ALXP;https://geco.amf-france.org
FR0000072373;EGIDE;corporate_status;GAP_CRITIQUE_PEA;Confirmation officielle requise, jamais déduite;https://live.euronext.com/en/product/equities/FR0000072373-ALXP;https://geco.amf-france.org
FR0013356755;EMOVA GROUP;corporate_status;GAP_CRITIQUE_PEA;Confirmation officielle requise, jamais déduite;https://live.euronext.com/en/product/equities/FR0013356755-ALXP;https://geco.amf-france.org
FR0004030708;ENCRES DUBUIT;corporate_status;GAP_CRITIQUE_PEA;Confirmation officielle requise, jamais déduite;https://live.euronext.com/en/product/equities/FR0004030708-ALXP;https://geco.amf-france.org
FR0013330792;ENENSYS;corporate_status;GAP_CRITIQUE_PEA;Confirmation officielle requise, jamais déduite;https://live.euronext.com/en/product/equities/FR0013330792-ALXP;https://geco.amf-france.org
FR0013399359;ENERGISME;corporate_status;GAP_CRITIQUE_PEA;Confirmation officielle requise, jamais déduite;https://live.euronext.com/en/product/equities/FR0013399359-ALXP;https://geco.amf-france.org
FR0014004974;ENOGIA;corporate_status;GAP_CRITIQUE_PEA;Confirmation officielle requise, jamais déduite;https://live.euronext.com/en/product/equities/FR0014004974-ALXP;https://geco.amf-france.org
FR0014004362;ENTECH;corporate_status;GAP_CRITIQUE_PEA;Confirmation officielle requise, jamais déduite;https://live.euronext.com/en/product/equities/FR0014004362-ALXP;https://geco.amf-france.org
FR0010465534;EO2;corporate_status;GAP_CRITIQUE_PEA;Confirmation officielle requise, jamais déduite;https://live.euronext.com/en/product/equities/FR0010465534-ALXP;https://geco.amf-france.org
FR0010424697;ETHERO;corporate_status;GAP_CRITIQUE_PEA;Confirmation officielle requise, jamais déduite;https://live.euronext.com/en/product/equities/FR0010424697-ALXP;https://geco.amf-france.org
FR0010844001;EURASIA GROUPE;corporate_status;GAP_CRITIQUE_PEA;Confirmation officielle requise, jamais déduite;https://live.euronext.com/en/product/equities/FR0010844001-ALXP;https://geco.amf-france.org
FR0013240934;EUROBIO-SCIENTIFIC;corporate_status;GAP_CRITIQUE_PEA;Confirmation officielle requise, jamais déduite;https://live.euronext.com/en/product/equities/FR0013240934-ALXP;https://geco.amf-france.org
FR0013256518;EUROFINS CEREP;corporate_status;GAP_CRITIQUE_PEA;Confirmation officielle requise, jamais déduite;https://live.euronext.com/en/product/equities/FR0013256518-ALXP;https://geco.amf-france.org
FR0010157115;EUROLAND CORPORATE;corporate_status;GAP_CRITIQUE_PEA;Confirmation officielle requise, jamais déduite;https://live.euronext.com/en/product/equities/FR0010157115-ALXP;https://geco.amf-france.org
FR0010490920;EUROPACORP;corporate_status;GAP_CRITIQUE_PEA;Confirmation officielle requise, jamais déduite;https://live.euronext.com/en/product/equities/FR0010490920-ALXP;https://geco.amf-france.org
FR0000064164;EXACOMPTA CLAIREFONTAINE;corporate_status;GAP_CRITIQUE_PEA;Confirmation officielle requise, jamais déduite;https://live.euronext.com/en/product/equities/FR0000064164-ALXP;https://geco.amf-france.org
BE0974497290;European Medical Solutions;corporate_status;GAP_CRITIQUE_PEA;Confirmation officielle requise, jamais déduite;https://live.euronext.com/en/product/equities/BE0974497290-ALXB;https://geco.amf-france.org
ES0105029005;FACEPHI;corporate_status;GAP_CRITIQUE_PEA;Confirmation officielle requise, jamais déduite;https://live.euronext.com/en/product/equities/ES0105029005-ALXP;https://geco.amf-france.org
FR0011271600;FERMENTALG;corporate_status;GAP_CRITIQUE_PEA;Confirmation officielle requise, jamais déduite;https://live.euronext.com/en/product/equities/FR0011271600-ALXP;https://geco.amf-france.org
FR001400AEM6;FILL UP MEDIA S.A.;corporate_status;GAP_CRITIQUE_PEA;Confirmation officielle requise, jamais déduite;https://live.euronext.com/en/product/equities/FR001400AEM6-ALXP;https://geco.amf-france.org
FR0000074759;FLEURY MICHON;corporate_status;GAP_CRITIQUE_PEA;Confirmation officielle requise, jamais déduite;https://live.euronext.com/en/product/equities/FR0000074759-ALXP;https://geco.amf-france.org
FR001400GO75;FLORENTAISE S.A.;corporate_status;GAP_CRITIQUE_PEA;Confirmation officielle requise, jamais déduite;https://live.euronext.com/en/product/equities/FR001400GO75-ALXP;https://geco.amf-france.org
FR0010485268;FOUNTAINE PAJOT;corporate_status;GAP_CRITIQUE_PEA;Confirmation officielle requise, jamais déduite;https://live.euronext.com/en/product/equities/FR0010485268-ALXP;https://geco.amf-france.org
FR0004187367;FREELANCE.COM;corporate_status;GAP_CRITIQUE_PEA;Confirmation officielle requise, jamais déduite;https://live.euronext.com/en/product/equities/FR0004187367-ALXP;https://geco.amf-france.org
FR0000124414;GASCOGNE;corporate_status;GAP_CRITIQUE_PEA;Confirmation officielle requise, jamais déduite;https://live.euronext.com/en/product/equities/FR0000124414-ALXP;https://geco.amf-france.org
FR001400M1R1;GECI INTL;corporate_status;GAP_CRITIQUE_PEA;Confirmation officielle requise, jamais déduite;https://live.euronext.com/en/product/equities/FR001400M1R1-ALXP;https://geco.amf-france.org
FR0004053510;GENOWAY;corporate_status;GAP_CRITIQUE_PEA;Confirmation officielle requise, jamais déduite;https://live.euronext.com/en/product/equities/FR0004053510-ALXP;https://geco.amf-france.org
FR0000033888;GEVELOT;corporate_status;GAP_CRITIQUE_PEA;Confirmation officielle requise, jamais déduite;https://live.euronext.com/en/product/equities/FR0000033888-ALXP;https://geco.amf-france.org
FR0011208693;GOLD BY GOLD;corporate_status;GAP_CRITIQUE_PEA;Confirmation officielle requise, jamais déduite;https://live.euronext.com/en/product/equities/FR0011208693-ALXP;https://geco.amf-france.org
IE000T78CHJ8;GREAT WESTERN MINING CORPORATION PLC;corporate_status;GAP_CRITIQUE_PEA;Confirmation officielle requise, jamais déduite;https://live.euronext.com/en/product/equities/IE000T78CHJ8-XESM;https://geco.amf-france.org
IE00BF2NR112;GREENCOAT RENEWABLES PLC;corporate_status;GAP_CRITIQUE_PEA;Confirmation officielle requise, jamais déduite;https://live.euronext.com/en/product/equities/IE00BF2NR112-XESM;https://geco.amf-france.org
FR0014005ZM5;GROLLEAU;corporate_status;GAP_CRITIQUE_PEA;Confirmation officielle requise, jamais déduite;https://live.euronext.com/en/product/equities/FR0014005ZM5-ALXP;https://geco.amf-france.org
FR0014003V77;GROUPE AIRWELL;corporate_status;GAP_CRITIQUE_PEA;Confirmation officielle requise, jamais déduite;https://live.euronext.com/en/product/equities/FR0014003V77-ALXP;https://geco.amf-france.org
FR0012819381;GROUPE GUILLIN;corporate_status;GAP_CRITIQUE_PEA;Confirmation officielle requise, jamais déduite;https://live.euronext.com/en/product/equities/FR0012819381-ALXP;https://geco.amf-france.org
FR0000075442;GROUPE LDLC;corporate_status;GAP_CRITIQUE_PEA;Confirmation officielle requise, jamais déduite;https://live.euronext.com/en/product/equities/FR0000075442-ALXP;https://geco.amf-france.org
FR0013439627;GROUPE OKWIND;corporate_status;GAP_CRITIQUE_PEA;Confirmation officielle requise, jamais déduite;https://live.euronext.com/en/product/equities/FR0013439627-ALXP;https://geco.amf-france.org
FR0013429404;GROUPE TERA;corporate_status;GAP_CRITIQUE_PEA;Confirmation officielle requise, jamais déduite;https://live.euronext.com/en/product/equities/FR0013429404-ALXP;https://geco.amf-france.org
FR0014000RP6;GROUPIMO;corporate_status;GAP_CRITIQUE_PEA;Confirmation officielle requise, jamais déduite;https://live.euronext.com/en/product/equities/FR0014000RP6-ALXP;https://geco.amf-france.org
FR0014007ND6;HAFFNER ENERGY;corporate_status;GAP_CRITIQUE_PEA;Confirmation officielle requise, jamais déduite;https://live.euronext.com/en/product/equities/FR0014007ND6-ALXP;https://geco.amf-france.org
FR0000066540;HERIGE;corporate_status;GAP_CRITIQUE_PEA;Confirmation officielle requise, jamais déduite;https://live.euronext.com/en/product/equities/FR0000066540-ALXP;https://geco.amf-france.org
FR0004159473;HEXAOM;corporate_status;GAP_CRITIQUE_PEA;Confirmation officielle requise, jamais déduite;https://live.euronext.com/en/product/equities/FR0004159473-ALXP;https://geco.amf-france.org
FR0000038531;HF COMPANY;corporate_status;GAP_CRITIQUE_PEA;Confirmation officielle requise, jamais déduite;https://live.euronext.com/en/product/equities/FR0000038531-ALXP;https://geco.amf-france.org
FR0012821916;HIPAY GROUP;corporate_status;GAP_CRITIQUE_PEA;Confirmation officielle requise, jamais déduite;https://live.euronext.com/en/product/equities/FR0012821916-ALXP;https://geco.amf-france.org
FR0010396309;HITECHPROS;corporate_status;GAP_CRITIQUE_PEA;Confirmation officielle requise, jamais déduite;https://live.euronext.com/en/product/equities/FR0010396309-ALXP;https://geco.amf-france.org
FR0013451044;HOFFMANN;corporate_status;GAP_CRITIQUE_PEA;Confirmation officielle requise, jamais déduite;https://live.euronext.com/en/product/equities/FR0013451044-ALXP;https://geco.amf-france.org
FR0014010QE1;HOPIUM;corporate_status;GAP_CRITIQUE_PEA;Confirmation officielle requise, jamais déduite;https://live.euronext.com/en/product/equities/FR0014010QE1-ALXP;https://geco.amf-france.org
FR0000065278;HOPSCOTCH GROUPE;corporate_status;GAP_CRITIQUE_PEA;Confirmation officielle requise, jamais déduite;https://live.euronext.com/en/product/equities/FR0000065278-ALXP;https://geco.amf-france.org
FR0014007LQ2;HUNYVERS;corporate_status;GAP_CRITIQUE_PEA;Confirmation officielle requise, jamais déduite;https://live.euronext.com/en/product/equities/FR0014007LQ2-ALXP;https://geco.amf-france.org
FR0014001PM5;HYDROGEN-REFUELING-SOLUTIONS;corporate_status;GAP_CRITIQUE_PEA;Confirmation officielle requise, jamais déduite;https://live.euronext.com/en/product/equities/FR0014001PM5-ALXP;https://geco.amf-france.org
FR0005854700;I2S;corporate_status;GAP_CRITIQUE_PEA;Confirmation officielle requise, jamais déduite;https://live.euronext.com/en/product/equities/FR0005854700-ALXP;https://geco.amf-france.org
FR001400A3Q3;ICAPE HOLDING;corporate_status;GAP_CRITIQUE_PEA;Confirmation officielle requise, jamais déduite;https://live.euronext.com/en/product/equities/FR001400A3Q3-ALXP;https://geco.amf-france.org
FR00140048X2;IKONISYS;corporate_status;GAP_CRITIQUE_PEA;Confirmation officielle requise, jamais déduite;https://live.euronext.com/en/product/equities/FR00140048X2-ALXP;https://geco.amf-france.org
FR0013060100;IMMERSION;corporate_status;GAP_CRITIQUE_PEA;Confirmation officielle requise, jamais déduite;https://live.euronext.com/en/product/equities/FR0013060100-ALXP;https://geco.amf-france.org
FR0013470168;IMPLANET;corporate_status;GAP_CRITIQUE_PEA;Confirmation officielle requise, jamais déduite;https://live.euronext.com/en/product/equities/FR0013470168-ALXP;https://geco.amf-france.org
FR0000064297;INNELEC MULTIMEDIA;corporate_status;GAP_CRITIQUE_PEA;Confirmation officielle requise, jamais déduite;https://live.euronext.com/en/product/equities/FR0000064297-ALXP;https://geco.amf-france.org
FR0000060451;INSTALLUX;corporate_status;GAP_CRITIQUE_PEA;Confirmation officielle requise, jamais déduite;https://live.euronext.com/en/product/equities/FR0000060451-ALXP;https://geco.amf-france.org
FR0010908723;INTEGRAGEN;corporate_status;GAP_CRITIQUE_PEA;Confirmation officielle requise, jamais déduite;https://live.euronext.com/en/product/equities/FR0010908723-ALXP;https://geco.amf-france.org
FR0011179886;INTRASENSE;corporate_status;GAP_CRITIQUE_PEA;Confirmation officielle requise, jamais déduite;https://live.euronext.com/en/product/equities/FR0011179886-ALXP;https://geco.amf-france.org
BE0974299316;INVIBES ADVERTISING N.V.;corporate_status;GAP_CRITIQUE_PEA;Confirmation officielle requise, jamais déduite;https://live.euronext.com/en/product/equities/BE0974299316-ALXP;https://geco.amf-france.org
ES0109429037;ISPD NETWORK;corporate_status;GAP_CRITIQUE_PEA;Confirmation officielle requise, jamais déduite;https://live.euronext.com/en/product/equities/ES0109429037-ALXP;https://geco.amf-france.org
FR0000072597;IT LINK;corporate_status;GAP_CRITIQUE_PEA;Confirmation officielle requise, jamais déduite;https://live.euronext.com/en/product/equities/FR0000072597-ALXP;https://geco.amf-france.org
FR0010722819;KALRAY;corporate_status;GAP_CRITIQUE_PEA;Confirmation officielle requise, jamais déduite;https://live.euronext.com/en/product/equities/FR0010722819-ALXP;https://geco.amf-france.org
FR0013156007;KERLINK;corporate_status;GAP_CRITIQUE_PEA;Confirmation officielle requise, jamais déduite;https://live.euronext.com/en/product/equities/FR0013156007-ALXP;https://geco.amf-france.org
FR0004029411;KEYRUS;corporate_status;GAP_CRITIQUE_PEA;Confirmation officielle requise, jamais déduite;https://live.euronext.com/en/product/equities/FR0004029411-ALXP;https://geco.amf-france.org
FR0013374667;KKO INTERNATIONAL;corporate_status;GAP_CRITIQUE_PEA;Confirmation officielle requise, jamais déduite;https://live.euronext.com/en/product/equities/FR0013374667-ALXP;https://geco.amf-france.org
FR0011038348;KLARSEN;corporate_status;GAP_CRITIQUE_PEA;Confirmation officielle requise, jamais déduite;https://live.euronext.com/en/product/equities/FR0011038348-ALXP;https://geco.amf-france.org
FR0013481835;KLEA HOLDING;corporate_status;GAP_CRITIQUE_PEA;Confirmation officielle requise, jamais déduite;https://live.euronext.com/en/product/equities/FR0013481835-ALXP;https://geco.amf-france.org
FR0013419876;KUMULUS VAPE;corporate_status;GAP_CRITIQUE_PEA;Confirmation officielle requise, jamais déduite;https://live.euronext.com/en/product/equities/FR0013419876-ALXP;https://geco.amf-france.org
FR0000075343;LABORATOIRES EUROMEDIS;corporate_status;GAP_CRITIQUE_PEA;Confirmation officielle requise, jamais déduite;https://live.euronext.com/en/product/equities/FR0000075343-ALXP;https://geco.amf-france.org
FR0004027068;LANSON-BCC;corporate_status;GAP_CRITIQUE_PEA;Confirmation officielle requise, jamais déduite;https://live.euronext.com/en/product/equities/FR0004027068-ALXP;https://geco.amf-france.org
FR0013308582;LARGO;corporate_status;GAP_CRITIQUE_PEA;Confirmation officielle requise, jamais déduite;https://live.euronext.com/en/product/equities/FR0013308582-ALXP;https://geco.amf-france.org
FR0000121295;LEBON;corporate_status;GAP_CRITIQUE_PEA;Confirmation officielle requise, jamais déduite;https://live.euronext.com/en/product/equities/FR0000121295-ALXP;https://geco.amf-france.org
FR001400F2Z1;LEPERMISLIBRE S.A.;corporate_status;GAP_CRITIQUE_PEA;Confirmation officielle requise, jamais déduite;https://live.euronext.com/en/product/equities/FR001400F2Z1-ALXP;https://geco.amf-france.org
FR0007080254;LES HOTELS BAVEREZ;corporate_status;GAP_CRITIQUE_PEA;Confirmation officielle requise, jamais déduite;https://live.euronext.com/en/product/equities/FR0007080254-ALXP;https://geco.amf-france.org
FR0000033599;LEXIBOOK LINGUIST.;corporate_status;GAP_CRITIQUE_PEA;Confirmation officielle requise, jamais déduite;https://live.euronext.com/en/product/equities/FR0000033599-ALXP;https://geco.amf-france.org
FR0013230950;LIGHTON;corporate_status;GAP_CRITIQUE_PEA;Confirmation officielle requise, jamais déduite;https://live.euronext.com/en/product/equities/FR0013230950-ALXP;https://geco.amf-france.org
ES0105089009;LLEIDA;corporate_status;GAP_CRITIQUE_PEA;Confirmation officielle requise, jamais déduite;https://live.euronext.com/en/product/equities/ES0105089009-ALXP;https://geco.amf-france.org
FR0000044943;LOGIC INSTRUMENT;corporate_status;GAP_CRITIQUE_PEA;Confirmation officielle requise, jamais déduite;https://live.euronext.com/en/product/equities/FR0000044943-ALXP;https://geco.amf-france.org
FR001400TL40;LOUIS HACHETTE GROUP;corporate_status;GAP_CRITIQUE_PEA;Confirmation officielle requise, jamais déduite;https://live.euronext.com/en/product/equities/FR001400TL40-ALXP;https://geco.amf-france.org
ES0105463006;MAKING SCIENCE GROUP S.A.;corporate_status;GAP_CRITIQUE_PEA;Confirmation officielle requise, jamais déduite;https://live.euronext.com/en/product/equities/ES0105463006-ALXP;https://geco.amf-france.org
IE00BVGC3741;MALIN CORPORATION PLC;corporate_status;GAP_CRITIQUE_PEA;Confirmation officielle requise, jamais déduite;https://live.euronext.com/en/product/equities/IE00BVGC3741-XESM;https://geco.amf-france.org
FR0013400835;MARE NOSTRUM;corporate_status;GAP_CRITIQUE_PEA;Confirmation officielle requise, jamais déduite;https://live.euronext.com/en/product/equities/FR0013400835-ALXP;https://geco.amf-france.org
FR0004155687;MASTRAD;corporate_status;GAP_CRITIQUE_PEA;Confirmation officielle requise, jamais déduite;https://live.euronext.com/en/product/equities/FR0004155687-ALXP;https://geco.amf-france.org
FR0010609263;MAUNA KEA TECHNOLOGIES S.A.;corporate_status;GAP_CRITIQUE_PEA;Confirmation officielle requise, jamais déduite;https://live.euronext.com/en/product/equities/FR0010609263-ALXP;https://geco.amf-france.org
FR0011049824;MEDIAN TECHNOLOGIES;corporate_status;GAP_CRITIQUE_PEA;Confirmation officielle requise, jamais déduite;https://live.euronext.com/en/product/equities/FR0011049824-ALXP;https://geco.amf-france.org
FR00140066X4;METAVISIO (THOMSON COMPUTING);corporate_status;GAP_CRITIQUE_PEA;Confirmation officielle requise, jamais déduite;https://live.euronext.com/en/product/equities/FR00140066X4-ALXP;https://geco.amf-france.org
FR0011217710;METHANOR;corporate_status;GAP_CRITIQUE_PEA;Confirmation officielle requise, jamais déduite;https://live.euronext.com/en/product/equities/FR0011217710-ALXP;https://geco.amf-france.org
IT0005450819;MEXEDIA S.P.A;corporate_status;GAP_CRITIQUE_PEA;Confirmation officielle requise, jamais déduite;https://live.euronext.com/en/product/equities/IT0005450819-ALXP;https://geco.amf-france.org
FR0010204453;MG INTERNATIONAL;corporate_status;GAP_CRITIQUE_PEA;Confirmation officielle requise, jamais déduite;https://live.euronext.com/en/product/equities/FR0010204453-ALXP;https://geco.amf-france.org
FR0010353888;MGI DIGITAL GRAPHI;corporate_status;GAP_CRITIQUE_PEA;Confirmation officielle requise, jamais déduite;https://live.euronext.com/en/product/equities/FR0010353888-ALXP;https://geco.amf-france.org
FR0013053535;MILIBOO;corporate_status;GAP_CRITIQUE_PEA;Confirmation officielle requise, jamais déduite;https://live.euronext.com/en/product/equities/FR0013053535-ALXP;https://geco.amf-france.org
IE00BD64C665;MINCON GROUP PLC;corporate_status;GAP_CRITIQUE_PEA;Confirmation officielle requise, jamais déduite;https://live.euronext.com/en/product/equities/IE00BD64C665-XESM;https://geco.amf-france.org
FR0004172450;MINT;corporate_status;GAP_CRITIQUE_PEA;Confirmation officielle requise, jamais déduite;https://live.euronext.com/en/product/equities/FR0004172450-ALXP;https://geco.amf-france.org
FR001400H3A0;MON COURTIER ENERGIE GROUPE S.A.;corporate_status;GAP_CRITIQUE_PEA;Confirmation officielle requise, jamais déduite;https://live.euronext.com/en/product/equities/FR001400H3A0-ALXP;https://geco.amf-france.org
FR0011033083;MOULINVEST;corporate_status;GAP_CRITIQUE_PEA;Confirmation officielle requise, jamais déduite;https://live.euronext.com/en/product/equities/FR0011033083-ALXP;https://geco.amf-france.org
FR0004034320;MR BRICOLAGE;corporate_status;GAP_CRITIQUE_PEA;Confirmation officielle requise, jamais déduite;https://live.euronext.com/en/product/equities/FR0004034320-ALXP;https://geco.amf-france.org
FR0013462231;MUNIC;corporate_status;GAP_CRITIQUE_PEA;Confirmation officielle requise, jamais déduite;https://live.euronext.com/en/product/equities/FR0013462231-ALXP;https://geco.amf-france.org
FR0014003J32;NAMR;corporate_status;GAP_CRITIQUE_PEA;Confirmation officielle requise, jamais déduite;https://live.euronext.com/en/product/equities/FR0014003J32-ALXP;https://geco.amf-france.org
FR0011636083;NEOLIFE;corporate_status;GAP_CRITIQUE_PEA;Confirmation officielle requise, jamais déduite;https://live.euronext.com/en/product/equities/FR0011636083-ALXP;https://geco.amf-france.org
FR0004154060;NETGEM;corporate_status;GAP_CRITIQUE_PEA;Confirmation officielle requise, jamais déduite;https://live.euronext.com/en/product/equities/FR0004154060-ALXP;https://geco.amf-france.org
FR001400RF99;NETMEDIA GROUP;corporate_status;GAP_CRITIQUE_PEA;Confirmation officielle requise, jamais déduite;https://live.euronext.com/en/product/equities/FR001400RF99-ALXP;https://geco.amf-france.org
FR0004171346;NEXTEDIA;corporate_status;GAP_CRITIQUE_PEA;Confirmation officielle requise, jamais déduite;https://live.euronext.com/en/product/equities/FR0004171346-ALXP;https://geco.amf-france.org
FR0014003XT0;NFL BIOSCIENCES S.A.;corporate_status;GAP_CRITIQUE_PEA;Confirmation officielle requise, jamais déduite;https://live.euronext.com/en/product/equities/FR0014003XT0-ALXP;https://geco.amf-france.org
FR0013018124;NICOX S.A.;corporate_status;GAP_CRITIQUE_PEA;Confirmation officielle requise, jamais déduite;https://live.euronext.com/en/product/equities/FR0013018124-ALXP;https://geco.amf-france.org
FR0010397232;NOVACYT;corporate_status;GAP_CRITIQUE_PEA;Confirmation officielle requise, jamais déduite;https://live.euronext.com/en/product/equities/FR0010397232-ALXP;https://geco.amf-france.org
FR0000064529;NSC GROUPE;corporate_status;GAP_CRITIQUE_PEA;Confirmation officielle requise, jamais déduite;https://live.euronext.com/en/product/equities/FR0000064529-ALXP;https://geco.amf-france.org
FR0004065639;NSE;corporate_status;GAP_CRITIQUE_PEA;Confirmation officielle requise, jamais déduite;https://live.euronext.com/en/product/equities/FR0004065639-ALXP;https://geco.amf-france.org
FR0014003711;OBIZ S.A.;corporate_status;GAP_CRITIQUE_PEA;Confirmation officielle requise, jamais déduite;https://live.euronext.com/en/product/equities/FR0014003711-ALXP;https://geco.amf-france.org
FR0014003T71;OMER-DECUGIS & CIE;corporate_status;GAP_CRITIQUE_PEA;Confirmation officielle requise, jamais déduite;https://live.euronext.com/en/product/equities/FR0014003T71-ALXP;https://geco.amf-france.org
FR001400CM63;ONCODESIGN PRECISION MEDICINE;corporate_status;GAP_CRITIQUE_PEA;Confirmation officielle requise, jamais déduite;https://live.euronext.com/en/product/equities/FR001400CM63-ALXP;https://geco.amf-france.org
FR0013266772;ONE EXPERIENCE;corporate_status;GAP_CRITIQUE_PEA;Confirmation officielle requise, jamais déduite;https://live.euronext.com/en/product/equities/FR0013266772-ALXP;https://geco.amf-france.org
FR0013318052;ORDISSIMO;corporate_status;GAP_CRITIQUE_PEA;Confirmation officielle requise, jamais déduite;https://live.euronext.com/en/product/equities/FR0013318052-ALXP;https://geco.amf-france.org
IE00B1WV4493;ORIGIN ENTERPRISES PLC;corporate_status;GAP_CRITIQUE_PEA;Confirmation officielle requise, jamais déduite;https://live.euronext.com/en/product/equities/IE00B1WV4493-XESM;https://geco.amf-france.org
FR001400IUV6;OSMOSUN S.A.;corporate_status;GAP_CRITIQUE_PEA;Confirmation officielle requise, jamais déduite;https://live.euronext.com/en/product/equities/FR001400IUV6-ALXP;https://geco.amf-france.org
FR001400U4P9;Odyssée Technologies S.A.;corporate_status;GAP_CRITIQUE_PEA;Confirmation officielle requise, jamais déduite;https://live.euronext.com/en/product/equities/FR001400U4P9-ALXP;https://geco.amf-france.org
FR0013479730;PAULIC MEUNERIE;corporate_status;GAP_CRITIQUE_PEA;Confirmation officielle requise, jamais déduite;https://live.euronext.com/en/product/equities/FR0013479730-ALXP;https://geco.amf-france.org
NL0015001HZ9;PET SERVICE HOLDING N.V.;corporate_status;GAP_CRITIQUE_PEA;Confirmation officielle requise, jamais déduite;https://live.euronext.com/en/product/equities/NL0015001HZ9-ALXP;https://geco.amf-france.org
FR0000061608;PISCINES DESJOYAUX;corporate_status;GAP_CRITIQUE_PEA;Confirmation officielle requise, jamais déduite;https://live.euronext.com/en/product/equities/FR0000061608-ALXP;https://geco.amf-france.org
FR0010785790;PLANT ADVANCED;corporate_status;GAP_CRITIQUE_PEA;Confirmation officielle requise, jamais déduite;https://live.euronext.com/en/product/equities/FR0010785790-ALXP;https://geco.amf-france.org
ES0105425005;PLASTICOS COMPUESTOS S.A. (KOMPUESTOS);corporate_status;GAP_CRITIQUE_PEA;Confirmation officielle requise, jamais déduite;https://live.euronext.com/en/product/equities/ES0105425005-ALXP;https://geco.amf-france.org
FR0000066441;POUJOULAT;corporate_status;GAP_CRITIQUE_PEA;Confirmation officielle requise, jamais déduite;https://live.euronext.com/en/product/equities/FR0000066441-ALXP;https://geco.amf-france.org
FR0014004EC4;PRECIA;corporate_status;GAP_CRITIQUE_PEA;Confirmation officielle requise, jamais déduite;https://live.euronext.com/en/product/equities/FR0014004EC4-ALXP;https://geco.amf-france.org
FR0010169920;PREDILIFE;corporate_status;GAP_CRITIQUE_PEA;Confirmation officielle requise, jamais déduite;https://live.euronext.com/en/product/equities/FR0010169920-ALXP;https://geco.amf-france.org
FR0004044600;PRISMAFLEX INTL;corporate_status;GAP_CRITIQUE_PEA;Confirmation officielle requise, jamais déduite;https://live.euronext.com/en/product/equities/FR0004044600-ALXP;https://geco.amf-france.org
FR0012613610;PRODWAYS GROUP;corporate_status;GAP_CRITIQUE_PEA;Confirmation officielle requise, jamais déduite;https://live.euronext.com/en/product/equities/FR0012613610-ALXP;https://geco.amf-france.org
FR0010380626;PROLOGUE;corporate_status;GAP_CRITIQUE_PEA;Confirmation officielle requise, jamais déduite;https://live.euronext.com/en/product/equities/FR0010380626-ALXP;https://geco.amf-france.org
FR0012419307;PULLUP ENTERTAINMENT;corporate_status;GAP_CRITIQUE_PEA;Confirmation officielle requise, jamais déduite;https://live.euronext.com/en/product/equities/FR0012419307-ALXP;https://geco.amf-france.org
FR0011648971;QUANTUM GENOMICS;corporate_status;GAP_CRITIQUE_PEA;Confirmation officielle requise, jamais déduite;https://live.euronext.com/en/product/equities/FR0011648971-ALXP;https://geco.amf-france.org
FR0010889386;QWAMPLIFY;corporate_status;GAP_CRITIQUE_PEA;Confirmation officielle requise, jamais déduite;https://live.euronext.com/en/product/equities/FR0010889386-ALXP;https://geco.amf-france.org
IT0005466963;RACING FORCE S.p.A.;corporate_status;GAP_CRITIQUE_PEA;Confirmation officielle requise, jamais déduite;https://live.euronext.com/en/product/equities/IT0005466963-EXGM;https://geco.amf-france.org
FR0011858190;REALITES;corporate_status;GAP_CRITIQUE_PEA;Confirmation officielle requise, jamais déduite;https://live.euronext.com/en/product/equities/FR0011858190-ALXP;https://geco.amf-france.org
FR0010820274;REWORLD MEDIA;corporate_status;GAP_CRITIQUE_PEA;Confirmation officielle requise, jamais déduite;https://live.euronext.com/en/product/equities/FR0010820274-ALXP;https://geco.amf-france.org
FR0000075954;RIBER;corporate_status;GAP_CRITIQUE_PEA;Confirmation officielle requise, jamais déduite;https://live.euronext.com/en/product/equities/FR0000075954-ALXP;https://geco.amf-france.org
FR0010523167;ROCTOOL;corporate_status;GAP_CRITIQUE_PEA;Confirmation officielle requise, jamais déduite;https://live.euronext.com/en/product/equities/FR0010523167-ALXP;https://geco.amf-france.org
FR0000037640;ROUGIER S.A.;corporate_status;GAP_CRITIQUE_PEA;Confirmation officielle requise, jamais déduite;https://live.euronext.com/en/product/equities/FR0000037640-ALXP;https://geco.amf-france.org
IT0005460081;Rebirth S.p.A.;corporate_status;GAP_CRITIQUE_PEA;Confirmation officielle requise, jamais déduite;https://live.euronext.com/en/product/equities/IT0005460081-ALXP;https://geco.amf-france.org
FR0014005I80;S.M.A.I.O.;corporate_status;GAP_CRITIQUE_PEA;Confirmation officielle requise, jamais déduite;https://live.euronext.com/en/product/equities/FR0014005I80-ALXP;https://geco.amf-france.org
FR001400ZU25;SAFE;corporate_status;GAP_CRITIQUE_PEA;Confirmation officielle requise, jamais déduite;https://live.euronext.com/en/product/equities/FR001400ZU25-ALXP;https://geco.amf-france.org
PTDGL0AM0003;SAMBA DIGITAL SGPS S.A.;corporate_status;GAP_CRITIQUE_PEA;Confirmation officielle requise, jamais déduite;https://live.euronext.com/en/product/equities/PTDGL0AM0003-ALXL;https://geco.amf-france.org
FR0010776617;SAPMER;corporate_status;GAP_CRITIQUE_PEA;Confirmation officielle requise, jamais déduite;https://live.euronext.com/en/product/equities/FR0010776617-ALXP;https://geco.amf-france.org
FR0014010H01;SEMCO TECHNOLOGIES;corporate_status;GAP_CRITIQUE_PEA;Confirmation officielle requise, jamais déduite;https://live.euronext.com/en/product/equities/FR0014010H01-ALXP;https://geco.amf-france.org
FR0012596468;SENSORION;corporate_status;GAP_CRITIQUE_PEA;Confirmation officielle requise, jamais déduite;https://live.euronext.com/en/product/equities/FR0012596468-ALXP;https://geco.amf-france.org
FR0010202606;SIDETRADE;corporate_status;GAP_CRITIQUE_PEA;Confirmation officielle requise, jamais déduite;https://live.euronext.com/en/product/equities/FR0010202606-ALXP;https://geco.amf-france.org
FR0000060790;SIGNAUX GIROD;corporate_status;GAP_CRITIQUE_PEA;Confirmation officielle requise, jamais déduite;https://live.euronext.com/en/product/equities/FR0000060790-ALXP;https://geco.amf-france.org
FR0004016699;SMTPC;corporate_status;GAP_CRITIQUE_PEA;Confirmation officielle requise, jamais déduite;https://live.euronext.com/en/product/equities/FR0004016699-ALXP;https://geco.amf-france.org
IT0005353484;SOCIETA' EDITORIALE IL FATTO;corporate_status;GAP_CRITIQUE_PEA;Confirmation officielle requise, jamais déduite;https://live.euronext.com/en/product/equities/IT0005353484-ALXP;https://geco.amf-france.org
BE0003773877;SOFTIMAT;corporate_status;GAP_CRITIQUE_PEA;Confirmation officielle requise, jamais déduite;https://live.euronext.com/en/product/equities/BE0003773877-ALXB;https://geco.amf-france.org
FR0000065864;SOGECLAIR;corporate_status;GAP_CRITIQUE_PEA;Confirmation officielle requise, jamais déduite;https://live.euronext.com/en/product/equities/FR0000065864-ALXP;https://geco.amf-france.org
FR00140043Y1;SPARTOO;corporate_status;GAP_CRITIQUE_PEA;Confirmation officielle requise, jamais déduite;https://live.euronext.com/en/product/equities/FR00140043Y1-ALXP;https://geco.amf-france.org
FR0011464452;SPINEGUARD;corporate_status;GAP_CRITIQUE_PEA;Confirmation officielle requise, jamais déduite;https://live.euronext.com/en/product/equities/FR0011464452-ALXP;https://geco.amf-france.org
FR001400N2P2;SPINEWAY;corporate_status;GAP_CRITIQUE_PEA;Confirmation officielle requise, jamais déduite;https://live.euronext.com/en/product/equities/FR001400N2P2-ALXP;https://geco.amf-france.org
FR001400MDW2;STIF;corporate_status;GAP_CRITIQUE_PEA;Confirmation officielle requise, jamais déduite;https://live.euronext.com/en/product/equities/FR001400MDW2-ALXP;https://geco.amf-france.org
FR0000074775;STRADIM;corporate_status;GAP_CRITIQUE_PEA;Confirmation officielle requise, jamais déduite;https://live.euronext.com/en/product/equities/FR0000074775-ALXP;https://geco.amf-france.org
FR0010528059;STREAMWIDE;corporate_status;GAP_CRITIQUE_PEA;Confirmation officielle requise, jamais déduite;https://live.euronext.com/en/product/equities/FR0010528059-ALXP;https://geco.amf-france.org
FR0010120402;THERACLION;corporate_status;GAP_CRITIQUE_PEA;Confirmation officielle requise, jamais déduite;https://live.euronext.com/en/product/equities/FR0010120402-ALXP;https://geco.amf-france.org
FR0013286259;THERANEXUS;corporate_status;GAP_CRITIQUE_PEA;Confirmation officielle requise, jamais déduite;https://live.euronext.com/en/product/equities/FR0013286259-ALXP;https://geco.amf-france.org
NL0015000YE1;TME PHARMA;corporate_status;GAP_CRITIQUE_PEA;Confirmation officielle requise, jamais déduite;https://live.euronext.com/en/product/equities/NL0015000YE1-ALXP;https://geco.amf-france.org
FR001400H2X4;TONNER DRONES S.A.;corporate_status;GAP_CRITIQUE_PEA;Confirmation officielle requise, jamais déduite;https://live.euronext.com/en/product/equities/FR001400H2X4-ALXP;https://geco.amf-france.org
FR00140062B9;TOOSLA;corporate_status;GAP_CRITIQUE_PEA;Confirmation officielle requise, jamais déduite;https://live.euronext.com/en/product/equities/FR00140062B9-ALXP;https://geco.amf-france.org
FR0000033003;TOUAX;corporate_status;GAP_CRITIQUE_PEA;Confirmation officielle requise, jamais déduite;https://live.euronext.com/en/product/equities/FR0000033003-ALXP;https://geco.amf-france.org
FR0010397901;TRILOGIQ;corporate_status;GAP_CRITIQUE_PEA;Confirmation officielle requise, jamais déduite;https://live.euronext.com/en/product/equities/FR0010397901-ALXP;https://geco.amf-france.org
FR0010654087;TXCOM;corporate_status;GAP_CRITIQUE_PEA;Confirmation officielle requise, jamais déduite;https://live.euronext.com/en/product/equities/FR0010654087-ALXP;https://geco.amf-france.org
FR0000079147;U10 CORP;corporate_status;GAP_CRITIQUE_PEA;Confirmation officielle requise, jamais déduite;https://live.euronext.com/en/product/equities/FR0000079147-ALXP;https://geco.amf-france.org
IE00BJ5FQX74;UNIPHAR PLC;corporate_status;GAP_CRITIQUE_PEA;Confirmation officielle requise, jamais déduite;https://live.euronext.com/en/product/equities/IE00BJ5FQX74-XESM;https://geco.amf-france.org
FR0010337865;UPERGY;corporate_status;GAP_CRITIQUE_PEA;Confirmation officielle requise, jamais déduite;https://live.euronext.com/en/product/equities/FR0010337865-ALXP;https://geco.amf-france.org
FR0011898584;UV GERMI;corporate_status;GAP_CRITIQUE_PEA;Confirmation officielle requise, jamais déduite;https://live.euronext.com/en/product/equities/FR0011898584-ALXP;https://geco.amf-france.org
FR0013254851;VALBIOTIS;corporate_status;GAP_CRITIQUE_PEA;Confirmation officielle requise, jamais déduite;https://live.euronext.com/en/product/equities/FR0013254851-ALXP;https://geco.amf-france.org
FR0010095596;VALERIO THERAPEUTICS;corporate_status;GAP_CRITIQUE_PEA;Confirmation officielle requise, jamais déduite;https://live.euronext.com/en/product/equities/FR0010095596-ALXP;https://geco.amf-france.org
FR0014007T10;VAZIVA SA;corporate_status;GAP_CRITIQUE_PEA;Confirmation officielle requise, jamais déduite;https://live.euronext.com/en/product/equities/FR0014007T10-ALXP;https://geco.amf-france.org
FR0010766667;VENTE UNIQUE.COM;corporate_status;GAP_CRITIQUE_PEA;Confirmation officielle requise, jamais déduite;https://live.euronext.com/en/product/equities/FR0010766667-ALXP;https://geco.amf-france.org
FR0010326090;VIALIFE;corporate_status;GAP_CRITIQUE_PEA;Confirmation officielle requise, jamais déduite;https://live.euronext.com/en/product/equities/FR0010326090-ALXP;https://geco.amf-france.org
FR001400AXT1;VINPAI S.A.;corporate_status;GAP_CRITIQUE_PEA;Confirmation officielle requise, jamais déduite;https://live.euronext.com/en/product/equities/FR001400AXT1-ALXP;https://geco.amf-france.org
ES0105704003;VIRTUALWARE;corporate_status;GAP_CRITIQUE_PEA;Confirmation officielle requise, jamais déduite;https://live.euronext.com/en/product/equities/ES0105704003-ALXP;https://geco.amf-france.org
FR0011532225;VOGO;corporate_status;GAP_CRITIQUE_PEA;Confirmation officielle requise, jamais déduite;https://live.euronext.com/en/product/equities/FR0011532225-ALXP;https://geco.amf-france.org
FR0004045847;VOYAGEURS DU MONDE;corporate_status;GAP_CRITIQUE_PEA;Confirmation officielle requise, jamais déduite;https://live.euronext.com/en/product/equities/FR0004045847-ALXP;https://geco.amf-france.org
FR0010131409;WALLIX;corporate_status;GAP_CRITIQUE_PEA;Confirmation officielle requise, jamais déduite;https://live.euronext.com/en/product/equities/FR0010131409-ALXP;https://geco.amf-france.org
FR0013079092;WE.CONNECT;corporate_status;GAP_CRITIQUE_PEA;Confirmation officielle requise, jamais déduite;https://live.euronext.com/en/product/equities/FR0013079092-ALXP;https://geco.amf-france.org
BE0974401334;WHITESTONE GROUP;corporate_status;GAP_CRITIQUE_PEA;Confirmation officielle requise, jamais déduite;https://live.euronext.com/en/product/equities/BE0974401334-ALXB;https://geco.amf-france.org
BE0974334667;WINAMP GROUP;corporate_status;GAP_CRITIQUE_PEA;Confirmation officielle requise, jamais déduite;https://live.euronext.com/en/product/equities/BE0974334667-ALXP;https://geco.amf-france.org
FR0014000P11;WINFARM;corporate_status;GAP_CRITIQUE_PEA;Confirmation officielle requise, jamais déduite;https://live.euronext.com/en/product/equities/FR0014000P11-ALXP;https://geco.amf-france.org
FR0013143872;WITBE;corporate_status;GAP_CRITIQUE_PEA;Confirmation officielle requise, jamais déduite;https://live.euronext.com/en/product/equities/FR0013143872-ALXP;https://geco.amf-france.org
FR0004034072;XILAM ANIMATION;corporate_status;GAP_CRITIQUE_PEA;Confirmation officielle requise, jamais déduite;https://live.euronext.com/en/product/equities/FR0004034072-ALXP;https://geco.amf-france.org
DK0060945467;5TH PLANET GAMES;corporate_status;GAP_CRITIQUE_PEA;Confirmation officielle requise, jamais déduite;https://live.euronext.com/en/product/equities/DK0060945467-XOAS;https://geco.amf-france.org
NO0003021909;ABG SUNDAL COLLIER HOLDING;corporate_status;GAP_CRITIQUE_PEA;Confirmation officielle requise, jamais déduite;https://live.euronext.com/en/product/equities/NO0003021909-XOSL;https://geco.amf-france.org
NO0003078107;AF GRUPPEN;corporate_status;GAP_CRITIQUE_PEA;Confirmation officielle requise, jamais déduite;https://live.euronext.com/en/product/equities/NO0003078107-XOSL;https://geco.amf-france.org
NO0010872468;AGILYX ASA;corporate_status;GAP_CRITIQUE_PEA;Confirmation officielle requise, jamais déduite;https://live.euronext.com/en/product/equities/NO0010872468-XOSL;https://geco.amf-france.org
NO0010215684;AKASTOR;corporate_status;GAP_CRITIQUE_PEA;Confirmation officielle requise, jamais déduite;https://live.euronext.com/en/product/equities/NO0010215684-XOSL;https://geco.amf-france.org
NO0010886625;AKER BIOMARINE ASA;corporate_status;GAP_CRITIQUE_PEA;Confirmation officielle requise, jamais déduite;https://live.euronext.com/en/product/equities/NO0010886625-XOSL;https://geco.amf-france.org
NO0010716582;AKER SOLUTIONS;corporate_status;GAP_CRITIQUE_PEA;Confirmation officielle requise, jamais déduite;https://live.euronext.com/en/product/equities/NO0010716582-XOSL;https://geco.amf-france.org
NO0003097503;AKVA GROUP;corporate_status;GAP_CRITIQUE_PEA;Confirmation officielle requise, jamais déduite;https://live.euronext.com/en/product/equities/NO0003097503-XOSL;https://geco.amf-france.org
NO0010607971;ALNG ASA;corporate_status;GAP_CRITIQUE_PEA;Confirmation officielle requise, jamais déduite;https://live.euronext.com/en/product/equities/NO0010607971-XOAS;https://geco.amf-france.org
NO0013683821;APPEAR ASA;corporate_status;GAP_CRITIQUE_PEA;Confirmation officielle requise, jamais déduite;https://live.euronext.com/en/product/equities/NO0013683821-XOSL;https://geco.amf-france.org
NO0013735894;AQUA BIO TECHNOLOGY;corporate_status;GAP_CRITIQUE_PEA;Confirmation officielle requise, jamais déduite;https://live.euronext.com/en/product/equities/NO0013735894-XOAS;https://geco.amf-france.org
NO0010715394;AQUALIS ASA;corporate_status;GAP_CRITIQUE_PEA;Confirmation officielle requise, jamais déduite;https://live.euronext.com/en/product/equities/NO0010715394-XOSL;https://geco.amf-france.org
NO0010014632;ARCTICZYMES TECHNOLOGIES;corporate_status;GAP_CRITIQUE_PEA;Confirmation officielle requise, jamais déduite;https://live.euronext.com/en/product/equities/NO0010014632-XOSL;https://geco.amf-france.org
NO0003572802;ARENDALS FOSSEKOMPANI;corporate_status;GAP_CRITIQUE_PEA;Confirmation officielle requise, jamais déduite;https://live.euronext.com/en/product/equities/NO0003572802-XOSL;https://geco.amf-france.org
NO0013682948;ARRIBATEC GROUP ASA;corporate_status;GAP_CRITIQUE_PEA;Confirmation officielle requise, jamais déduite;https://live.euronext.com/en/product/equities/NO0013682948-XOSL;https://geco.amf-france.org
NO0004822503;ATEA;corporate_status;GAP_CRITIQUE_PEA;Confirmation officielle requise, jamais déduite;https://live.euronext.com/en/product/equities/NO0004822503-XOSL;https://geco.amf-france.org
NO0013464750;ATLANTIC SAPPHIRE;corporate_status;GAP_CRITIQUE_PEA;Confirmation officielle requise, jamais déduite;https://live.euronext.com/en/product/equities/NO0013464750-XOSL;https://geco.amf-france.org
NO0006001601;AURSKOG SPAREBANK;corporate_status;GAP_CRITIQUE_PEA;Confirmation officielle requise, jamais déduite;https://live.euronext.com/en/product/equities/NO0006001601-XOSL;https://geco.amf-france.org
NO0010073489;AUSTEVOLL SEAFOOD;corporate_status;GAP_CRITIQUE_PEA;Confirmation officielle requise, jamais déduite;https://live.euronext.com/en/product/equities/NO0010073489-XOSL;https://geco.amf-france.org
NO0010840515;AXACTOR ASA;corporate_status;GAP_CRITIQUE_PEA;Confirmation officielle requise, jamais déduite;https://live.euronext.com/en/product/equities/NO0010840515-XOSL;https://geco.amf-france.org
NO0010633951;B2 Impact ASA;corporate_status;GAP_CRITIQUE_PEA;Confirmation officielle requise, jamais déduite;https://live.euronext.com/en/product/equities/NO0010633951-XOSL;https://geco.amf-france.org
NO0013711721;BEVEST ASA;corporate_status;GAP_CRITIQUE_PEA;Confirmation officielle requise, jamais déduite;https://live.euronext.com/en/product/equities/NO0013711721-XOSL;https://geco.amf-france.org
NO0010890965;BEWI;corporate_status;GAP_CRITIQUE_PEA;Confirmation officielle requise, jamais déduite;https://live.euronext.com/en/product/equities/NO0010890965-XOSL;https://geco.amf-france.org
NO0012706763;BIEN SPAREBANK ASA;corporate_status;GAP_CRITIQUE_PEA;Confirmation officielle requise, jamais déduite;https://live.euronext.com/en/product/equities/NO0012706763-XOSL;https://geco.amf-france.org
NO0010379266;BLUENORD ASA;corporate_status;GAP_CRITIQUE_PEA;Confirmation officielle requise, jamais déduite;https://live.euronext.com/en/product/equities/NO0010379266-XOSL;https://geco.amf-france.org
NO0013753343;BOHUS ASA;corporate_status;GAP_CRITIQUE_PEA;Confirmation officielle requise, jamais déduite;https://live.euronext.com/en/product/equities/NO0013753343-XOSL;https://geco.amf-france.org
NO0003110603;BONHEUR;corporate_status;GAP_CRITIQUE_PEA;Confirmation officielle requise, jamais déduite;https://live.euronext.com/en/product/equities/NO0003110603-XOSL;https://geco.amf-france.org
NO0013256180;BORGESTAD;corporate_status;GAP_CRITIQUE_PEA;Confirmation officielle requise, jamais déduite;https://live.euronext.com/en/product/equities/NO0013256180-XOSL;https://geco.amf-france.org
NO0010657505;BORREGAARD;corporate_status;GAP_CRITIQUE_PEA;Confirmation officielle requise, jamais déduite;https://live.euronext.com/en/product/equities/NO0010657505-XOSL;https://geco.amf-france.org
NO0010360266;BOUVET;corporate_status;GAP_CRITIQUE_PEA;Confirmation officielle requise, jamais déduite;https://live.euronext.com/en/product/equities/NO0010360266-XOSL;https://geco.amf-france.org
DK0061412772;CADELER A/S;corporate_status;GAP_CRITIQUE_PEA;Confirmation officielle requise, jamais déduite;https://live.euronext.com/en/product/equities/DK0061412772-XOSL;https://geco.amf-france.org
NO0010923121;CAPSOL TECHNOLOGIES ASA;corporate_status;GAP_CRITIQUE_PEA;Confirmation officielle requise, jamais déduite;https://live.euronext.com/en/product/equities/NO0010923121-XOSL;https://geco.amf-france.org
NO0013219535;CAVENDISH HYDROGEN ASA;corporate_status;GAP_CRITIQUE_PEA;Confirmation officielle requise, jamais déduite;https://live.euronext.com/en/product/equities/NO0013219535-XOSL;https://geco.amf-france.org
NO0013033795;CIRCIO HOLDING ASA;corporate_status;GAP_CRITIQUE_PEA;Confirmation officielle requise, jamais déduite;https://live.euronext.com/en/product/equities/NO0013033795-XOSL;https://geco.amf-france.org
NO0010876642;CLOUDBERRY CLEAN ENERGY ASA;corporate_status;GAP_CRITIQUE_PEA;Confirmation officielle requise, jamais déduite;https://live.euronext.com/en/product/equities/NO0010876642-XOSL;https://geco.amf-france.org
SE0014731154;CONTEXTVISION;corporate_status;GAP_CRITIQUE_PEA;Confirmation officielle requise, jamais déduite;https://live.euronext.com/en/product/equities/SE0014731154-XOSL;https://geco.amf-france.org
NO0013755728;DELLIA GROUP;corporate_status;GAP_CRITIQUE_PEA;Confirmation officielle requise, jamais déduite;https://live.euronext.com/en/product/equities/NO0013755728-XOSL;https://geco.amf-france.org
NO0003921009;DNO;corporate_status;GAP_CRITIQUE_PEA;Confirmation officielle requise, jamais déduite;https://live.euronext.com/en/product/equities/NO0003921009-XOSL;https://geco.amf-france.org
NO0012851874;DOF GROUP ASA;corporate_status;GAP_CRITIQUE_PEA;Confirmation officielle requise, jamais déduite;https://live.euronext.com/en/product/equities/NO0012851874-XOSL;https://geco.amf-france.org
NO0013601245;EAM SOLAR AS;corporate_status;GAP_CRITIQUE_PEA;Confirmation officielle requise, jamais déduite;https://live.euronext.com/en/product/equities/NO0013601245-MERK;https://geco.amf-france.org
NO0010263023;EIDESVIK OFFSHORE;corporate_status;GAP_CRITIQUE_PEA;Confirmation officielle requise, jamais déduite;https://live.euronext.com/en/product/equities/NO0010263023-XOSL;https://geco.amf-france.org
NO0010358484;ELECTROMAGNETIC GEOSERVICES;corporate_status;GAP_CRITIQUE_PEA;Confirmation officielle requise, jamais déduite;https://live.euronext.com/en/product/equities/NO0010358484-XOSL;https://geco.amf-france.org
NO0010816093;ELKEM;corporate_status;GAP_CRITIQUE_PEA;Confirmation officielle requise, jamais déduite;https://live.euronext.com/en/product/equities/NO0010816093-XOSL;https://geco.amf-france.org
NO0010722283;ELLIPTIC LABORATORIES ASA;corporate_status;GAP_CRITIQUE_PEA;Confirmation officielle requise, jamais déduite;https://live.euronext.com/en/product/equities/NO0010722283-XOSL;https://geco.amf-france.org
NO0010815673;ELMERA GROUP ASA;corporate_status;GAP_CRITIQUE_PEA;Confirmation officielle requise, jamais déduite;https://live.euronext.com/en/product/equities/NO0010815673-XOSL;https://geco.amf-france.org
NO0011002586;ELOPAK ASA;corporate_status;GAP_CRITIQUE_PEA;Confirmation officielle requise, jamais déduite;https://live.euronext.com/en/product/equities/NO0011002586-XOSL;https://geco.amf-france.org
NO0012555459;ENDÚR;corporate_status;GAP_CRITIQUE_PEA;Confirmation officielle requise, jamais déduite;https://live.euronext.com/en/product/equities/NO0012555459-XOSL;https://geco.amf-france.org
NO0013186460;ENSURGE MICROPOWER ASA;corporate_status;GAP_CRITIQUE_PEA;Confirmation officielle requise, jamais déduite;https://live.euronext.com/en/product/equities/NO0013186460-XOSL;https://geco.amf-france.org
NO0010716418;ENTRA;corporate_status;GAP_CRITIQUE_PEA;Confirmation officielle requise, jamais déduite;https://live.euronext.com/en/product/equities/NO0010716418-XOSL;https://geco.amf-france.org
NO0010708605;EQVA ASA;corporate_status;GAP_CRITIQUE_PEA;Confirmation officielle requise, jamais déduite;https://live.euronext.com/en/product/equities/NO0010708605-XOSL;https://geco.amf-france.org
NO0010735343;EUROPRIS;corporate_status;GAP_CRITIQUE_PEA;Confirmation officielle requise, jamais déduite;https://live.euronext.com/en/product/equities/NO0010735343-XOSL;https://geco.amf-france.org
NO0013647693;FJORD DEFENCE GROUP ASA;corporate_status;GAP_CRITIQUE_PEA;Confirmation officielle requise, jamais déduite;https://live.euronext.com/en/product/equities/NO0013647693-XOSL;https://geco.amf-france.org
NO0010748866;GENTIAN DIAGNOSTICS ASA;corporate_status;GAP_CRITIQUE_PEA;Confirmation officielle requise, jamais déduite;https://live.euronext.com/en/product/equities/NO0010748866-XOSL;https://geco.amf-france.org
NO0004913609;GOODTECH;corporate_status;GAP_CRITIQUE_PEA;Confirmation officielle requise, jamais déduite;https://live.euronext.com/en/product/equities/NO0004913609-XOSL;https://geco.amf-france.org
NO0010365521;GRIEG SEAFOOD;corporate_status;GAP_CRITIQUE_PEA;Confirmation officielle requise, jamais déduite;https://live.euronext.com/en/product/equities/NO0010365521-XOSL;https://geco.amf-france.org
NO0004288200;GYLDENDAL;corporate_status;GAP_CRITIQUE_PEA;Confirmation officielle requise, jamais déduite;https://live.euronext.com/en/product/equities/NO0004288200-XOSL;https://geco.amf-france.org
NO0010764053;HAUGESUND SPB;corporate_status;GAP_CRITIQUE_PEA;Confirmation officielle requise, jamais déduite;https://live.euronext.com/en/product/equities/NO0010764053-XOSL;https://geco.amf-france.org
NO0010257728;HAVILA SHIPPING;corporate_status;GAP_CRITIQUE_PEA;Confirmation officielle requise, jamais déduite;https://live.euronext.com/en/product/equities/NO0010257728-XOSL;https://geco.amf-france.org
NO0013401380;HERMANA HOLDING ASA;corporate_status;GAP_CRITIQUE_PEA;Confirmation officielle requise, jamais déduite;https://live.euronext.com/en/product/equities/NO0013401380-XOSL;https://geco.amf-france.org
NO0003067902;HEXAGON COMPOSITES;corporate_status;GAP_CRITIQUE_PEA;Confirmation officielle requise, jamais déduite;https://live.euronext.com/en/product/equities/NO0003067902-XOSL;https://geco.amf-france.org
NO0013751966;HEXAGON PURUS ASA;corporate_status;GAP_CRITIQUE_PEA;Confirmation officielle requise, jamais déduite;https://live.euronext.com/en/product/equities/NO0013751966-XOSL;https://geco.amf-france.org
NO0011082075;HOEGH AUTOLINERS ASA;corporate_status;GAP_CRITIQUE_PEA;Confirmation officielle requise, jamais déduite;https://live.euronext.com/en/product/equities/NO0011082075-XOSL;https://geco.amf-france.org
NO0010598683;HOFSETH BIOCARE;corporate_status;GAP_CRITIQUE_PEA;Confirmation officielle requise, jamais déduite;https://live.euronext.com/en/product/equities/NO0010598683-XOSL;https://geco.amf-france.org
NO0012953720;HUNTER GROUP;corporate_status;GAP_CRITIQUE_PEA;Confirmation officielle requise, jamais déduite;https://live.euronext.com/en/product/equities/NO0012953720-XOAS;https://geco.amf-france.org
NO0010892359;HYDROGENPRO ASA;corporate_status;GAP_CRITIQUE_PEA;Confirmation officielle requise, jamais déduite;https://live.euronext.com/en/product/equities/NO0010892359-XOSL;https://geco.amf-france.org
NO0010012636;HØLAND OG SETSKOG;corporate_status;GAP_CRITIQUE_PEA;Confirmation officielle requise, jamais déduite;https://live.euronext.com/en/product/equities/NO0010012636-XOSL;https://geco.amf-france.org
NO0013536078;IDEX BIOMETRICS;corporate_status;GAP_CRITIQUE_PEA;Confirmation officielle requise, jamais déduite;https://live.euronext.com/en/product/equities/NO0013536078-XOSL;https://geco.amf-france.org
NO0013119255;INTEROIL EXPLORATION AND PRODUCTION;corporate_status;GAP_CRITIQUE_PEA;Confirmation officielle requise, jamais déduite;https://live.euronext.com/en/product/equities/NO0013119255-XOSL;https://geco.amf-france.org
NO0010001118;ITERA;corporate_status;GAP_CRITIQUE_PEA;Confirmation officielle requise, jamais déduite;https://live.euronext.com/en/product/equities/NO0010001118-XOSL;https://geco.amf-france.org
NO0010359433;JÆREN SPAREBANK;corporate_status;GAP_CRITIQUE_PEA;Confirmation officielle requise, jamais déduite;https://live.euronext.com/en/product/equities/NO0010359433-XOSL;https://geco.amf-france.org
NO0010743545;KID;corporate_status;GAP_CRITIQUE_PEA;Confirmation officielle requise, jamais déduite;https://live.euronext.com/en/product/equities/NO0010743545-XOSL;https://geco.amf-france.org
NO0003079709;KITRON;corporate_status;GAP_CRITIQUE_PEA;Confirmation officielle requise, jamais déduite;https://live.euronext.com/en/product/equities/NO0003079709-XOSL;https://geco.amf-france.org
NO0010833262;KLAVENESS COMBINATION CARRIERS;corporate_status;GAP_CRITIQUE_PEA;Confirmation officielle requise, jamais déduite;https://live.euronext.com/en/product/equities/NO0010833262-XOSL;https://geco.amf-france.org
NO0011016040;KOMPLETT ASA;corporate_status;GAP_CRITIQUE_PEA;Confirmation officielle requise, jamais déduite;https://live.euronext.com/en/product/equities/NO0011016040-XOSL;https://geco.amf-france.org
NO0003033102;KONGSBERG AUTOMOTIVE;corporate_status;GAP_CRITIQUE_PEA;Confirmation officielle requise, jamais déduite;https://live.euronext.com/en/product/equities/NO0003033102-XOSL;https://geco.amf-france.org
NO0013355859;LIFECARE ASA;corporate_status;GAP_CRITIQUE_PEA;Confirmation officielle requise, jamais déduite;https://live.euronext.com/en/product/equities/NO0013355859-XOSL;https://geco.amf-france.org
NO0010894231;LINK MOBILITY GROUP HOLDING;corporate_status;GAP_CRITIQUE_PEA;Confirmation officielle requise, jamais déduite;https://live.euronext.com/en/product/equities/NO0010894231-XOSL;https://geco.amf-france.org
NO0010187032;MAGNORA;corporate_status;GAP_CRITIQUE_PEA;Confirmation officielle requise, jamais déduite;https://live.euronext.com/en/product/equities/NO0010187032-XOSL;https://geco.amf-france.org
NO0010159684;MEDISTIM;corporate_status;GAP_CRITIQUE_PEA;Confirmation officielle requise, jamais déduite;https://live.euronext.com/en/product/equities/NO0010159684-XOSL;https://geco.amf-france.org
NO0006001908;MELHUS SPAREBANK;corporate_status;GAP_CRITIQUE_PEA;Confirmation officielle requise, jamais déduite;https://live.euronext.com/en/product/equities/NO0006001908-XOSL;https://geco.amf-france.org
NO0013325506;MORELD;corporate_status;GAP_CRITIQUE_PEA;Confirmation officielle requise, jamais déduite;https://live.euronext.com/en/product/equities/NO0013325506-XOSL;https://geco.amf-france.org
NO0010791353;MPC CONTAINER SHIPS;corporate_status;GAP_CRITIQUE_PEA;Confirmation officielle requise, jamais déduite;https://live.euronext.com/en/product/equities/NO0010791353-XOSL;https://geco.amf-france.org
NO0010734338;MULTICONSULT;corporate_status;GAP_CRITIQUE_PEA;Confirmation officielle requise, jamais déduite;https://live.euronext.com/en/product/equities/NO0010734338-XOSL;https://geco.amf-france.org
DK0060520450;NAPATECH;corporate_status;GAP_CRITIQUE_PEA;Confirmation officielle requise, jamais déduite;https://live.euronext.com/en/product/equities/DK0060520450-XOSL;https://geco.amf-france.org
NO0010205966;NAVAMEDIC;corporate_status;GAP_CRITIQUE_PEA;Confirmation officielle requise, jamais déduite;https://live.euronext.com/en/product/equities/NO0010205966-XOSL;https://geco.amf-france.org
NO0003049405;NEKKAR;corporate_status;GAP_CRITIQUE_PEA;Confirmation officielle requise, jamais déduite;https://live.euronext.com/en/product/equities/NO0003049405-XOSL;https://geco.amf-france.org
NO0010081235;NEL;corporate_status;GAP_CRITIQUE_PEA;Confirmation officielle requise, jamais déduite;https://live.euronext.com/en/product/equities/NO0010081235-XOSL;https://geco.amf-france.org
NO0013740142;NEXT BIOMETRICS GROUP;corporate_status;GAP_CRITIQUE_PEA;Confirmation officielle requise, jamais déduite;https://live.euronext.com/en/product/equities/NO0013740142-XOSL;https://geco.amf-france.org
NO0010856511;NORBIT;corporate_status;GAP_CRITIQUE_PEA;Confirmation officielle requise, jamais déduite;https://live.euronext.com/en/product/equities/NO0010856511-XOSL;https://geco.amf-france.org
NO0013052209;NORCONSULT ASA;corporate_status;GAP_CRITIQUE_PEA;Confirmation officielle requise, jamais déduite;https://live.euronext.com/en/product/equities/NO0013052209-XOSL;https://geco.amf-france.org
NO0013683409;NORDIC FINANCIALS ASA;corporate_status;GAP_CRITIQUE_PEA;Confirmation officielle requise, jamais déduite;https://live.euronext.com/en/product/equities/NO0013683409-XOAS;https://geco.amf-france.org
NO0013162693;NORDIC MINING;corporate_status;GAP_CRITIQUE_PEA;Confirmation officielle requise, jamais déduite;https://live.euronext.com/en/product/equities/NO0013162693-XOSL;https://geco.amf-france.org
NO0012885252;NORSE ATLANTIC ASA;corporate_status;GAP_CRITIQUE_PEA;Confirmation officielle requise, jamais déduite;https://live.euronext.com/en/product/equities/NO0012885252-XOAS;https://geco.amf-france.org
NO0010861115;NORSKE SKOG;corporate_status;GAP_CRITIQUE_PEA;Confirmation officielle requise, jamais déduite;https://live.euronext.com/en/product/equities/NO0010861115-XOSL;https://geco.amf-france.org
NO0010550056;NORTH ENERGY;corporate_status;GAP_CRITIQUE_PEA;Confirmation officielle requise, jamais déduite;https://live.euronext.com/en/product/equities/NO0010550056-XOAS;https://geco.amf-france.org
NO0010196140;NORWEGIAN AIR SHUTTLE;corporate_status;GAP_CRITIQUE_PEA;Confirmation officielle requise, jamais déduite;https://live.euronext.com/en/product/equities/NO0010196140-XOSL;https://geco.amf-france.org
NO0003679102;NRC GROUP;corporate_status;GAP_CRITIQUE_PEA;Confirmation officielle requise, jamais déduite;https://live.euronext.com/en/product/equities/NO0003679102-XOSL;https://geco.amf-france.org
NO0010714785;NYKODE THERAPEUTICS ASA;corporate_status;GAP_CRITIQUE_PEA;Confirmation officielle requise, jamais déduite;https://live.euronext.com/en/product/equities/NO0010714785-XOSL;https://geco.amf-france.org
NO0013457952;OBSERVE MEDICAL;corporate_status;GAP_CRITIQUE_PEA;Confirmation officielle requise, jamais déduite;https://live.euronext.com/en/product/equities/NO0013457952-XOAS;https://geco.amf-france.org
NO0003399909;ODFJELL SER. A;corporate_status;GAP_CRITIQUE_PEA;Confirmation officielle requise, jamais déduite;https://live.euronext.com/en/product/equities/NO0003399909-XOSL;https://geco.amf-france.org
NO0010816895;OKEA;corporate_status;GAP_CRITIQUE_PEA;Confirmation officielle requise, jamais déduite;https://live.euronext.com/en/product/equities/NO0010816895-XOSL;https://geco.amf-france.org
NO0010040611;OTELLO CORPORATION;corporate_status;GAP_CRITIQUE_PEA;Confirmation officielle requise, jamais déduite;https://live.euronext.com/en/product/equities/NO0010040611-XOSL;https://geco.amf-france.org
NO0013721613;OTOVO ASA;corporate_status;GAP_CRITIQUE_PEA;Confirmation officielle requise, jamais déduite;https://live.euronext.com/en/product/equities/NO0013721613-XOSL;https://geco.amf-france.org
NO0013711713;Oncoinvent;corporate_status;GAP_CRITIQUE_PEA;Confirmation officielle requise, jamais déduite;https://live.euronext.com/en/product/equities/NO0013711713-XOSL;https://geco.amf-france.org
NO0010564701;PANORO ENERGY;corporate_status;GAP_CRITIQUE_PEA;Confirmation officielle requise, jamais déduite;https://live.euronext.com/en/product/equities/NO0010564701-XOSL;https://geco.amf-france.org
NO0010397581;PARETO BANK;corporate_status;GAP_CRITIQUE_PEA;Confirmation officielle requise, jamais déduite;https://live.euronext.com/en/product/equities/NO0010397581-XOSL;https://geco.amf-france.org
CY0102630916;PETROLIA;corporate_status;GAP_CRITIQUE_PEA;Confirmation officielle requise, jamais déduite;https://live.euronext.com/en/product/equities/CY0102630916-XOSL;https://geco.amf-france.org
NO0012942525;PETRONOR E&P ASA;corporate_status;GAP_CRITIQUE_PEA;Confirmation officielle requise, jamais déduite;https://live.euronext.com/en/product/equities/NO0012942525-XOSL;https://geco.amf-france.org
NO0010840507;PEXIP HOLDING;corporate_status;GAP_CRITIQUE_PEA;Confirmation officielle requise, jamais déduite;https://live.euronext.com/en/product/equities/NO0010840507-XOSL;https://geco.amf-france.org
NO0010000045;PHOTOCURE;corporate_status;GAP_CRITIQUE_PEA;Confirmation officielle requise, jamais déduite;https://live.euronext.com/en/product/equities/NO0010000045-XOSL;https://geco.amf-france.org
NO0010466022;POLARIS MEDIA;corporate_status;GAP_CRITIQUE_PEA;Confirmation officielle requise, jamais déduite;https://live.euronext.com/en/product/equities/NO0010466022-XOSL;https://geco.amf-france.org
NO0012535832;POLIGHT;corporate_status;GAP_CRITIQUE_PEA;Confirmation officielle requise, jamais déduite;https://live.euronext.com/en/product/equities/NO0012535832-XOSL;https://geco.amf-france.org
SE0028799411;PPI PUBLIC PROPERTY INVEST AB (PUBL);corporate_status;GAP_CRITIQUE_PEA;Confirmation officielle requise, jamais déduite;https://live.euronext.com/en/product/equities/SE0028799411-XOSL;https://geco.amf-france.org
NO0010861990;PROSAFE;corporate_status;GAP_CRITIQUE_PEA;Confirmation officielle requise, jamais déduite;https://live.euronext.com/en/product/equities/NO0010861990-XOSL;https://geco.amf-france.org
NO0010209331;PROTECTOR FORSIKRING;corporate_status;GAP_CRITIQUE_PEA;Confirmation officielle requise, jamais déduite;https://live.euronext.com/en/product/equities/NO0010209331-XOSL;https://geco.amf-france.org
NO0003117202;REACH SUBSEA;corporate_status;GAP_CRITIQUE_PEA;Confirmation officielle requise, jamais déduite;https://live.euronext.com/en/product/equities/NO0003117202-XOSL;https://geco.amf-france.org
NO0006001007;ROGALAND SPAREBANK;corporate_status;GAP_CRITIQUE_PEA;Confirmation officielle requise, jamais déduite;https://live.euronext.com/en/product/equities/NO0006001007-XOSL;https://geco.amf-france.org
CY0101550917;S.D. STANDARD ETC PLC;corporate_status;GAP_CRITIQUE_PEA;Confirmation officielle requise, jamais déduite;https://live.euronext.com/en/product/equities/CY0101550917-XOSL;https://geco.amf-france.org
NO0010572589;SAGA PURE;corporate_status;GAP_CRITIQUE_PEA;Confirmation officielle requise, jamais déduite;https://live.euronext.com/en/product/equities/NO0010572589-XOSL;https://geco.amf-france.org
NO0010892094;SALMON EVOLUTION ASA;corporate_status;GAP_CRITIQUE_PEA;Confirmation officielle requise, jamais déduite;https://live.euronext.com/en/product/equities/NO0010892094-XOSL;https://geco.amf-france.org
NO0010863285;SATS;corporate_status;GAP_CRITIQUE_PEA;Confirmation officielle requise, jamais déduite;https://live.euronext.com/en/product/equities/NO0010863285-XOSL;https://geco.amf-france.org
NO0003053308;SCANA;corporate_status;GAP_CRITIQUE_PEA;Confirmation officielle requise, jamais déduite;https://live.euronext.com/en/product/equities/NO0003053308-XOSL;https://geco.amf-france.org
NO0010715139;SCATEC ASA;corporate_status;GAP_CRITIQUE_PEA;Confirmation officielle requise, jamais déduite;https://live.euronext.com/en/product/equities/NO0010715139-XOSL;https://geco.amf-france.org
CY0101162119;SED ENERGY HOLDINGS PLC;corporate_status;GAP_CRITIQUE_PEA;Confirmation officielle requise, jamais déduite;https://live.euronext.com/en/product/equities/CY0101162119-XOSL;https://geco.amf-france.org
NO0010612450;SELVAAG BOLIG;corporate_status;GAP_CRITIQUE_PEA;Confirmation officielle requise, jamais déduite;https://live.euronext.com/en/product/equities/NO0010612450-XOSL;https://geco.amf-france.org
NO0013573014;SENTIA;corporate_status;GAP_CRITIQUE_PEA;Confirmation officielle requise, jamais déduite;https://live.euronext.com/en/product/equities/NO0013573014-XOSL;https://geco.amf-france.org
NO0006001809;SKUE SPAREBANK;corporate_status;GAP_CRITIQUE_PEA;Confirmation officielle requise, jamais déduite;https://live.euronext.com/en/product/equities/NO0006001809-XOSL;https://geco.amf-france.org
NO0011012502;SMARTOPTICS GROUP ASA;corporate_status;GAP_CRITIQUE_PEA;Confirmation officielle requise, jamais déduite;https://live.euronext.com/en/product/equities/NO0011012502-XOSL;https://geco.amf-france.org
NO0006000603;SOGN SPAREBANK;corporate_status;GAP_CRITIQUE_PEA;Confirmation officielle requise, jamais déduite;https://live.euronext.com/en/product/equities/NO0006000603-XOSL;https://geco.amf-france.org
NO0010713571;SOILTECH ASA;corporate_status;GAP_CRITIQUE_PEA;Confirmation officielle requise, jamais déduite;https://live.euronext.com/en/product/equities/NO0010713571-XOSL;https://geco.amf-france.org
NO0013135368;SOLSTAD MARITIME;corporate_status;GAP_CRITIQUE_PEA;Confirmation officielle requise, jamais déduite;https://live.euronext.com/en/product/equities/NO0013135368-XOSL;https://geco.amf-france.org
NO0003080608;SOLSTAD OFFSHORE;corporate_status;GAP_CRITIQUE_PEA;Confirmation officielle requise, jamais déduite;https://live.euronext.com/en/product/equities/NO0003080608-XOSL;https://geco.amf-france.org
NO0006390301;SPAREBANK 1 SMN;corporate_status;GAP_CRITIQUE_PEA;Confirmation officielle requise, jamais déduite;https://live.euronext.com/en/product/equities/NO0006390301-XOSL;https://geco.amf-france.org
NO0012483207;SPAREBANKEN MØRE;corporate_status;GAP_CRITIQUE_PEA;Confirmation officielle requise, jamais déduite;https://live.euronext.com/en/product/equities/NO0012483207-XOSL;https://geco.amf-france.org
NO0006000900;SPAREBANKEN VEST;corporate_status;GAP_CRITIQUE_PEA;Confirmation officielle requise, jamais déduite;https://live.euronext.com/en/product/equities/NO0006000900-XOSL;https://geco.amf-france.org
NO0006222009;SPAREBANKEN ØST;corporate_status;GAP_CRITIQUE_PEA;Confirmation officielle requise, jamais déduite;https://live.euronext.com/en/product/equities/NO0006222009-XOSL;https://geco.amf-france.org
NO0010691660;SPBK 1 NORDMØRE;corporate_status;GAP_CRITIQUE_PEA;Confirmation officielle requise, jamais déduite;https://live.euronext.com/en/product/equities/NO0010691660-XOSL;https://geco.amf-france.org
NO0010751910;SPBK 1 ØSTLANDET;corporate_status;GAP_CRITIQUE_PEA;Confirmation officielle requise, jamais déduite;https://live.euronext.com/en/product/equities/NO0010751910-XOSL;https://geco.amf-france.org
NO0010029804;SPBK1 HELGELAND;corporate_status;GAP_CRITIQUE_PEA;Confirmation officielle requise, jamais déduite;https://live.euronext.com/en/product/equities/NO0010029804-XOSL;https://geco.amf-france.org
NO0006000801;SPBK1 NORD-NORGE;corporate_status;GAP_CRITIQUE_PEA;Confirmation officielle requise, jamais déduite;https://live.euronext.com/en/product/equities/NO0006000801-XOSL;https://geco.amf-france.org
NO0006390400;SPBK1 RINGERIKE;corporate_status;GAP_CRITIQUE_PEA;Confirmation officielle requise, jamais déduite;https://live.euronext.com/en/product/equities/NO0006390400-XOSL;https://geco.amf-france.org
NO0010285562;SPBK1 ØSTFOLD AKER;corporate_status;GAP_CRITIQUE_PEA;Confirmation officielle requise, jamais déduite;https://live.euronext.com/en/product/equities/NO0010285562-XOSL;https://geco.amf-france.org
NO0010098247;STRONGPOINT;corporate_status;GAP_CRITIQUE_PEA;Confirmation officielle requise, jamais déduite;https://live.euronext.com/en/product/equities/NO0010098247-XOSL;https://geco.amf-france.org
NO0012916131;TECHSTEP;corporate_status;GAP_CRITIQUE_PEA;Confirmation officielle requise, jamais déduite;https://live.euronext.com/en/product/equities/NO0012916131-XOSL;https://geco.amf-france.org
NO0010951577;TEKNA HOLDING ASA;corporate_status;GAP_CRITIQUE_PEA;Confirmation officielle requise, jamais déduite;https://live.euronext.com/en/product/equities/NO0010951577-XOSL;https://geco.amf-france.org
NO0003078800;TGS ASA;corporate_status;GAP_CRITIQUE_PEA;Confirmation officielle requise, jamais déduite;https://live.euronext.com/en/product/equities/NO0003078800-XOSL;https://geco.amf-france.org
CY0200751713;THEON INTERNATIONAL PLC;corporate_status;GAP_CRITIQUE_PEA;Confirmation officielle requise, jamais déduite;https://live.euronext.com/en/product/equities/CY0200751713-XAMS;https://geco.amf-france.org
NO0010597883;THOR MEDICAL ASA;corporate_status;GAP_CRITIQUE_PEA;Confirmation officielle requise, jamais déduite;https://live.euronext.com/en/product/equities/NO0010597883-XOSL;https://geco.amf-france.org
NO0010788268;TRØNDELAG SPBK;corporate_status;GAP_CRITIQUE_PEA;Confirmation officielle requise, jamais déduite;https://live.euronext.com/en/product/equities/NO0010788268-XOSL;https://geco.amf-france.org
NO0005806802;VEIDEKKE;corporate_status;GAP_CRITIQUE_PEA;Confirmation officielle requise, jamais déduite;https://live.euronext.com/en/product/equities/NO0005806802-XOSL;https://geco.amf-france.org
NO0010734122;VISTIN PHARMA;corporate_status;GAP_CRITIQUE_PEA;Confirmation officielle requise, jamais déduite;https://live.euronext.com/en/product/equities/NO0010734122-XOSL;https://geco.amf-france.org
NO0003025009;VOSS VEKSEL- OG LANDMANDSBANK;corporate_status;GAP_CRITIQUE_PEA;Confirmation officielle requise, jamais déduite;https://live.euronext.com/en/product/equities/NO0003025009-XOSL;https://geco.amf-france.org
NO0010708068;VOW;corporate_status;GAP_CRITIQUE_PEA;Confirmation officielle requise, jamais déduite;https://live.euronext.com/en/product/equities/NO0010708068-XOSL;https://geco.amf-france.org
NO0010609662;WEBSTEP;corporate_status;GAP_CRITIQUE_PEA;Confirmation officielle requise, jamais déduite;https://live.euronext.com/en/product/equities/NO0010609662-XOSL;https://geco.amf-france.org
NO0010571698;WILH. WILHELMSEN HOLDING SER. A;corporate_status;GAP_CRITIQUE_PEA;Confirmation officielle requise, jamais déduite;https://live.euronext.com/en/product/equities/NO0010571698-XOSL;https://geco.amf-france.org
NO0010708910;ZALARIS;corporate_status;GAP_CRITIQUE_PEA;Confirmation officielle requise, jamais déduite;https://live.euronext.com/en/product/equities/NO0010708910-XOSL;https://geco.amf-france.org
NO0010713936;ZAPTEC ASA;corporate_status;GAP_CRITIQUE_PEA;Confirmation officielle requise, jamais déduite;https://live.euronext.com/en/product/equities/NO0010713936-XOSL;https://geco.amf-france.org
NO0013524942;ZELLUNA;corporate_status;GAP_CRITIQUE_PEA;Confirmation officielle requise, jamais déduite;https://live.euronext.com/en/product/equities/NO0013524942-XOSL;https://geco.amf-france.org
NO0010672181;AASEN SPAREBANK;corporate_status;GAP_CRITIQUE_PEA;Confirmation officielle requise, jamais déduite;https://live.euronext.com/en/product/equities/NO0010672181-MERK;https://geco.amf-france.org
NO0013531616;ACE DIGITAL AS;corporate_status;GAP_CRITIQUE_PEA;Confirmation officielle requise, jamais déduite;https://live.euronext.com/en/product/equities/NO0013531616-MERK;https://geco.amf-france.org
CY0108052115;ADS MARITIME HOLDING PLC;corporate_status;GAP_CRITIQUE_PEA;Confirmation officielle requise, jamais déduite;https://live.euronext.com/en/product/equities/CY0108052115-MERK;https://geco.amf-france.org
SE0015193412;AKOBO MINERALS AB (PUB);corporate_status;GAP_CRITIQUE_PEA;Confirmation officielle requise, jamais déduite;https://live.euronext.com/en/product/equities/SE0015193412-MERK;https://geco.amf-france.org
NO0010829765;ANDFJORD SALMON GROUP AS;corporate_status;GAP_CRITIQUE_PEA;Confirmation officielle requise, jamais déduite;https://live.euronext.com/en/product/equities/NO0010829765-MERK;https://geco.amf-france.org
NO0010859580;ARCTIC BIOSCIENCE AS;corporate_status;GAP_CRITIQUE_PEA;Confirmation officielle requise, jamais déduite;https://live.euronext.com/en/product/equities/NO0010859580-MERK;https://geco.amf-france.org
NO0010917719;ARCTIC FISH HOLDING AS;corporate_status;GAP_CRITIQUE_PEA;Confirmation officielle requise, jamais déduite;https://live.euronext.com/en/product/equities/NO0010917719-MERK;https://geco.amf-france.org
NO0012861683;AYFIE INTERNATIONAL AS;corporate_status;GAP_CRITIQUE_PEA;Confirmation officielle requise, jamais déduite;https://live.euronext.com/en/product/equities/NO0012861683-MERK;https://geco.amf-france.org
NO0010810476;BALTIC SEA PROPERTIES;corporate_status;GAP_CRITIQUE_PEA;Confirmation officielle requise, jamais déduite;https://live.euronext.com/en/product/equities/NO0010810476-MERK;https://geco.amf-france.org
NO0010950249;BERGEN CARBON SOLUTIONS AS;corporate_status;GAP_CRITIQUE_PEA;Confirmation officielle requise, jamais déduite;https://live.euronext.com/en/product/equities/NO0010950249-MERK;https://geco.amf-france.org
NO0013685750;BLACK SEA PROPERTY;corporate_status;GAP_CRITIQUE_PEA;Confirmation officielle requise, jamais déduite;https://live.euronext.com/en/product/equities/NO0013685750-MERK;https://geco.amf-france.org
NO0003087603;BYGGMA;corporate_status;GAP_CRITIQUE_PEA;Confirmation officielle requise, jamais déduite;https://live.euronext.com/en/product/equities/NO0003087603-MERK;https://geco.amf-france.org
NO0010078850;CAMBI ASA;corporate_status;GAP_CRITIQUE_PEA;Confirmation officielle requise, jamais déduite;https://live.euronext.com/en/product/equities/NO0010078850-MERK;https://geco.amf-france.org
NO0013483503;CODELAB CAPITAL AS;corporate_status;GAP_CRITIQUE_PEA;Confirmation officielle requise, jamais déduite;https://live.euronext.com/en/product/equities/NO0013483503-MERK;https://geco.amf-france.org
NO0010015175;CYVIZ AS;corporate_status;GAP_CRITIQUE_PEA;Confirmation officielle requise, jamais déduite;https://live.euronext.com/en/product/equities/NO0010015175-MERK;https://geco.amf-france.org
NO0010955917;DEEP VALUE DRILLER AS;corporate_status;GAP_CRITIQUE_PEA;Confirmation officielle requise, jamais déduite;https://live.euronext.com/en/product/equities/NO0010955917-MERK;https://geco.amf-france.org
NO0010963275;DESERT CONTROL AS;corporate_status;GAP_CRITIQUE_PEA;Confirmation officielle requise, jamais déduite;https://live.euronext.com/en/product/equities/NO0010963275-MERK;https://geco.amf-france.org
NO0013711739;DOLPHIN DRILLING AS;corporate_status;GAP_CRITIQUE_PEA;Confirmation officielle requise, jamais déduite;https://live.euronext.com/en/product/equities/NO0013711739-MERK;https://geco.amf-france.org
NO0010911902;ELEKTROIMPORTØREN AS;corporate_status;GAP_CRITIQUE_PEA;Confirmation officielle requise, jamais déduite;https://live.euronext.com/en/product/equities/NO0010911902-MERK;https://geco.amf-france.org
NO0013698431;ENERGEIA AS;corporate_status;GAP_CRITIQUE_PEA;Confirmation officielle requise, jamais déduite;https://live.euronext.com/en/product/equities/NO0013698431-MERK;https://geco.amf-france.org
NO0010852213;EXACT THERAPEUTICS;corporate_status;GAP_CRITIQUE_PEA;Confirmation officielle requise, jamais déduite;https://live.euronext.com/en/product/equities/NO0010852213-MERK;https://geco.amf-france.org
NO0013209858;FLEKKEFJORD SPAREB;corporate_status;GAP_CRITIQUE_PEA;Confirmation officielle requise, jamais déduite;https://live.euronext.com/en/product/equities/NO0013209858-MERK;https://geco.amf-france.org
NO0011013765;GIGANTE SALMON AS;corporate_status;GAP_CRITIQUE_PEA;Confirmation officielle requise, jamais déduite;https://live.euronext.com/en/product/equities/NO0011013765-MERK;https://geco.amf-france.org
MT0003060101;GOLD ROAD INTERNATIONAL P.L.C;corporate_status;GAP_CRITIQUE_PEA;Confirmation officielle requise, jamais déduite;https://live.euronext.com/en/product/equities/MT0003060101-MERK;https://geco.amf-france.org
NO0013228585;GOLDEN ENERGY OFFSHORE SERVICES ASA;corporate_status;GAP_CRITIQUE_PEA;Confirmation officielle requise, jamais déduite;https://live.euronext.com/en/product/equities/NO0013228585-MERK;https://geco.amf-france.org
NO0010907744;GREEN MINERALS AS;corporate_status;GAP_CRITIQUE_PEA;Confirmation officielle requise, jamais déduite;https://live.euronext.com/en/product/equities/NO0010907744-MERK;https://geco.amf-france.org
NO0010636491;GRONG SPAREBANK;corporate_status;GAP_CRITIQUE_PEA;Confirmation officielle requise, jamais déduite;https://live.euronext.com/en/product/equities/NO0010636491-MERK;https://geco.amf-france.org
NO0010931918;HAV GROUP ASA;corporate_status;GAP_CRITIQUE_PEA;Confirmation officielle requise, jamais déduite;https://live.euronext.com/en/product/equities/NO0010931918-MERK;https://geco.amf-france.org
NO0013696799;HAVILA KYSTRUTEN AS;corporate_status;GAP_CRITIQUE_PEA;Confirmation officielle requise, jamais déduite;https://live.euronext.com/en/product/equities/NO0013696799-MERK;https://geco.amf-france.org
NO0010859648;HUDDLESTOCK FINTECH;corporate_status;GAP_CRITIQUE_PEA;Confirmation officielle requise, jamais déduite;https://live.euronext.com/en/product/equities/NO0010859648-MERK;https://geco.amf-france.org
NO0013470534;HUDDLY AS;corporate_status;GAP_CRITIQUE_PEA;Confirmation officielle requise, jamais déduite;https://live.euronext.com/en/product/equities/NO0013470534-MERK;https://geco.amf-france.org
NO0010920945;HYNION AS;corporate_status;GAP_CRITIQUE_PEA;Confirmation officielle requise, jamais déduite;https://live.euronext.com/en/product/equities/NO0010920945-MERK;https://geco.amf-france.org
NO0010724701;ICELANDIC SALMON;corporate_status;GAP_CRITIQUE_PEA;Confirmation officielle requise, jamais déduite;https://live.euronext.com/en/product/equities/NO0010724701-MERK;https://geco.amf-france.org
NO0010536048;INDUCT;corporate_status;GAP_CRITIQUE_PEA;Confirmation officielle requise, jamais déduite;https://live.euronext.com/en/product/equities/NO0010536048-MERK;https://geco.amf-france.org
SE0017486103;INIFY LABORATORIES AB;corporate_status;GAP_CRITIQUE_PEA;Confirmation officielle requise, jamais déduite;https://live.euronext.com/en/product/equities/SE0017486103-MERK;https://geco.amf-france.org
NO0010864036;ININ GROUP AS;corporate_status;GAP_CRITIQUE_PEA;Confirmation officielle requise, jamais déduite;https://live.euronext.com/en/product/equities/NO0010864036-MERK;https://geco.amf-france.org
NO0010762792;INSTABANK;corporate_status;GAP_CRITIQUE_PEA;Confirmation officielle requise, jamais déduite;https://live.euronext.com/en/product/equities/NO0010762792-MERK;https://geco.amf-france.org
NO0013461350;INTEGRATED WIND SOLUTIONS ASA;corporate_status;GAP_CRITIQUE_PEA;Confirmation officielle requise, jamais déduite;https://live.euronext.com/en/product/equities/NO0013461350-XOSL;https://geco.amf-france.org
NO0012477704;JACKTEL AS;corporate_status;GAP_CRITIQUE_PEA;Confirmation officielle requise, jamais déduite;https://live.euronext.com/en/product/equities/NO0012477704-MERK;https://geco.amf-france.org
NO0010884794;KALDVIK AS;corporate_status;GAP_CRITIQUE_PEA;Confirmation officielle requise, jamais déduite;https://live.euronext.com/en/product/equities/NO0010884794-MERK;https://geco.amf-france.org
NO0010815103;KRAFT BANK ASA;corporate_status;GAP_CRITIQUE_PEA;Confirmation officielle requise, jamais déduite;https://live.euronext.com/en/product/equities/NO0010815103-MERK;https://geco.amf-france.org
NO0010921299;LOKOTECH GROUP AS;corporate_status;GAP_CRITIQUE_PEA;Confirmation officielle requise, jamais déduite;https://live.euronext.com/en/product/equities/NO0010921299-MERK;https://geco.amf-france.org
NO0010927288;LUMI EDUCATION GROUP AS;corporate_status;GAP_CRITIQUE_PEA;Confirmation officielle requise, jamais déduite;https://live.euronext.com/en/product/equities/NO0010927288-MERK;https://geco.amf-france.org
NO0010405780;LYTIX BIOPHARMA ASA;corporate_status;GAP_CRITIQUE_PEA;Confirmation officielle requise, jamais déduite;https://live.euronext.com/en/product/equities/NO0010405780-MERK;https://geco.amf-france.org
NO0010976343;M VEST WATER AS;corporate_status;GAP_CRITIQUE_PEA;Confirmation officielle requise, jamais déduite;https://live.euronext.com/en/product/equities/NO0010976343-MERK;https://geco.amf-france.org
NO0010974983;MÅSØVAL AS;corporate_status;GAP_CRITIQUE_PEA;Confirmation officielle requise, jamais déduite;https://live.euronext.com/en/product/equities/NO0010974983-MERK;https://geco.amf-france.org
GRS802003004;NEUROSOFT;corporate_status;GAP_CRITIQUE_PEA;Confirmation officielle requise, jamais déduite;https://live.euronext.com/en/product/equities/GRS802003004-EXGM;https://geco.amf-france.org
NO0010733082;NIDAROS SPAREBANK;corporate_status;GAP_CRITIQUE_PEA;Confirmation officielle requise, jamais déduite;https://live.euronext.com/en/product/equities/NO0010733082-MERK;https://geco.amf-france.org
NO0010360019;NORAM DRILLING AS;corporate_status;GAP_CRITIQUE_PEA;Confirmation officielle requise, jamais déduite;https://live.euronext.com/en/product/equities/NO0010360019-MERK;https://geco.amf-france.org
NO0010892912;NORCOD;corporate_status;GAP_CRITIQUE_PEA;Confirmation officielle requise, jamais déduite;https://live.euronext.com/en/product/equities/NO0010892912-MERK;https://geco.amf-france.org
NO0011002651;NORDHEALTH AS A-AKSJER;corporate_status;GAP_CRITIQUE_PEA;Confirmation officielle requise, jamais déduite;https://live.euronext.com/en/product/equities/NO0011002651-MERK;https://geco.amf-france.org
NO0012928805;NORDIC AQUA PARTNERS AS;corporate_status;GAP_CRITIQUE_PEA;Confirmation officielle requise, jamais déduite;https://live.euronext.com/en/product/equities/NO0012928805-MERK;https://geco.amf-france.org
NO0003058109;NORDIC HALIBUT AS;corporate_status;GAP_CRITIQUE_PEA;Confirmation officielle requise, jamais déduite;https://live.euronext.com/en/product/equities/NO0003058109-MERK;https://geco.amf-france.org
NO0011018434;NORDIC TECHNOLOGY GROUP AS;corporate_status;GAP_CRITIQUE_PEA;Confirmation officielle requise, jamais déduite;https://live.euronext.com/en/product/equities/NO0011018434-MERK;https://geco.amf-france.org
NO0010969108;NORSK TITANIUM AS;corporate_status;GAP_CRITIQUE_PEA;Confirmation officielle requise, jamais déduite;https://live.euronext.com/en/product/equities/NO0010969108-MERK;https://geco.amf-france.org
NO0010984966;NORWEGIAN BLOCK EXCHANGE AS;corporate_status;GAP_CRITIQUE_PEA;Confirmation officielle requise, jamais déduite;https://live.euronext.com/en/product/equities/NO0010984966-MERK;https://geco.amf-france.org
NO0010917339;NOS NOVA AS;corporate_status;GAP_CRITIQUE_PEA;Confirmation officielle requise, jamais déduite;https://live.euronext.com/en/product/equities/NO0010917339-MERK;https://geco.amf-france.org
NO0010914641;OCEAN GEOLOOP AS;corporate_status;GAP_CRITIQUE_PEA;Confirmation officielle requise, jamais déduite;https://live.euronext.com/en/product/equities/NO0010914641-MERK;https://geco.amf-france.org
NO0010887565;OCEAN SUN;corporate_status;GAP_CRITIQUE_PEA;Confirmation officielle requise, jamais déduite;https://live.euronext.com/en/product/equities/NO0010887565-MERK;https://geco.amf-france.org
NO0010894512;OMDA AS;corporate_status;GAP_CRITIQUE_PEA;Confirmation officielle requise, jamais déduite;https://live.euronext.com/en/product/equities/NO0010894512-MERK;https://geco.amf-france.org
CY0201461213;PELICAN AQUA HOLDING PLC;corporate_status;GAP_CRITIQUE_PEA;Confirmation officielle requise, jamais déduite;https://live.euronext.com/en/product/equities/CY0201461213-MERK;https://geco.amf-france.org
NO0013756361;POLAR RESOURCES AS;corporate_status;GAP_CRITIQUE_PEA;Confirmation officielle requise, jamais déduite;https://live.euronext.com/en/product/equities/NO0013756361-MERK;https://geco.amf-france.org
NO0010893902;PROXIMAR SEAFOOD AS;corporate_status;GAP_CRITIQUE_PEA;Confirmation officielle requise, jamais déduite;https://live.euronext.com/en/product/equities/NO0010893902-MERK;https://geco.amf-france.org
MT0001710103;RIVER TECH;corporate_status;GAP_CRITIQUE_PEA;Confirmation officielle requise, jamais déduite;https://live.euronext.com/en/product/equities/MT0001710103-MERK;https://geco.amf-france.org
NO0010808405;ROMERIKE SPAREBK;corporate_status;GAP_CRITIQUE_PEA;Confirmation officielle requise, jamais déduite;https://live.euronext.com/en/product/equities/NO0010808405-MERK;https://geco.amf-france.org
NO0010759988;ROMSDAL SPAREBANK;corporate_status;GAP_CRITIQUE_PEA;Confirmation officielle requise, jamais déduite;https://live.euronext.com/en/product/equities/NO0010759988-MERK;https://geco.amf-france.org
NO0010931207;SKANDIA GREENPOWER AS;corporate_status;GAP_CRITIQUE_PEA;Confirmation officielle requise, jamais déduite;https://live.euronext.com/en/product/equities/NO0010931207-MERK;https://geco.amf-france.org
NO0010811961;SOFTOX SOLUTIONS;corporate_status;GAP_CRITIQUE_PEA;Confirmation officielle requise, jamais déduite;https://live.euronext.com/en/product/equities/NO0010811961-MERK;https://geco.amf-france.org
NO0010887110;SPARBNK 68 GR NORD;corporate_status;GAP_CRITIQUE_PEA;Confirmation officielle requise, jamais déduite;https://live.euronext.com/en/product/equities/NO0010887110-MERK;https://geco.amf-france.org
NO0012780958;STAINLESS TANKERS ASA;corporate_status;GAP_CRITIQUE_PEA;Confirmation officielle requise, jamais déduite;https://live.euronext.com/en/product/equities/NO0012780958-MERK;https://geco.amf-france.org
GRS528003007;THE AZUR SELECTION S.A.;corporate_status;GAP_CRITIQUE_PEA;Confirmation officielle requise, jamais déduite;https://live.euronext.com/en/product/equities/GRS528003007-XMLI;https://geco.amf-france.org
NO0010768096;WESTERN BULK CHARTERING AS;corporate_status;GAP_CRITIQUE_PEA;Confirmation officielle requise, jamais déduite;https://live.euronext.com/en/product/equities/NO0010768096-MERK;https://geco.amf-france.org
NO0010895782;XPLORA TECHNOLOGIES;corporate_status;GAP_CRITIQUE_PEA;Confirmation officielle requise, jamais déduite;https://live.euronext.com/en/product/equities/NO0010895782-MERK;https://geco.amf-france.org
IT0000784196;BCA POP SONDRDIO;corporate_status;GAP_CRITIQUE_PEA;Confirmation officielle requise, jamais déduite;https://live.euronext.com/en/product/equities/IT0000784196-XMIL;https://geco.amf-france.org
IT0003497168;TELECOM ITALIA;corporate_status;GAP_CRITIQUE_PEA;Confirmation officielle requise, jamais déduite;https://live.euronext.com/en/product/equities/IT0003497168-XMIL;https://geco.amf-france.org
FR0000053837;ALTAMIR;corporate_status;GAP_CRITIQUE_PEA;Confirmation officielle requise, jamais déduite;https://live.euronext.com/en/product/equities/FR0000053837-XPAR;https://geco.amf-france.org
FR0000063935;BONDUELLE;corporate_status;GAP_CRITIQUE_PEA;Confirmation officielle requise, jamais déduite;https://live.euronext.com/en/product/equities/FR0000063935-XPAR;https://geco.amf-france.org
BE0974496284;OPTION;corporate_status;GAP_CRITIQUE_PEA;Confirmation officielle requise, jamais déduite;https://live.euronext.com/en/product/equities/BE0974496284-XBRU;https://geco.amf-france.org
IT0005380602;SIPARIO MOVIES;corporate_status;GAP_CRITIQUE_PEA;Confirmation officielle requise, jamais déduite;https://live.euronext.com/en/product/equities/IT0005380602-ALXP;https://geco.amf-france.org
FR0012709160;UNITI;corporate_status;GAP_CRITIQUE_PEA;Confirmation officielle requise, jamais déduite;https://live.euronext.com/en/product/equities/FR0012709160-ALXP;https://geco.amf-france.org
GB00BNKGZC51;AMA CORPORATION PLC;corporate_status;GAP_CRITIQUE_PEA;Confirmation officielle requise, jamais déduite;https://live.euronext.com/en/product/equities/GB00BNKGZC51-ALXP;https://geco.amf-france.org
GB00BMDXQ672;HAMILTON GLOBAL OPPORTUNITIES PLC;corporate_status;GAP_CRITIQUE_PEA;Confirmation officielle requise, jamais déduite;https://live.euronext.com/en/product/equities/GB00BMDXQ672-ALXP;https://geco.amf-france.org
IT0005585861;HEALTH ITALIA;corporate_status;GAP_CRITIQUE_PEA;Confirmation officielle requise, jamais déduite;https://live.euronext.com/en/product/equities/IT0005585861-XMIL;https://geco.amf-france.org
IT0005422792;TRENDEVICE;corporate_status;GAP_CRITIQUE_PEA;Confirmation officielle requise, jamais déduite;https://live.euronext.com/en/product/equities/IT0005422792-XMIL;https://geco.amf-france.org
IE000Y2HN3O9;DONEGAL INVESTMENT GROUP PLC;corporate_status;GAP_CRITIQUE_PEA;Confirmation officielle requise, jamais déduite;https://live.euronext.com/en/product/equities/IE000Y2HN3O9-XDUB;https://geco.amf-france.org
FR001400UT31;ADOMOS;corporate_status;GAP_CRITIQUE_PEA;Confirmation officielle requise, jamais déduite;https://live.euronext.com/en/product/equities/FR001400UT31-XPAR;https://geco.amf-france.org
FR0014000JX7;ALCHIMIE SA;corporate_status;GAP_CRITIQUE_PEA;Confirmation officielle requise, jamais déduite;https://live.euronext.com/en/product/equities/FR0014000JX7-XPAR;https://geco.amf-france.org
FR0010478248;ATARI S.A.;corporate_status;GAP_CRITIQUE_PEA;Confirmation officielle requise, jamais déduite;https://live.euronext.com/en/product/equities/FR0010478248-XPAR;https://geco.amf-france.org
FR0013410370;AUPLATA MINING GROUP (AMG);corporate_status;GAP_CRITIQUE_PEA;Confirmation officielle requise, jamais déduite;https://live.euronext.com/en/product/equities/FR0013410370-XPAR;https://geco.amf-france.org
FR001400IV58;AVENTADOR;corporate_status;GAP_CRITIQUE_PEA;Confirmation officielle requise, jamais déduite;https://live.euronext.com/en/product/equities/FR001400IV58-XPAR;https://geco.amf-france.org
FR001400OS22;BOOSTHEAT;corporate_status;GAP_CRITIQUE_PEA;Confirmation officielle requise, jamais déduite;https://live.euronext.com/en/product/equities/FR001400OS22-XPAR;https://geco.amf-france.org
FR001400DIY6;CABASSE S.A.;corporate_status;GAP_CRITIQUE_PEA;Confirmation officielle requise, jamais déduite;https://live.euronext.com/en/product/equities/FR001400DIY6-XPAR;https://geco.amf-france.org
FR0010907956;CARMAT;corporate_status;GAP_CRITIQUE_PEA;Confirmation officielle requise, jamais déduite;https://live.euronext.com/en/product/equities/FR0010907956-XPAR;https://geco.amf-france.org
FR0013178712;CERINNOV GROUP;corporate_status;GAP_CRITIQUE_PEA;Confirmation officielle requise, jamais déduite;https://live.euronext.com/en/product/equities/FR0013178712-XPAR;https://geco.amf-france.org
FR0013335742;COGELEC;corporate_status;GAP_CRITIQUE_PEA;Confirmation officielle requise, jamais déduite;https://live.euronext.com/en/product/equities/FR0013335742-XPAR;https://geco.amf-france.org
IE0001827264;CRH PLC;corporate_status;GAP_CRITIQUE_PEA;Confirmation officielle requise, jamais déduite;https://live.euronext.com/en/product/equities/IE0001827264-XDUB;https://geco.amf-france.org
FR0000045122;ENTREPRENDRE;corporate_status;GAP_CRITIQUE_PEA;Confirmation officielle requise, jamais déduite;https://live.euronext.com/en/product/equities/FR0000045122-XPAR;https://geco.amf-france.org
FR001400PDG8;EUROPLASMA;corporate_status;GAP_CRITIQUE_PEA;Confirmation officielle requise, jamais déduite;https://live.euronext.com/en/product/equities/FR001400PDG8-XPAR;https://geco.amf-france.org
FR0004034593;FASHION B AIR;corporate_status;GAP_CRITIQUE_PEA;Confirmation officielle requise, jamais déduite;https://live.euronext.com/en/product/equities/FR0004034593-XPAR;https://geco.amf-france.org
FR0011052257;GLOBALBIOENERGIES;corporate_status;GAP_CRITIQUE_PEA;Confirmation officielle requise, jamais déduite;https://live.euronext.com/en/product/equities/FR0011052257-XPAR;https://geco.amf-france.org
FR0011884378;LUCIBEL;corporate_status;GAP_CRITIQUE_PEA;Confirmation officielle requise, jamais déduite;https://live.euronext.com/en/product/equities/FR0011884378-XPAR;https://geco.amf-france.org
FR0014010856;NEOVACS;corporate_status;GAP_CRITIQUE_PEA;Confirmation officielle requise, jamais déduite;https://live.euronext.com/en/product/equities/FR0014010856-XPAR;https://geco.amf-france.org
FR0013015583;POULAILLON;corporate_status;GAP_CRITIQUE_PEA;Confirmation officielle requise, jamais déduite;https://live.euronext.com/en/product/equities/FR0013015583-XPAR;https://geco.amf-france.org
FR0010313486;PRODWARE;corporate_status;GAP_CRITIQUE_PEA;Confirmation officielle requise, jamais déduite;https://live.euronext.com/en/product/equities/FR0010313486-XPAR;https://geco.amf-france.org
FR0010812230;SIRIUS MEDIA;corporate_status;GAP_CRITIQUE_PEA;Confirmation officielle requise, jamais déduite;https://live.euronext.com/en/product/equities/FR0010812230-XPAR;https://geco.amf-france.org
FR0000035305;TRACTIAL;corporate_status;GAP_CRITIQUE_PEA;Confirmation officielle requise, jamais déduite;https://live.euronext.com/en/product/equities/FR0000035305-XPAR;https://geco.amf-france.org
FR0004175099;TRONIC'S MICROSYSTEMS;corporate_status;GAP_CRITIQUE_PEA;Confirmation officielle requise, jamais déduite;https://live.euronext.com/en/product/equities/FR0004175099-XPAR;https://geco.amf-france.org
FR0013530102;VEOM Group;corporate_status;GAP_CRITIQUE_PEA;Confirmation officielle requise, jamais déduite;https://live.euronext.com/en/product/equities/FR0013530102-XPAR;https://geco.amf-france.org
FR001400JXA2;VERGNET;corporate_status;GAP_CRITIQUE_PEA;Confirmation officielle requise, jamais déduite;https://live.euronext.com/en/product/equities/FR001400JXA2-XPAR;https://geco.amf-france.org
GB00BK6RLF66;AQUILA EUROPEAN RENEWABLES PLC;corporate_status;GAP_CRITIQUE_PEA;Confirmation officielle requise, jamais déduite;https://live.euronext.com/en/product/equities/GB00BK6RLF66-XLON;https://geco.amf-france.org
GB00BM9PTW47;RAPID NUTRITION;corporate_status;GAP_CRITIQUE_PEA;Confirmation officielle requise, jamais déduite;https://live.euronext.com/en/product/equities/GB00BM9PTW47-XLON;https://geco.amf-france.org
