isin;name;asset_class;pea_type;pea_confidence;provider;country_domicile;region_domicile;category;morningstar_category;geo_exposure;style_factor;distribution_policy;replication_hint;dividend_yield_pct;dividend_data_status;morningstar_rating;perf_1y_pct;perf_3y_pct;perf_5y_pct;rank_cat_1y;rank_cat_3y;rank_cat_5y;perf_data_status;perf_as_of;source;as_of_date;eligible_pea_note;data_enrichment_note;enrichment_as_of;ticker_euronext;ticker_yahoo;mic;currency;mapping_status;ter_pct;aum_m;holdings;volatility_1y_pct;max_drawdown_1y_pct;source_name;source_url;evidence_note;mapping_as_of;original_isin;isin_checksum_before;isin_correction_status;isin_validation_source;isin_validation_as_of;official_benchmark;distribution_frequency;fund_total_assets_eur_m;risk_indicator;tracking_error_1y_pct;tracking_error_3y_pct;tracking_error_5y_pct;official_exchange;isin_checksum_after;ticker_validation_as_of;ticker_validation_wave;ticker_primary;primary_exchange;primary_mic;trading_currency;ticker_identity_status;ticker_confidence_pct;ticker_source_url_final;ticker_source_type;ticker_validated_as_of;ticker_yahoo_final;ticker_yahoo_status;referential_status;referential_actualised_as_of;yahoo_ticker;euronext_symbol;euronext_mic
FR0013380607;Amundi CAC 40 ETF Acc;ETF;PEA_LISTED_LMF;HIGH_LISTED_LESMEILLEURSFONDS;Amundi;France;Europe;Actions France Grandes Cap.;Actions France Grandes Cap.;France;Blend_or_Broad;ACC;PHYSICAL_FULL;;ACC_NO_DISTRIBUTION_EXPECTED;5;9.77;23.17;51.8;;;;CATEGORY_ONLY_FROM_LMF_PERF_MISSING;2026-05-27;lesmeilleursfonds_screenshots_oct2025;2026-07-31;"Listed on lesmeilleursfonds PEA ETF universe (data Oct 2025; confirm eligibility with broker)";Enriched replication 100% from justetf.com/amundietf.fr + perfs Boursorama/JustETF/BorsaItaliana/Investing.com (free) + obligations identified (no perf);2026-07-31;CACC;CACC.PA;XPAR;EUR;VERIFIED_EURONEXT_PARIS;;4466;;;;Boursorama;https://www.boursorama.com/bourse/trackers/cours/1rTCACC/;"ISIN and Euronext Paris ticker CACC confirmed; Yahoo symbol derived as CACC.PA.";2026-08-06;FR0013380607;VALID;UNCHANGED_VALID;ISO 6166 checksum;2026-08-06;;;;;;;;;VALID;2026-08-06;WAVE_01;CACC;Euronext Paris;XPAR;EUR;FINAL_VALIDATED;100;https://www.boursorama.com/bourse/trackers/cours/1rTCACC/;OFFICIAL_OR_MARKET_PAGE;2026-08-06;CACC.PA;DERIVED_FORMAT_REQUIRES_LIVE_TEST;IDENTITY_FINAL_VALIDATED;2026-08-06;CACC.PA;CACC;XPAR
FR0007052782;Amundi CAC 40 ETF Dist;ETF;PEA_LISTED_LMF;HIGH_LISTED_LESMEILLEURSFONDS;Amundi;France;Europe;Actions France Grandes Cap.;Actions France Grandes Cap.;France;Blend_or_Broad;DIST;PHYSICAL_FULL;2.74;DIST_YIELD_NOT_FETCHED;;10.02;22.51;46.2;;;;CATEGORY_ONLY_FROM_LMF_PERF_MISSING;2026-05-27;lesmeilleursfonds_screenshots_oct2025;2026-07-31;"Listed on lesmeilleursfonds PEA ETF universe (data Oct 2025; confirm eligibility with broker)";Enriched replication 100% from justetf.com/amundietf.fr + perfs Boursorama/JustETF/BorsaItaliana/Investing.com (free) + obligations identified (no perf);2026-07-31;;FR0007052782.PA;XPAR;EUR;VERIFIED_YAHOO_DIRECT;;;;;;Yahoo Finance;https://fr.finance.yahoo.com/quote/FR0007052782.PA/;Yahoo Finance exposes the ISIN-based Paris symbol.;2026-08-06;FR0007052782;VALID;UNCHANGED_VALID;ISO 6166 checksum;2026-08-06;;;;;;;;;VALID;;;CAC;Euronext Paris;XPAR;EUR;FINAL_VALIDATED;100;https://www.boursorama.com/bourse/trackers/cours/1rTCAC/;OFFICIAL_OR_MARKET_PAGE;2026-08-06;CAC.PA;DERIVED_FORMAT_REQUIRES_LIVE_TEST;IDENTITY_FINAL_VALIDATED;2026-08-06;CAC.PA;CAC;XPAR
FR001400ZGQ9;Amundi CAC 40 UCITS ETF S-Acc;ETF;PEA_LISTED_LMF;HIGH_LISTED_LESMEILLEURSFONDS;Amundi;France;Europe;Actions France Grandes Cap.;Actions France Grandes Cap.;France;Blend_or_Broad;ACC;PHYSICAL;;ACC_NO_DISTRIBUTION_EXPECTED;;;;;;;;CATEGORY_ONLY_FROM_LMF_PERF_MISSING;2026-05-27;lesmeilleursfonds_screenshots_oct2025;2026-07-31;"Listed on lesmeilleursfonds PEA ETF universe (data Oct 2025; confirm eligibility with broker)";Enriched replication 100% from justetf.com/amundietf.fr + perfs Boursorama/JustETF/BorsaItaliana/Investing.com (free) + obligations identified (no perf);2026-07-31;;FR001400ZGQ9.PA;XPAR_CANDIDATE;EUR;CANDIDATE_NOT_VERIFIED;;;;;;;;ISIN.PA is only a technical Yahoo candidate and must not be used until verified.;2026-08-06;FR001400ZGQ9;VALID;UNCHANGED_VALID;ISO 6166 checksum;2026-08-06;;;;;;;;;VALID;;;CA40;Euronext Paris;XPAR;EUR;FINAL_VALIDATED;100;https://www.boursorama.com/bourse/trackers/cours/1rTCA40/;OFFICIAL_OR_MARKET_PAGE;2026-08-06;CA40.PA;DERIVED_FORMAT_REQUIRES_LIVE_TEST;IDENTITY_FINAL_VALIDATED;2026-08-06;CA40.PA;CA40;XPAR
FR0010655704;Amundi CAC Transition Climat UCITS ETF;ETF;PEA_LISTED_LMF;HIGH_LISTED_LESMEILLEURSFONDS;Amundi;France;Europe;Actions France Grandes Cap.;Actions France Grandes Cap.;France;ESG_Climate;UNKNOWN;PHYSICAL_FULL;;MISSING;3;2.67;13.77;32.02;;;;CATEGORY_ONLY_FROM_LMF_PERF_MISSING;2026-05-27;lesmeilleursfonds_screenshots_oct2025;2026-07-31;"Listed on lesmeilleursfonds PEA ETF universe (data Oct 2025; confirm eligibility with broker)";Enriched replication 100% from justetf.com/amundietf.fr + perfs Boursorama/JustETF/BorsaItaliana/Investing.com (free) + obligations identified (no perf);2026-07-31;CF1;CF1.PA;XPAR;EUR;VERIFIED_EURONEXT_PARIS;;12;;;;Boursorama;https://www.boursorama.com/bourse/trackers/cours/1rTCF1/;"ISIN and Euronext Paris ticker CF1 confirmed; Yahoo symbol derived as CF1.PA.";2026-08-06;FR0010655704;VALID;UNCHANGED_VALID;ISO 6166 checksum;2026-08-06;;;;;;;;;VALID;2026-08-06;WAVE_01;CF1;Euronext Paris;XPAR;EUR;FINAL_VALIDATED;100;https://www.boursorama.com/bourse/trackers/cours/1rTCF1/;OFFICIAL_OR_MARKET_PAGE;2026-08-06;CF1.PA;DERIVED_FORMAT_REQUIRES_LIVE_TEST;IDENTITY_FINAL_VALIDATED;2026-08-06;CF1.PA;CF1;XPAR
LU1681047236;Amundi Core EURO STOXX 50 ETF EUR Acc;ETF;PEA_LISTED_LMF;HIGH_LISTED_LESMEILLEURSFONDS;Amundi;Luxembourg;Europe;Actions Zone Euro Grandes Cap.;Actions Zone Euro Grandes Cap.;Eurozone;Blend_or_Broad;ACC;PHYSICAL_FULL;;ACC_NO_DISTRIBUTION_EXPECTED;4;20.85;54.6;79.59;;;;CATEGORY_ONLY_FROM_LMF_PERF_MISSING;2026-05-27;lesmeilleursfonds_screenshots_oct2025;2026-07-31;"Listed on lesmeilleursfonds PEA ETF universe (data Oct 2025; confirm eligibility with broker)";Enriched replication 100% from justetf.com/amundietf.fr + perfs Boursorama/JustETF/BorsaItaliana/Investing.com (free) + obligations identified (no perf);2026-07-31;C50;C50.PA;XPAR;EUR;VERIFIED_EURONEXT_PARIS;;5143;;;;Boursorama;https://www.boursorama.com/bourse/trackers/cours/1rTC50/;"ISIN and Euronext Paris ticker C50 confirmed; Yahoo symbol derived as C50.PA.";2026-08-06;LU1681047236;VALID;UNCHANGED_VALID;ISO 6166 checksum;2026-08-06;;;;;;;;;VALID;2026-08-06;WAVE_01;C50;Euronext Paris;XPAR;EUR;FINAL_VALIDATED;100;https://www.boursorama.com/bourse/trackers/cours/1rTC50/;OFFICIAL_OR_MARKET_PAGE;2026-08-06;C50.PA;DERIVED_FORMAT_REQUIRES_LIVE_TEST;IDENTITY_FINAL_VALIDATED;2026-08-06;C50.PA;C50;XPAR
LU1681047319;Amundi Core EURO STOXX 50 ETF EUR Dist;ETF;PEA_LISTED_LMF;HIGH_LISTED_LESMEILLEURSFONDS;Amundi;Luxembourg;Europe;Actions Zone Euro Grandes Cap.;Actions Zone Euro Grandes Cap.;Eurozone;Blend_or_Broad;DIST;PHYSICAL_FULL;2.26;DIST_YIELD_NOT_FETCHED;4;20.85;54.73;79.73;;;;CATEGORY_ONLY_FROM_LMF_PERF_MISSING;2026-05-27;lesmeilleursfonds_screenshots_oct2025;2026-07-31;"Listed on lesmeilleursfonds PEA ETF universe (data Oct 2025; confirm eligibility with broker)";Enriched replication 100% from justetf.com/amundietf.fr + perfs Boursorama/JustETF/BorsaItaliana/Investing.com (free) + obligations identified (no perf);2026-07-31;CD5;CD5.PA;XPAR;EUR;VERIFIED_EURONEXT_PARIS;;;;15.68;-10.88;justETF + Euronext;https://www.justetf.com/en-be/etf-profile.html?isin=LU1681047319;"Euronext Paris listing and ticker CD5 confirmed; Reuters RIC CD5.PA.";2026-08-06;LU1681047319;VALID;UNCHANGED_VALID;ISO 6166 checksum;2026-08-06;;;;;;;;;VALID;2026-08-06;WAVE_01;CD5;Euronext Paris;XPAR;EUR;FINAL_VALIDATED;100;https://www.justetf.com/en-be/etf-profile.html?isin=LU1681047319;OFFICIAL_OR_MARKET_PAGE;2026-08-06;CD5.PA;CONFIRMED_BY_LISTING_SOURCE;IDENTITY_FINAL_VALIDATED;2026-08-06;CD5.PA;CD5;XPAR
LU1646361276;Amundi Core MSCI EMU ETF Acc;ETF;PEA_LISTED_LMF;HIGH_LISTED_LESMEILLEURSFONDS;Amundi;Luxembourg;Europe;Actions Zone Euro Grandes Cap.;Actions Zone Euro Grandes Cap.;Eurozone;Blend_or_Broad;ACC;PHYSICAL_FULL;;ACC_NO_DISTRIBUTION_EXPECTED;4;18.06;52.85;65.77;;;;CATEGORY_ONLY_FROM_LMF_PERF_MISSING;2026-05-27;lesmeilleursfonds_screenshots_oct2025;2026-07-31;"Listed on lesmeilleursfonds PEA ETF universe (data Oct 2025; confirm eligibility with broker)";Enriched replication 100% from justetf.com/amundietf.fr + perfs Boursorama/JustETF/BorsaItaliana/Investing.com (free) + obligations identified (no perf);2026-07-31;MFEC;MFEC.PA;XPAR;EUR;VERIFIED_EURONEXT_PARIS;;;;;;Boursorama;https://www.boursorama.com/bourse/trackers/cours/1rTMFEC/;"ISIN and Euronext Paris ticker MFEC confirmed; Yahoo symbol derived as MFEC.PA.";2026-08-06;LU1646361276;VALID;UNCHANGED_VALID;ISO 6166 checksum;2026-08-06;;;;;;;;;VALID;2026-08-06;WAVE_01;MFEC;Euronext Paris;XPAR;EUR;FINAL_VALIDATED;100;https://www.boursorama.com/bourse/trackers/cours/1rTMFEC/;OFFICIAL_OR_MARKET_PAGE;2026-08-06;MFEC.PA;DERIVED_FORMAT_REQUIRES_LIVE_TEST;IDENTITY_FINAL_VALIDATED;2026-08-06;MFEC.PA;MFEC;XPAR
LU1646360971;Amundi Core MSCI EMU ETF Dis;ETF;PEA_LISTED_LMF;HIGH_LISTED_LESMEILLEURSFONDS;Amundi;Luxembourg;Europe;Actions Zone Euro Grandes Cap.;Actions Zone Euro Grandes Cap.;Eurozone;Blend_or_Broad;DIST;PHYSICAL_FULL;2.8;DIST_YIELD_NOT_FETCHED;4;18.06;52.85;65.77;;;;CATEGORY_ONLY_FROM_LMF_PERF_MISSING;2026-05-27;lesmeilleursfonds_screenshots_oct2025;2026-07-31;"Listed on lesmeilleursfonds PEA ETF universe (data Oct 2025; confirm eligibility with broker)";Enriched replication 100% from justetf.com/amundietf.fr + perfs Boursorama/JustETF/BorsaItaliana/Investing.com (free) + obligations identified (no perf);2026-07-31;MFE;MFE.PA;XPAR;EUR;VERIFIED_EURONEXT_PARIS;;1400;;;;Boursorama;https://www.boursorama.com/bourse/trackers/cours/1rTMFE/;"ISIN and Euronext Paris ticker MFE confirmed; Yahoo symbol derived as MFE.PA.";2026-08-06;LU1646360971;VALID;UNCHANGED_VALID;ISO 6166 checksum;2026-08-06;;;;;;;;;VALID;2026-08-06;WAVE_01;MFE;Euronext Paris;XPAR;EUR;FINAL_VALIDATED;100;https://www.boursorama.com/bourse/trackers/cours/1rTMFE/;OFFICIAL_OR_MARKET_PAGE;2026-08-06;MFE.PA;DERIVED_FORMAT_REQUIRES_LIVE_TEST;IDENTITY_FINAL_VALIDATED;2026-08-06;MFE.PA;MFE;XPAR
LU0252633754;Amundi DAX II ETF Acc;ETF;PEA_LISTED_LMF;HIGH_LISTED_LESMEILLEURSFONDS;Amundi;Luxembourg;Europe;Actions Allemagne Gdes Cap.;Actions Allemagne Gdes Cap.;Germany;Blend_or_Broad;ACC;PHYSICAL_FULL;;ACC_NO_DISTRIBUTION_EXPECTED;4;5.72;52.27;59.09;;;;CATEGORY_ONLY_FROM_LMF_PERF_MISSING;2026-05-27;lesmeilleursfonds_screenshots_oct2025;2026-07-31;"Listed on lesmeilleursfonds PEA ETF universe (data Oct 2025; confirm eligibility with broker)";Enriched replication 100% from justetf.com/amundietf.fr + perfs Boursorama/JustETF/BorsaItaliana/Investing.com (free) + obligations identified (no perf);2026-07-31;LYY7;;XGAT;EUR;LISTING_VERIFIED_YAHOO_PENDING;;;;;;Boursorama Tradegate;https://www.boursorama.com/bourse/trackers/cours/performances-risques/1mTLYY7/;Tradegate ticker LYY7 confirmed. Yahoo suffix still requires a live symbol test.;2026-08-06;LU0252633754;VALID;UNCHANGED_VALID;ISO 6166 checksum;2026-08-06;;;;;;;;;VALID;2026-08-06;WAVE_01;DAX;Euronext Paris;XPAR;EUR;FINAL_VALIDATED;100;https://www.justetf.com/en-be/etf-profile.html?isin=LU0252633754;OFFICIAL_OR_MARKET_PAGE;2026-08-06;LYXDAX.PA;CONFIRMED_BY_LISTING_SOURCE;IDENTITY_FINAL_VALIDATED;2026-08-06;LYXDAX.PA;DAX;XPAR
FR0010655712;Amundi ETF DAX DR;ETF;PEA_LISTED_LMF;HIGH_LISTED_LESMEILLEURSFONDS;Amundi;France;Europe;Actions Allemagne Gdes Cap.;Actions Allemagne Gdes Cap.;Germany;Blend_or_Broad;UNKNOWN;PHYSICAL_FULL;;MISSING;;5.41;;;;;;CATEGORY_ONLY_FROM_LMF_PERF_MISSING;2026-07-31;lesmeilleursfonds_screenshots_oct2025;2026-07-31;"Listed on lesmeilleursfonds PEA ETF universe (data Oct 2025; confirm eligibility with broker)";Enriched replication 100% from justetf.com/amundietf.fr + perfs Boursorama/JustETF/BorsaItaliana/Investing.com (free) + obligations identified (no perf);2026-07-31;;FR0010655712.PA;XPAR_CANDIDATE;EUR;CANDIDATE_NOT_VERIFIED;;;;;;;;ISIN.PA is only a technical Yahoo candidate and must not be used until verified.;2026-08-06;FR0010655712;VALID;UNCHANGED_VALID;ISO 6166 checksum;2026-08-06;;;;;;;;;VALID;;;CG1;Euronext Paris;XPAR;EUR;FINAL_VALIDATED;100;https://www.boursorama.com/bourse/trackers/cours/1rTCG1/;OFFICIAL_OR_MARKET_PAGE;2026-08-06;CG1.PA;DERIVED_FORMAT_REQUIRES_LIVE_TEST;IDENTITY_FINAL_VALIDATED;2026-08-06;CG1.PA;CG1;XPAR
FR0007054358;Amundi Euro Stoxx 50 II UCITS ETF Acc;ETF;PEA_LISTED_LMF;HIGH_LISTED_LESMEILLEURSFONDS;Amundi;France;Europe;Actions Zone Euro Grandes Cap.;Actions Zone Euro Grandes Cap.;Eurozone;Blend_or_Broad;ACC;PHYSICAL_FULL;;ACC_NO_DISTRIBUTION_EXPECTED;4;11.5;24.35;49.64;;;;CATEGORY_ONLY_FROM_LMF_PERF_MISSING;2025-01-30;lesmeilleursfonds_screenshots_oct2025;2026-07-31;"Listed on lesmeilleursfonds PEA ETF universe (data Oct 2025; confirm eligibility with broker)";Enriched replication 100% from justetf.com/amundietf.fr + perfs Boursorama/JustETF/BorsaItaliana/Investing.com (free) + obligations identified (no perf);2026-07-31;MSE;MSE.MI;XMIL;EUR;VERIFIED_MILAN_YAHOO_CANDIDATE;;4630;;;;Boursorama;https://www.boursorama.com/bourse/trackers/cours/1gMSE/;Milan ticker MSE confirmed. MSE.MI is the Yahoo-format candidate and requires live validation.;2026-08-06;FR0007054358;VALID;UNCHANGED_VALID;ISO 6166 checksum;2026-08-06;;;;;;;;;VALID;2026-08-06;WAVE_01;MSE;Euronext Paris;XPAR;EUR;FINAL_VALIDATED;100;https://www.boursorama.com/bourse/trackers/cours/1rTMSE/;OFFICIAL_OR_MARKET_PAGE;2026-08-06;MSE.PA;DERIVED_FORMAT_REQUIRES_LIVE_TEST;IDENTITY_FINAL_VALIDATED;2026-08-06;MSE.PA;MSE;XPAR
LU1829219390;Amundi Euro Stoxx Banks ETF Acc;ETF;PEA_LISTED_LMF;HIGH_LISTED_LESMEILLEURSFONDS;Amundi;Luxembourg;Europe;Actions Secteur Finance;Actions Secteur Finance;Eurozone;Blend_or_Broad;ACC;SYNTHETIC;;ACC_NO_DISTRIBUTION_EXPECTED;4;;;;;;;CATEGORY_ONLY_FROM_LMF_PERF_MISSING;;lesmeilleursfonds_screenshots_oct2025;2026-07-31;"Listed on lesmeilleursfonds PEA ETF universe (data Oct 2025; confirm eligibility with broker)";Enriched replication 100% from justetf.com/amundietf.fr + perfs Boursorama/JustETF/BorsaItaliana/Investing.com (free) + obligations identified (no perf);2026-07-31;BNKE;BNKE.MI;XMIL;EUR;VERIFIED_MILAN_YAHOO_CANDIDATE;;;;;;Boursorama;https://www.boursorama.com/bourse/trackers/cours/1gBNKE/;Milan ticker BNKE confirmed. BNKE.MI is the Yahoo-format candidate and requires live validation.;2026-08-06;LU1829219390;VALID;UNCHANGED_VALID;ISO 6166 checksum;2026-08-06;;;;;;;;;VALID;2026-08-06;WAVE_01;BNKE;Euronext Paris;XPAR;EUR;FINAL_VALIDATED;100;https://www.boursorama.com/bourse/trackers/cours/1rTBNKE/;OFFICIAL_OR_MARKET_PAGE;2026-08-06;BNKE.PA;DERIVED_FORMAT_REQUIRES_LIVE_TEST;IDENTITY_FINAL_VALIDATED;2026-08-06;BNKE.PA;BNKE;XPAR
FR001400ZGP1;Amundi EuroStoxx 50 II ETF S-Acc;ETF;PEA_LISTED_LMF;HIGH_LISTED_LESMEILLEURSFONDS;Amundi;France;Europe;Actions Zone Euro Grandes Cap.;Actions Zone Euro Grandes Cap.;Eurozone;Blend_or_Broad;ACC;PHYSICAL_FULL;;ACC_NO_DISTRIBUTION_EXPECTED;;11.5;24.35;49.64;;;;CATEGORY_ONLY_FROM_LMF_PERF_MISSING;2025-01-30;lesmeilleursfonds_screenshots_oct2025;2026-07-31;"Listed on lesmeilleursfonds PEA ETF universe (data Oct 2025; confirm eligibility with broker)";Enriched replication 100% from justetf.com/amundietf.fr + perfs Boursorama/JustETF/BorsaItaliana/Investing.com (free) + obligations identified (no perf);2026-07-31;;FR001400ZGP1.PA;XPAR_CANDIDATE;EUR;CANDIDATE_NOT_VERIFIED;;;;;;;;ISIN.PA is only a technical Yahoo candidate and must not be used until verified.;2026-08-06;FR001400ZGP1;VALID;UNCHANGED_VALID;ISO 6166 checksum;2026-08-06;;;;;;;;;VALID;;;MSES;Euronext Paris;XPAR;EUR;FINAL_VALIDATED;100;https://www.boursorama.com/bourse/trackers/cours/1rTMSES/;OFFICIAL_OR_MARKET_PAGE;2026-08-06;MSES.PA;DERIVED_FORMAT_REQUIRES_LIVE_TEST;IDENTITY_FINAL_VALIDATED;2026-08-06;MSES.PA;MSES;XPAR
FR0010010827;Amundi FTSE MIB ETF Dist;ETF;PEA_LISTED_LMF;HIGH_LISTED_LESMEILLEURSFONDS;Amundi;France;Europe;Actions Italie;Actions Italie;Italy;Blend_or_Broad;DIST;PHYSICAL_FULL;;DIST_YIELD_NOT_FETCHED;;18.41;43.06;74.4;;;;CATEGORY_ONLY_FROM_LMF_PERF_MISSING;2025-01-30;lesmeilleursfonds_screenshots_oct2025;2026-07-31;"Listed on lesmeilleursfonds PEA ETF universe (data Oct 2025; confirm eligibility with broker)";Enriched replication 100% from justetf.com/amundietf.fr + perfs Boursorama/JustETF/BorsaItaliana/Investing.com (free) + obligations identified (no perf);2026-07-31;;FR0010010827.PA;XPAR_CANDIDATE;EUR;CANDIDATE_NOT_VERIFIED;;;;;;;;ISIN.PA is only a technical Yahoo candidate and must not be used until verified.;2026-08-06;FR0010010827;VALID;UNCHANGED_VALID;ISO 6166 checksum;2026-08-06;;;;;;;;;VALID;;;MIB;Euronext Paris;XPAR;EUR;FINAL_VALIDATED;100;https://www.boursorama.com/bourse/trackers/cours/1rTMIB/;OFFICIAL_OR_MARKET_PAGE;2026-08-06;MIB.PA;DERIVED_FORMAT_REQUIRES_LIVE_TEST;IDENTITY_FINAL_VALIDATED;2026-08-06;MIB.PA;MIB;XPAR
LU1681046931;Amundi IS CAC 40 ESG DR ETF-C;ETF;PEA_LISTED_LMF;HIGH_LISTED_LESMEILLEURSFONDS;Amundi;Luxembourg;Europe;Actions France Grandes Cap.;Actions France Grandes Cap.;France;ESG_Climate;ACC;PHYSICAL_FULL;;ACC_NO_DISTRIBUTION_EXPECTED;;-5.78;21.66;95.14;;;;CATEGORY_ONLY_FROM_LMF_PERF_MISSING;2026-05-27;lesmeilleursfonds_screenshots_oct2025;2026-07-31;"Listed on lesmeilleursfonds PEA ETF universe (data Oct 2025; confirm eligibility with broker)";Enriched replication 100% from justetf.com/amundietf.fr + perfs Boursorama/JustETF/BorsaItaliana/Investing.com (free) + obligations identified (no perf);2026-07-31;C40;C40.PA;XPAR;EUR;VERIFIED_EURONEXT_PARIS;;;;;;Boursorama;https://www.boursorama.com/bourse/trackers/cours/1rTC40/;"ISIN and Euronext Paris ticker C40 confirmed; Yahoo symbol derived as C40.PA.";2026-08-06;LU1681046931;VALID;UNCHANGED_VALID;ISO 6166 checksum;2026-08-06;;;;;;;;;VALID;2026-08-06;WAVE_01;C40;Euronext Paris;XPAR;EUR;FINAL_VALIDATED;100;https://www.boursorama.com/bourse/trackers/cours/1rTC40/;OFFICIAL_OR_MARKET_PAGE;2026-08-06;C40.PA;DERIVED_FORMAT_REQUIRES_LIVE_TEST;IDENTITY_FINAL_VALIDATED;2026-08-06;C40.PA;C40;XPAR
LU1681047079;Amundi IS CAC 40 ESG DR ETF-D;ETF;PEA_LISTED_LMF;HIGH_LISTED_LESMEILLEURSFONDS;Amundi;Luxembourg;Europe;Actions France Grandes Cap.;Actions France Grandes Cap.;France;ESG_Climate;DIST;PHYSICAL_FULL;2.81;DIST_YIELD_NOT_FETCHED;;7.03;23.19;51.66;;;;CATEGORY_ONLY_FROM_LMF_PERF_MISSING;2026-05-27;lesmeilleursfonds_screenshots_oct2025;2026-07-31;"Listed on lesmeilleursfonds PEA ETF universe (data Oct 2025; confirm eligibility with broker)";Enriched replication 100% from justetf.com/amundietf.fr + perfs Boursorama/JustETF/BorsaItaliana/Investing.com (free) + obligations identified (no perf);2026-07-31;C4D;C4D.PA;XPAR;EUR;VERIFIED_EURONEXT_PARIS_WITH_SOURCE_ANOMALY;;;;;;Boursorama;https://www.boursorama.com/bourse/trackers/cours/1rTC4D/;ISIN and ticker C4D confirmed. Boursorama underlying description appears anomalous and is quarantined.;2026-08-06;LU1681047079;VALID;UNCHANGED_VALID;ISO 6166 checksum;2026-08-06;;;;;;;;;VALID;2026-08-06;WAVE_01;C4D;Euronext Paris;XPAR;EUR;FINAL_VALIDATED;100;https://www.boursorama.com/bourse/trackers/cours/1rTC4D/;OFFICIAL_OR_MARKET_PAGE;2026-08-06;C4D.PA;DERIVED_FORMAT_REQUIRES_LIVE_TEST;IDENTITY_FINAL_VALIDATED;2026-08-06;C4D.PA;C4D;XPAR
LU1681037518;Amundi IS ITALY MIB ESG ETF DR - EUR C;ETF;PEA_LISTED_LMF;HIGH_LISTED_LESMEILLEURSFONDS;Amundi;Luxembourg;Europe;Actions Italie;Actions Italie;Italy;ESG_Climate;ACC;PHYSICAL_FULL;;ACC_NO_DISTRIBUTION_EXPECTED;;27.78;94.34;143.13;;;;CATEGORY_ONLY_FROM_LMF_PERF_MISSING;2026-05-27;lesmeilleursfonds_screenshots_oct2025;2026-07-31;"Listed on lesmeilleursfonds PEA ETF universe (data Oct 2025; confirm eligibility with broker)";Enriched replication 100% from justetf.com/amundietf.fr + perfs Boursorama/JustETF/BorsaItaliana/Investing.com (free) + obligations identified (no perf);2026-07-31;;LU1681037518.PA;XPAR_CANDIDATE;EUR;CANDIDATE_NOT_VERIFIED;;;;;;;;ISIN.PA is only a technical Yahoo candidate and must not be used until verified.;2026-08-06;LU1681037518;VALID;UNCHANGED_VALID;ISO 6166 checksum;2026-08-06;;;;;;;;;VALID;;;FMI;Euronext Paris;XPAR;EUR;FINAL_VALIDATED;100;https://www.boursorama.com/bourse/trackers/cours/1rTFMI/;OFFICIAL_OR_MARKET_PAGE;2026-08-06;FMI.PA;DERIVED_FORMAT_REQUIRES_LIVE_TEST;IDENTITY_FINAL_VALIDATED;2026-08-06;FMI.PA;FMI;XPAR
LU1681043599;Amundi IS MSCI World Swap ETF EUR Acc;ETF;PEA_LISTED_LMF;HIGH_LISTED_LESMEILLEURSFONDS;Amundi;Luxembourg;Europe;Act. International Gdes Cap. Mixte;Act. International Gdes Cap. Mixte;World;Blend_or_Broad;ACC;SYNTHETIC;;ACC_NO_DISTRIBUTION_EXPECTED;;6.78;27.64;113.12;;;;CATEGORY_ONLY_FROM_LMF_PERF_MISSING;2025-04-16;lesmeilleursfonds_screenshots_oct2025;2026-07-31;"Listed on lesmeilleursfonds PEA ETF universe (data Oct 2025; confirm eligibility with broker)";Enriched replication 100% from justetf.com/amundietf.fr + perfs Boursorama/JustETF/BorsaItaliana/Investing.com (free) + obligations identified (no perf);2026-07-31;CW8;CW8.PA;XPAR;EUR;VERIFIED_EURONEXT_PARIS;;;;;;Boursorama;https://www.boursorama.com/bourse/trackers/cours/1rTCW8/;"ISIN and Euronext Paris ticker CW8 confirmed; Yahoo symbol derived as CW8.PA.";2026-08-06;LU1681043599;VALID;UNCHANGED_VALID;ISO 6166 checksum;2026-08-06;;;;;;;;;VALID;2026-08-06;WAVE_01;CW8;Euronext Paris;XPAR;EUR;FINAL_VALIDATED;100;https://www.boursorama.com/bourse/trackers/cours/1rTCW8/;OFFICIAL_OR_MARKET_PAGE;2026-08-06;CW8.PA;DERIVED_FORMAT_REQUIRES_LIVE_TEST;IDENTITY_FINAL_VALIDATED;2026-08-06;CW8.PA;CW8;XPAR
LU2655993207;Amundi IS MSCI World Swap ETF EUR Dist;ETF;PEA_LISTED_LMF;HIGH_LISTED_LESMEILLEURSFONDS;Amundi;Luxembourg;Europe;Act. International Gdes Cap. Mixte;Act. International Gdes Cap. Mixte;World;Blend_or_Broad;DIST;SYNTHETIC;1.05;DIST_YIELD_NOT_FETCHED;;21.43;;;;;;CATEGORY_ONLY_FROM_LMF_PERF_MISSING;2026-05-27;lesmeilleursfonds_screenshots_oct2025;2026-07-31;"Listed on lesmeilleursfonds PEA ETF universe (data Oct 2025; confirm eligibility with broker)";Enriched replication 100% from justetf.com/amundietf.fr + perfs Boursorama/JustETF/BorsaItaliana/Investing.com (free) + obligations identified (no perf);2026-07-31;;LU2655993207.PA;XPAR_CANDIDATE;EUR;CANDIDATE_NOT_VERIFIED;;;;;;;;ISIN.PA is only a technical Yahoo candidate and must not be used until verified.;2026-08-06;LU2655993207;VALID;UNCHANGED_VALID;ISO 6166 checksum;2026-08-06;;;;;;;;;VALID;;;EWLD;Euronext Paris;XPAR;EUR;FINAL_VALIDATED;100;https://www.boursorama.com/bourse/trackers/cours/1rTEWLD/;OFFICIAL_OR_MARKET_PAGE;2026-08-06;EWLD.PA;DERIVED_FORMAT_REQUIRES_LIVE_TEST;IDENTITY_FINAL_VALIDATED;2026-08-06;EWLD.PA;EWLD;XPAR
LU1681038672;Amundi IS Russell 2000 ETF-C EUR;ETF;PEA_LISTED_LMF;HIGH_LISTED_LESMEILLEURSFONDS;Amundi;Luxembourg;Europe;Actions Etats-Unis Petites Cap.;Actions Etats-Unis Petites Cap.;USA;Small_Cap;ACC;SYNTHETIC;;ACC_NO_DISTRIBUTION_EXPECTED;;24.01;25.76;58.53;;;;CATEGORY_ONLY_FROM_LMF_PERF_MISSING;2025-02-19;lesmeilleursfonds_screenshots_oct2025;2026-07-31;"Listed on lesmeilleursfonds PEA ETF universe (data Oct 2025; confirm eligibility with broker)";Enriched replication 100% from justetf.com/amundietf.fr + perfs Boursorama/JustETF/BorsaItaliana/Investing.com (free) + obligations identified (no perf);2026-07-31;;LU1681038672.PA;XPAR_CANDIDATE;EUR;CANDIDATE_NOT_VERIFIED;;;;;;;;ISIN.PA is only a technical Yahoo candidate and must not be used until verified.;2026-08-06;LU1681038672;VALID;UNCHANGED_VALID;ISO 6166 checksum;2026-08-06;;;;;;;;;VALID;;;RS2K;Euronext Paris;XPAR;EUR;FINAL_VALIDATED;100;https://www.boursorama.com/bourse/trackers/cours/1rTRS2K/;OFFICIAL_OR_MARKET_PAGE;2026-08-06;RS2K.PA;DERIVED_FORMAT_REQUIRES_LIVE_TEST;IDENTITY_FINAL_VALIDATED;2026-08-06;RS2K.PA;RS2K;XPAR
FR0010655746;Amundi Ibex 35 ETF Acc;ETF;PEA_LISTED_LMF;HIGH_LISTED_LESMEILLEURSFONDS;Amundi;France;Europe;Actions Espagne;Actions Espagne;Spain;Blend_or_Broad;ACC;PHYSICAL_FULL;;ACC_NO_DISTRIBUTION_EXPECTED;;23.74;44.4;56.21;;;;CATEGORY_ONLY_FROM_LMF_PERF_MISSING;2026-05-27;lesmeilleursfonds_screenshots_oct2025;2026-07-31;"Listed on lesmeilleursfonds PEA ETF universe (data Oct 2025; confirm eligibility with broker)";Enriched replication 100% from justetf.com/amundietf.fr + perfs Boursorama/JustETF/BorsaItaliana/Investing.com (free) + obligations identified (no perf);2026-07-31;;FR0010655746.PA;XPAR_CANDIDATE;EUR;CANDIDATE_NOT_VERIFIED;;;;;;;;ISIN.PA is only a technical Yahoo candidate and must not be used until verified.;2026-08-06;FR0010655746;VALID;UNCHANGED_VALID;ISO 6166 checksum;2026-08-06;;;;;;;;;VALID;;;CS1;Euronext Paris;XPAR;EUR;FINAL_VALIDATED;100;https://www.boursorama.com/bourse/trackers/cours/1rTCS1/;OFFICIAL_OR_MARKET_PAGE;2026-08-06;CS1.PA;DERIVED_FORMAT_REQUIRES_LIVE_TEST;IDENTITY_FINAL_VALIDATED;2026-08-06;CS1.PA;CS1;XPAR
LU2182388582;Amundi MSCI EMU Clmt Paris Algd ETF Acc;ETF;PEA_LISTED_LMF;HIGH_LISTED_LESMEILLEURSFONDS;Amundi;Luxembourg;Europe;Actions Zone Euro Grandes Cap.;Actions Zone Euro Grandes Cap.;Eurozone;ESG_Climate;ACC;PHYSICAL_FULL;;ACC_NO_DISTRIBUTION_EXPECTED;;13.68;35.51;40.56;;;;CATEGORY_ONLY_FROM_LMF_PERF_MISSING;2026-05-27;lesmeilleursfonds_screenshots_oct2025;2026-07-31;"Listed on lesmeilleursfonds PEA ETF universe (data Oct 2025; confirm eligibility with broker)";Enriched replication 100% from justetf.com/amundietf.fr + perfs Boursorama/JustETF/BorsaItaliana/Investing.com (free) + obligations identified (no perf);2026-07-31;;LU2182388582.PA;XPAR_CANDIDATE;EUR;CANDIDATE_NOT_VERIFIED;;;;;;;;ISIN.PA is only a technical Yahoo candidate and must not be used until verified.;2026-08-06;LU2182388582;VALID;UNCHANGED_VALID;ISO 6166 checksum;2026-08-06;;;;;;;;;VALID;;;PABZ;Euronext Paris;XPAR;EUR;FINAL_VALIDATED;100;https://www.boursorama.com/bourse/trackers/cours/1rTPABZ/;OFFICIAL_OR_MARKET_PAGE;2026-08-06;PABZ.PA;DERIVED_FORMAT_REQUIRES_LIVE_TEST;IDENTITY_FINAL_VALIDATED;2026-08-06;PABZ.PA;PABZ;XPAR
LU0908501058;Amundi MSCI EMU ESG Brd Trnstn ETF ACC;ETF;PEA_LISTED_LMF;HIGH_LISTED_LESMEILLEURSFONDS;Amundi;Luxembourg;Europe;Actions Zone Euro Grandes Cap.;Actions Zone Euro Grandes Cap.;Eurozone;ESG_Climate;ACC;PHYSICAL_FULL;;ACC_NO_DISTRIBUTION_EXPECTED;;20.24;54.01;65.04;;;;CATEGORY_ONLY_FROM_LMF_PERF_MISSING;2026-05-27;lesmeilleursfonds_screenshots_oct2025;2026-07-31;"Listed on lesmeilleursfonds PEA ETF universe (data Oct 2025; confirm eligibility with broker)";Enriched replication 100% from justetf.com/amundietf.fr + perfs Boursorama/JustETF/BorsaItaliana/Investing.com (free) + obligations identified (no perf);2026-07-31;;LU0908501058.PA;XPAR_CANDIDATE;EUR;CANDIDATE_NOT_VERIFIED;;;;;;;;ISIN.PA is only a technical Yahoo candidate and must not be used until verified.;2026-08-06;LU0908501058;VALID;UNCHANGED_VALID;ISO 6166 checksum;2026-08-06;;;;;;;;;VALID;;;MFED;Euronext Paris;XPAR;EUR;FINAL_VALIDATED;100;https://www.boursorama.com/bourse/trackers/cours/1rTMFED/;OFFICIAL_OR_MARKET_PAGE;2026-08-06;MFED.PA;DERIVED_FORMAT_REQUIRES_LIVE_TEST;IDENTITY_FINAL_VALIDATED;2026-08-06;MFED.PA;MFED;XPAR
LU2059756325;Amundi MSCI EMU ESG Sel ETF DR EUR (D);ETF;PEA_LISTED_LMF;HIGH_LISTED_LESMEILLEURSFONDS;Amundi;Luxembourg;Europe;Actions Zone Euro Grandes Cap.;Actions Zone Euro Grandes Cap.;Eurozone;ESG_Climate;DIST;PHYSICAL_FULL;1.97;DIST_YIELD_NOT_FETCHED;;27.31;50.94;62.6;;;;CATEGORY_ONLY_FROM_LMF_PERF_MISSING;2026-05-27;lesmeilleursfonds_screenshots_oct2025;2026-07-31;"Listed on lesmeilleursfonds PEA ETF universe (data Oct 2025; confirm eligibility with broker)";Enriched replication 100% from justetf.com/amundietf.fr + perfs Boursorama/JustETF/BorsaItaliana/Investing.com (free) + obligations identified (no perf);2026-07-31;;LU2059756325.PA;XPAR_CANDIDATE;EUR;CANDIDATE_NOT_VERIFIED;;;;;;;;ISIN.PA is only a technical Yahoo candidate and must not be used until verified.;2026-08-06;LU2059756325;VALID;UNCHANGED_VALID;ISO 6166 checksum;2026-08-06;;;;;;;;;VALID;;;CMUD;Euronext Paris;XPAR;EUR;FINAL_VALIDATED;100;https://live.euronext.com/en/product/etfs/LU2059756325-XPAR/market-information;OFFICIAL_OR_MARKET_PAGE;2026-08-06;CMUD.PA;CONFIRMED_BY_LISTING_SOURCE;IDENTITY_FINAL_VALIDATED;2026-08-06;CMUD.PA;CMUD;XPAR
LU1602144575;Amundi MSCI EMU ESG Sel ETF DR EUR C;ETF;PEA_LISTED_LMF;HIGH_LISTED_LESMEILLEURSFONDS;Amundi;Luxembourg;Europe;Actions Zone Euro Grandes Cap.;Actions Zone Euro Grandes Cap.;Eurozone;ESG_Climate;ACC;PHYSICAL_FULL;;ACC_NO_DISTRIBUTION_EXPECTED;;28.97;53.23;65.93;;;;CATEGORY_ONLY_FROM_LMF_PERF_MISSING;2026-05-27;lesmeilleursfonds_screenshots_oct2025;2026-07-31;"Listed on lesmeilleursfonds PEA ETF universe (data Oct 2025; confirm eligibility with broker)";Enriched replication 100% from justetf.com/amundietf.fr + perfs Boursorama/JustETF/BorsaItaliana/Investing.com (free) + obligations identified (no perf);2026-07-31;;LU1602144575.PA;XPAR_CANDIDATE;EUR;CANDIDATE_NOT_VERIFIED;;;;;;;;ISIN.PA is only a technical Yahoo candidate and must not be used until verified.;2026-08-06;LU1602144575;VALID;UNCHANGED_VALID;ISO 6166 checksum;2026-08-06;;;;;;;;;VALID;;;CMU;Euronext Paris;XPAR;EUR;FINAL_VALIDATED;100;https://www.boursorama.com/bourse/trackers/cours/1rTCMU/;OFFICIAL_OR_MARKET_PAGE;2026-08-06;CMU.PA;DERIVED_FORMAT_REQUIRES_LIVE_TEST;IDENTITY_FINAL_VALIDATED;2026-08-06;CMU.PA;CMU;XPAR
FR0010717090;Amundi MSCI EMU High Dividend ETF Acc;ETF;PEA_LISTED_LMF;HIGH_LISTED_LESMEILLEURSFONDS;Amundi;France;Europe;Actions Zone Euro Grandes Cap.;Actions Zone Euro Grandes Cap.;Eurozone;Dividend;ACC;PHYSICAL_FULL;;ACC_NO_DISTRIBUTION_EXPECTED;;22.9;44.88;61.38;;;;CATEGORY_ONLY_FROM_LMF_PERF_MISSING;2026-05-27;lesmeilleursfonds_screenshots_oct2025;2026-07-31;"Listed on lesmeilleursfonds PEA ETF universe (data Oct 2025; confirm eligibility with broker)";Enriched replication 100% from justetf.com/amundietf.fr + perfs Boursorama/JustETF/BorsaItaliana/Investing.com (free) + obligations identified (no perf);2026-07-31;;FR0010717090.PA;XPAR_CANDIDATE;EUR;CANDIDATE_NOT_VERIFIED;;;;;;;;ISIN.PA is only a technical Yahoo candidate and must not be used until verified.;2026-08-06;FR0010717090;VALID;UNCHANGED_VALID;ISO 6166 checksum;2026-08-06;;;;;;;;;VALID;;;CD8;Euronext Paris;XPAR;EUR;FINAL_VALIDATED;100;https://www.boursorama.com/bourse/trackers/cours/1rTCD8/;OFFICIAL_OR_MARKET_PAGE;2026-08-06;CD8.PA;DERIVED_FORMAT_REQUIRES_LIVE_TEST;IDENTITY_FINAL_VALIDATED;2026-08-06;CD8.PA;CD8;XPAR
LU2109787635;Amundi MSCI EMU SRI ClmtPrsAlgdETFDRC;ETF;PEA_LISTED_LMF;HIGH_LISTED_LESMEILLEURSFONDS;Amundi;Luxembourg;Europe;Actions Zone Euro Grandes Cap.;Actions Zone Euro Grandes Cap.;Eurozone;ESG_Climate;UNKNOWN;PHYSICAL_FULL;;MISSING;;12.42;33.71;46.69;;;;CATEGORY_ONLY_FROM_LMF_PERF_MISSING;2026-04-30;lesmeilleursfonds_screenshots_oct2025;2026-07-31;"Listed on lesmeilleursfonds PEA ETF universe (data Oct 2025; confirm eligibility with broker)";Enriched replication 100% from justetf.com/amundietf.fr + perfs Boursorama/JustETF/BorsaItaliana/Investing.com (free) + obligations identified (no perf);2026-07-31;;LU2109787635.PA;XPAR_CANDIDATE;EUR;CANDIDATE_NOT_VERIFIED;;;;;;;;ISIN.PA is only a technical Yahoo candidate and must not be used until verified.;2026-08-06;LU2109787635;VALID;UNCHANGED_VALID;ISO 6166 checksum;2026-08-06;;;;;;;;;VALID;;;EESG;Euronext Paris;XPAR;EUR;FINAL_VALIDATED;100;https://www.boursorama.com/bourse/trackers/cours/1rTEESG/;OFFICIAL_OR_MARKET_PAGE;2026-08-06;EESG.PA;DERIVED_FORMAT_REQUIRES_LIVE_TEST;IDENTITY_FINAL_VALIDATED;2026-08-06;EESG.PA;EESG;XPAR
LU1598689153;Amundi MSCI EMU SmCap ESG Brd Trnstn ETF DIS;ETF;PEA_LISTED_LMF;HIGH_LISTED_LESMEILLEURSFONDS;Amundi;Luxembourg;Europe;Actions Zone Euro Petites Cap.;Actions Zone Euro Petites Cap.;Eurozone;ESG_Climate;DIST;PHYSICAL_FULL;;DIST_YIELD_NOT_FETCHED;;;;;;;;CATEGORY_ONLY_FROM_LMF_PERF_MISSING;;lesmeilleursfonds_screenshots_oct2025;2026-07-31;"Listed on lesmeilleursfonds PEA ETF universe (data Oct 2025; confirm eligibility with broker)";Enriched replication 100% from justetf.com/amundietf.fr + perfs Boursorama/JustETF/BorsaItaliana/Investing.com (free) + obligations identified (no perf);2026-07-31;;LU1598689153.PA;XPAR_CANDIDATE;EUR;CANDIDATE_NOT_VERIFIED;;;;;;;;ISIN.PA is only a technical Yahoo candidate and must not be used until verified.;2026-08-06;LU1598689153;VALID;UNCHANGED_VALID;ISO 6166 checksum;2026-08-06;;;;;;;;;VALID;;;MMS;Euronext Paris;XPAR;EUR;FINAL_VALIDATED;100;https://www.boursorama.com/bourse/trackers/cours/1rTMMS/;OFFICIAL_OR_MARKET_PAGE;2026-08-06;MMS.PA;DERIVED_FORMAT_REQUIRES_LIVE_TEST;IDENTITY_FINAL_VALIDATED;2026-08-06;MMS.PA;MMS;XPAR
LU1598690169;Amundi MSCI EMU Value Factor ETF Dis;ETF;PEA_LISTED_LMF;HIGH_LISTED_LESMEILLEURSFONDS;Amundi;Luxembourg;Europe;Actions Zone Euro Grandes Cap.;Actions Zone Euro Grandes Cap.;Eurozone;Value;DIST;PHYSICAL_FULL;3.53;DIST_YIELD_NOT_FETCHED;;27.82;69.46;107.47;;;;CATEGORY_ONLY_FROM_LMF_PERF_MISSING;2026-05-27;lesmeilleursfonds_screenshots_oct2025;2026-07-31;"Listed on lesmeilleursfonds PEA ETF universe (data Oct 2025; confirm eligibility with broker)";Enriched replication 100% from justetf.com/amundietf.fr + perfs Boursorama/JustETF/BorsaItaliana/Investing.com (free) + obligations identified (no perf);2026-07-31;;LU1598690169.PA;XPAR_CANDIDATE;EUR;CANDIDATE_NOT_VERIFIED;;;;;;;;ISIN.PA is only a technical Yahoo candidate and must not be used until verified.;2026-08-06;LU1598690169;VALID;UNCHANGED_VALID;ISO 6166 checksum;2026-08-06;;;;;;;;;VALID;;;VAL;Euronext Paris;XPAR;EUR;FINAL_VALIDATED;100;https://www.boursorama.com/bourse/trackers/cours/1rTVAL/;OFFICIAL_OR_MARKET_PAGE;2026-08-06;VAL.PA;DERIVED_FORMAT_REQUIRES_LIVE_TEST;IDENTITY_FINAL_VALIDATED;2026-08-06;VAL.PA;VAL;XPAR
FR0010405431;Amundi MSCI Greece ETF Dist;ETF;PEA_LISTED_LMF;HIGH_LISTED_LESMEILLEURSFONDS;Amundi;France;Europe;Actions Secteur Autres;Actions Secteur Autres;Other_or_Mixed;Blend_or_Broad;DIST;PHYSICAL_FULL;2.8;DIST_YIELD_NOT_FETCHED;;17.69;69.77;63.9;;;;CATEGORY_ONLY_FROM_LMF_PERF_MISSING;2026-06-30;lesmeilleursfonds_screenshots_oct2025;2026-07-31;"Listed on lesmeilleursfonds PEA ETF universe (data Oct 2025; confirm eligibility with broker)";Enriched replication 100% from justetf.com/amundietf.fr + perfs Boursorama/JustETF/BorsaItaliana/Investing.com (free) + obligations identified (no perf);2026-07-31;;FR0010405431.PA;XPAR_CANDIDATE;EUR;CANDIDATE_NOT_VERIFIED;;;;;;;;ISIN.PA is only a technical Yahoo candidate and must not be used until verified.;2026-08-06;FR0010405431;VALID;UNCHANGED_VALID;ISO 6166 checksum;2026-08-06;;;;;;;;;VALID;;;GRE;Euronext Paris;XPAR;EUR;FINAL_VALIDATED;100;https://www.boursorama.com/bourse/trackers/cours/1rTGRE/;OFFICIAL_OR_MARKET_PAGE;2026-08-06;GRE.PA;DERIVED_FORMAT_REQUIRES_LIVE_TEST;IDENTITY_FINAL_VALIDATED;2026-08-06;GRE.PA;GRE;XPAR
LU2195226068;Amundi S&P Eurozone ClmtPrsAlgdETFAcc;ETF;PEA_LISTED_LMF;HIGH_LISTED_LESMEILLEURSFONDS;Amundi;Luxembourg;Europe;Actions Zone Euro Grandes Cap.;Actions Zone Euro Grandes Cap.;Eurozone;ESG_Climate;ACC;PHYSICAL_FULL;;ACC_NO_DISTRIBUTION_EXPECTED;;19.32;57.74;64.72;;;;CATEGORY_ONLY_FROM_LMF_PERF_MISSING;2026-06-30;lesmeilleursfonds_screenshots_oct2025;2026-07-31;"Listed on lesmeilleursfonds PEA ETF universe (data Oct 2025; confirm eligibility with broker)";Enriched replication 100% from justetf.com/amundietf.fr + perfs Boursorama/JustETF/BorsaItaliana/Investing.com (free) + obligations identified (no perf);2026-07-31;;LU2195226068.PA;XPAR_CANDIDATE;EUR;CANDIDATE_NOT_VERIFIED;;;;;;;;ISIN.PA is only a technical Yahoo candidate and must not be used until verified.;2026-08-06;LU2195226068;VALID;UNCHANGED_VALID;ISO 6166 checksum;2026-08-06;;;;;;;;;VALID;;;EPAB;Euronext Paris;XPAR;EUR;FINAL_VALIDATED;100;https://www.boursorama.com/bourse/trackers/cours/1rTEPAB/;OFFICIAL_OR_MARKET_PAGE;2026-08-06;EPAB.PA;DERIVED_FORMAT_REQUIRES_LIVE_TEST;IDENTITY_FINAL_VALIDATED;2026-08-06;EPAB.PA;EPAB;XPAR
LU1834983477;Amundi STOXX Europe 600 Banks ETF Acc;ETF;PEA_LISTED_LMF;HIGH_LISTED_LESMEILLEURSFONDS;Amundi;Luxembourg;Europe;Actions Secteur Finance;Actions Secteur Finance;Europe;Blend_or_Broad;ACC;UNKNOWN_CHECK_KIID;;ACC_NO_DISTRIBUTION_EXPECTED;;;;;;;;CATEGORY_ONLY_FROM_LMF_PERF_MISSING;;lesmeilleursfonds_screenshots_oct2025;2026-07-31;"Listed on lesmeilleursfonds PEA ETF universe (data Oct 2025; confirm eligibility with broker)";Enriched replication 100% from justetf.com/amundietf.fr + perfs Boursorama/JustETF/BorsaItaliana/Investing.com (free) + obligations identified (no perf);2026-07-31;;LU1834983477.PA;XPAR_CANDIDATE;EUR;CANDIDATE_NOT_VERIFIED;;;;;;;;ISIN.PA is only a technical Yahoo candidate and must not be used until verified.;2026-08-06;LU1834983477;VALID;UNCHANGED_VALID;ISO 6166 checksum;2026-08-06;;;;;;;;;VALID;;;BNK;Euronext Paris;XPAR;EUR;FINAL_VALIDATED;100;https://www.boursorama.com/bourse/trackers/cours/1rTBNK/;OFFICIAL_OR_MARKET_PAGE;2026-08-06;BNK.PA;DERIVED_FORMAT_REQUIRES_LIVE_TEST;IDENTITY_FINAL_VALIDATED;2026-08-06;BNK.PA;BNK;XPAR
LU1834986900;Amundi STOXX Europe 600 Hlthcare ETF Acc;ETF;PEA_LISTED_LMF;HIGH_LISTED_LESMEILLEURSFONDS;Amundi;Luxembourg;Europe;Actions Secteur Santé;Actions Secteur Santé;Europe;Blend_or_Broad;ACC;UNKNOWN_CHECK_KIID;;ACC_NO_DISTRIBUTION_EXPECTED;;;;;;;;CATEGORY_ONLY_FROM_LMF_PERF_MISSING;;lesmeilleursfonds_screenshots_oct2025;2026-07-31;"Listed on lesmeilleursfonds PEA ETF universe (data Oct 2025; confirm eligibility with broker)";Enriched replication 100% from justetf.com/amundietf.fr + perfs Boursorama/JustETF/BorsaItaliana/Investing.com (free) + obligations identified (no perf);2026-07-31;;LU1834986900.PA;XPAR_CANDIDATE;EUR;CANDIDATE_NOT_VERIFIED;;;;;;;;ISIN.PA is only a technical Yahoo candidate and must not be used until verified.;2026-08-06;LU1834986900;VALID;UNCHANGED_VALID;ISO 6166 checksum;2026-08-06;;;;;;;;;VALID;;;HLT;Euronext Paris;XPAR;EUR;FINAL_VALIDATED;100;https://www.boursorama.com/bourse/trackers/cours/1rTHLT/;OFFICIAL_OR_MARKET_PAGE;2026-08-06;HLT.PA;DERIVED_FORMAT_REQUIRES_LIVE_TEST;IDENTITY_FINAL_VALIDATED;2026-08-06;HLT.PA;HLT;XPAR
LU1834987890;Amundi STOXX Europe 600 Indstr ETF Acc;ETF;PEA_LISTED_LMF;HIGH_LISTED_LESMEILLEURSFONDS;Amundi;Luxembourg;Europe;Act. Secteur Matériaux & Industrie;Act. Secteur Matériaux & Industrie;Other_or_Mixed;Blend_or_Broad;ACC;UNKNOWN_CHECK_KIID;;ACC_NO_DISTRIBUTION_EXPECTED;;;;;;;;CATEGORY_ONLY_FROM_LMF_PERF_MISSING;;lesmeilleursfonds_screenshots_oct2025;2026-07-31;"Listed on lesmeilleursfonds PEA ETF universe (data Oct 2025; confirm eligibility with broker)";Enriched replication 100% from justetf.com/amundietf.fr + perfs Boursorama/JustETF/BorsaItaliana/Investing.com (free) + obligations identified (no perf);2026-07-31;;LU1834987890.PA;XPAR_CANDIDATE;EUR;CANDIDATE_NOT_VERIFIED;;;;;;;;ISIN.PA is only a technical Yahoo candidate and must not be used until verified.;2026-08-06;LU1834987890;VALID;UNCHANGED_VALID;ISO 6166 checksum;2026-08-06;;;;;;;;;VALID;;;IND;Euronext Paris;XPAR;EUR;FINAL_VALIDATED;100;https://www.boursorama.com/bourse/trackers/cours/1rTIND/;OFFICIAL_OR_MARKET_PAGE;2026-08-06;IND.PA;DERIVED_FORMAT_REQUIRES_LIVE_TEST;IDENTITY_FINAL_VALIDATED;2026-08-06;IND.PA;IND;XPAR
LU1834987973;Amundi STOXX Europe 600 Ins ETF Acc;ETF;PEA_LISTED_LMF;HIGH_LISTED_LESMEILLEURSFONDS;Amundi;Luxembourg;Europe;Actions Secteur Finance;Actions Secteur Finance;Europe;Blend_or_Broad;ACC;UNKNOWN_CHECK_KIID;;ACC_NO_DISTRIBUTION_EXPECTED;;;;;;;;CATEGORY_ONLY_FROM_LMF_PERF_MISSING;;lesmeilleursfonds_screenshots_oct2025;2026-07-31;"Listed on lesmeilleursfonds PEA ETF universe (data Oct 2025; confirm eligibility with broker)";Enriched replication 100% from justetf.com/amundietf.fr + perfs Boursorama/JustETF/BorsaItaliana/Investing.com (free) + obligations identified (no perf);2026-07-31;;LU1834987973.PA;XPAR_CANDIDATE;EUR;CANDIDATE_NOT_VERIFIED;;;;;;;;ISIN.PA is only a technical Yahoo candidate and must not be used until verified.;2026-08-06;LU1834987973;VALID;UNCHANGED_VALID;ISO 6166 checksum;2026-08-06;;;;;;;;;VALID;;;INS;Euronext Paris;XPAR;EUR;FINAL_VALIDATED;100;https://www.boursorama.com/bourse/trackers/cours/1rTINS/;OFFICIAL_OR_MARKET_PAGE;2026-08-06;INS.PA;DERIVED_FORMAT_REQUIRES_LIVE_TEST;IDENTITY_FINAL_VALIDATED;2026-08-06;INS.PA;INS;XPAR
LU1834988518;Amundi STOXX Europe 600 Tech ETF Acc;ETF;PEA_LISTED_LMF;HIGH_LISTED_LESMEILLEURSFONDS;Amundi;Luxembourg;Europe;Actions Secteur Technologies;Actions Secteur Technologies;Europe;Blend_or_Broad;ACC;UNKNOWN_CHECK_KIID;;ACC_NO_DISTRIBUTION_EXPECTED;;;;;;;;CATEGORY_ONLY_FROM_LMF_PERF_MISSING;;lesmeilleursfonds_screenshots_oct2025;2026-07-31;"Listed on lesmeilleursfonds PEA ETF universe (data Oct 2025; confirm eligibility with broker)";Enriched replication 100% from justetf.com/amundietf.fr + perfs Boursorama/JustETF/BorsaItaliana/Investing.com (free) + obligations identified (no perf);2026-07-31;;LU1834988518.PA;XPAR_CANDIDATE;EUR;CANDIDATE_NOT_VERIFIED;;;;;;;;ISIN.PA is only a technical Yahoo candidate and must not be used until verified.;2026-08-06;LU1834988518;VALID;UNCHANGED_VALID;ISO 6166 checksum;2026-08-06;;;;;;;;;VALID;;;TNO;Euronext Paris;XPAR;EUR;FINAL_VALIDATED;100;https://www.boursorama.com/bourse/trackers/cours/1rTTNO/;OFFICIAL_OR_MARKET_PAGE;2026-08-06;TNO.PA;CONFIRMED_BY_LISTING_SOURCE;IDENTITY_FINAL_VALIDATED;2026-08-06;TNO.PA;TNO;XPAR
LU1834988609;Amundi STOXX Europe 600 Telecoms ETF Acc;ETF;PEA_LISTED_LMF;HIGH_LISTED_LESMEILLEURSFONDS;Amundi;Luxembourg;Europe;Actions Secteur Communication;Actions Secteur Communication;Europe;Blend_or_Broad;ACC;UNKNOWN_CHECK_KIID;;ACC_NO_DISTRIBUTION_EXPECTED;;;;;;;;CATEGORY_ONLY_FROM_LMF_PERF_MISSING;;lesmeilleursfonds_screenshots_oct2025;2026-07-31;"Listed on lesmeilleursfonds PEA ETF universe (data Oct 2025; confirm eligibility with broker)";Enriched replication 100% from justetf.com/amundietf.fr + perfs Boursorama/JustETF/BorsaItaliana/Investing.com (free) + obligations identified (no perf);2026-07-31;;LU1834988609.PA;XPAR_CANDIDATE;EUR;CANDIDATE_NOT_VERIFIED;;;;;;;;ISIN.PA is only a technical Yahoo candidate and must not be used until verified.;2026-08-06;LU1834988609;VALID;UNCHANGED_VALID;ISO 6166 checksum;2026-08-06;;;;;;;;;VALID;;;TELE;Euronext Paris;XPAR;EUR;FINAL_VALIDATED;100;https://www.boursorama.com/bourse/trackers/cours/1rTTELE/;OFFICIAL_OR_MARKET_PAGE;2026-08-06;TELE.PA;DERIVED_FORMAT_REQUIRES_LIVE_TEST;IDENTITY_FINAL_VALIDATED;2026-08-06;TELE.PA;TELE;XPAR
LU1834988864;Amundi STOXX Europe 600 Utilts ETF Acc;ETF;PEA_LISTED_LMF;HIGH_LISTED_LESMEILLEURSFONDS;Amundi;Luxembourg;Europe;Actions Secteur Services Publics;Actions Secteur Services Publics;Europe;Blend_or_Broad;ACC;UNKNOWN_CHECK_KIID;;ACC_NO_DISTRIBUTION_EXPECTED;;;;;;;;CATEGORY_ONLY_FROM_LMF_PERF_MISSING;;lesmeilleursfonds_screenshots_oct2025;2026-07-31;"Listed on lesmeilleursfonds PEA ETF universe (data Oct 2025; confirm eligibility with broker)";Enriched replication 100% from justetf.com/amundietf.fr + perfs Boursorama/JustETF/BorsaItaliana/Investing.com (free) + obligations identified (no perf);2026-07-31;;LU1834988864.PA;XPAR_CANDIDATE;EUR;CANDIDATE_NOT_VERIFIED;;;;;;;;ISIN.PA is only a technical Yahoo candidate and must not be used until verified.;2026-08-06;LU1834988864;VALID;UNCHANGED_VALID;ISO 6166 checksum;2026-08-06;;;;;;;;;VALID;;;UTI;Euronext Paris;XPAR;EUR;FINAL_VALIDATED;100;https://www.boursorama.com/bourse/trackers/cours/1rTUTI/;OFFICIAL_OR_MARKET_PAGE;2026-08-06;UTI.PA;DERIVED_FORMAT_REQUIRES_LIVE_TEST;IDENTITY_FINAL_VALIDATED;2026-08-06;UTI.PA;UTI;XPAR
LU1834983550;Amundi STOXX Eurp 600 Basic Res ETF Acc;ETF;PEA_LISTED_LMF;HIGH_LISTED_LESMEILLEURSFONDS;Amundi;Luxembourg;Europe;Act. Secteur Matériaux & Industrie;Act. Secteur Matériaux & Industrie;Other_or_Mixed;Blend_or_Broad;ACC;UNKNOWN_CHECK_KIID;;ACC_NO_DISTRIBUTION_EXPECTED;;;;;;;;CATEGORY_ONLY_FROM_LMF_PERF_MISSING;;lesmeilleursfonds_screenshots_oct2025;2026-07-31;"Listed on lesmeilleursfonds PEA ETF universe (data Oct 2025; confirm eligibility with broker)";Enriched replication 100% from justetf.com/amundietf.fr + perfs Boursorama/JustETF/BorsaItaliana/Investing.com (free) + obligations identified (no perf);2026-07-31;;LU1834983550.PA;XPAR_CANDIDATE;EUR;CANDIDATE_NOT_VERIFIED;;;;;;;;ISIN.PA is only a technical Yahoo candidate and must not be used until verified.;2026-08-06;LU1834983550;VALID;UNCHANGED_VALID;ISO 6166 checksum;2026-08-06;;;;;;;;;VALID;;;BRES;Euronext Paris;XPAR;EUR;FINAL_VALIDATED;100;https://www.boursorama.com/bourse/trackers/cours/1rTBRES/;OFFICIAL_OR_MARKET_PAGE;2026-08-06;BRES.PA;DERIVED_FORMAT_REQUIRES_LIVE_TEST;IDENTITY_FINAL_VALIDATED;2026-08-06;BRES.PA;BRES;XPAR
LU1834983634;Amundi STOXX Eurp 600 Bsc Mtrls ETF Acc;ETF;PEA_LISTED_LMF;HIGH_LISTED_LESMEILLEURSFONDS;Amundi;Luxembourg;Europe;Act. Secteur Matériaux & Industrie;Act. Secteur Matériaux & Industrie;Other_or_Mixed;Blend_or_Broad;ACC;UNKNOWN_CHECK_KIID;;ACC_NO_DISTRIBUTION_EXPECTED;;;;;;;;CATEGORY_ONLY_FROM_LMF_PERF_MISSING;;lesmeilleursfonds_screenshots_oct2025;2026-07-31;"Listed on lesmeilleursfonds PEA ETF universe (data Oct 2025; confirm eligibility with broker)";Enriched replication 100% from justetf.com/amundietf.fr + perfs Boursorama/JustETF/BorsaItaliana/Investing.com (free) + obligations identified (no perf);2026-07-31;;LU1834983634.PA;XPAR_CANDIDATE;EUR;CANDIDATE_NOT_VERIFIED;;;;;;;;ISIN.PA is only a technical Yahoo candidate and must not be used until verified.;2026-08-06;LU1834983634;VALID;UNCHANGED_VALID;ISO 6166 checksum;2026-08-06;;;;;;;;;VALID;;;CHM;Euronext Paris;XPAR;EUR;FINAL_VALIDATED;100;https://www.boursorama.com/bourse/trackers/cours/1rTCHM/;OFFICIAL_OR_MARKET_PAGE;2026-08-06;CHM.PA;DERIVED_FORMAT_REQUIRES_LIVE_TEST;IDENTITY_FINAL_VALIDATED;2026-08-06;CHM.PA;CHM;XPAR
LU1834988781;Amundi STOXX Eurp 600 Cnsmr Disc ETF Acc;ETF;PEA_LISTED_LMF;HIGH_LISTED_LESMEILLEURSFONDS;Amundi;Luxembourg;Europe;Act. Secteur Biens Conso. & Services;Act. Secteur Biens Conso. & Services;Other_or_Mixed;Blend_or_Broad;ACC;UNKNOWN_CHECK_KIID;;ACC_NO_DISTRIBUTION_EXPECTED;;;;;;;;CATEGORY_ONLY_FROM_LMF_PERF_MISSING;;lesmeilleursfonds_screenshots_oct2025;2026-07-31;"Listed on lesmeilleursfonds PEA ETF universe (data Oct 2025; confirm eligibility with broker)";Enriched replication 100% from justetf.com/amundietf.fr + perfs Boursorama/JustETF/BorsaItaliana/Investing.com (free) + obligations identified (no perf);2026-07-31;;LU1834988781.PA;XPAR_CANDIDATE;EUR;CANDIDATE_NOT_VERIFIED;;;;;;;;ISIN.PA is only a technical Yahoo candidate and must not be used until verified.;2026-08-06;LU1834988781;VALID;UNCHANGED_VALID;ISO 6166 checksum;2026-08-06;;;;;;;;;VALID;;;TRV;Euronext Paris;XPAR;EUR;FINAL_VALIDATED;100;https://www.boursorama.com/bourse/trackers/cours/1rTTRV/;OFFICIAL_OR_MARKET_PAGE;2026-08-06;TRV.PA;DERIVED_FORMAT_REQUIRES_LIVE_TEST;IDENTITY_FINAL_VALIDATED;2026-08-06;TRV.PA;TRV;XPAR
LU1834985845;Amundi STOXX Eurp 600 Cnsmr Stp ETF Acc;ETF;PEA_LISTED_LMF;HIGH_LISTED_LESMEILLEURSFONDS;Amundi;Luxembourg;Europe;Act. Secteur Biens Conso. & Services;Act. Secteur Biens Conso. & Services;Other_or_Mixed;Blend_or_Broad;ACC;UNKNOWN_CHECK_KIID;;ACC_NO_DISTRIBUTION_EXPECTED;;;;;;;;CATEGORY_ONLY_FROM_LMF_PERF_MISSING;;lesmeilleursfonds_screenshots_oct2025;2026-07-31;"Listed on lesmeilleursfonds PEA ETF universe (data Oct 2025; confirm eligibility with broker)";Enriched replication 100% from justetf.com/amundietf.fr + perfs Boursorama/JustETF/BorsaItaliana/Investing.com (free) + obligations identified (no perf);2026-07-31;;LU1834985845.PA;XPAR_CANDIDATE;EUR;CANDIDATE_NOT_VERIFIED;;;;;;;;ISIN.PA is only a technical Yahoo candidate and must not be used until verified.;2026-08-06;LU1834985845;VALID;UNCHANGED_VALID;ISO 6166 checksum;2026-08-06;;;;;;;;;VALID;;;FOO;Euronext Paris;XPAR;EUR;FINAL_VALIDATED;100;https://www.boursorama.com/bourse/trackers/cours/1rTFOO/;OFFICIAL_OR_MARKET_PAGE;2026-08-06;FOO.PA;DERIVED_FORMAT_REQUIRES_LIVE_TEST;IDENTITY_FINAL_VALIDATED;2026-08-06;FOO.PA;FOO;XPAR
LU1812092168;Amundi Stoxx Europe Select Div 30 ETF D;ETF;PEA_LISTED_LMF;HIGH_LISTED_LESMEILLEURSFONDS;Amundi;Luxembourg;Europe;Actions Europe Rendement;Actions Europe Rendement;Europe;Dividend;DIST;UNKNOWN_CHECK_KIID;;DIST_YIELD_NOT_FETCHED;;;;;;;;CATEGORY_ONLY_FROM_LMF_PERF_MISSING;;lesmeilleursfonds_screenshots_oct2025;2026-07-31;"Listed on lesmeilleursfonds PEA ETF universe (data Oct 2025; confirm eligibility with broker)";Enriched replication 100% from justetf.com/amundietf.fr + perfs Boursorama/JustETF/BorsaItaliana/Investing.com (free) + obligations identified (no perf);2026-07-31;;LU1812092168.PA;XPAR_CANDIDATE;EUR;CANDIDATE_NOT_VERIFIED;;;;;;;;ISIN.PA is only a technical Yahoo candidate and must not be used until verified.;2026-08-06;LU1812092168;VALID;UNCHANGED_VALID;ISO 6166 checksum;2026-08-06;;;;;;;;;VALID;;;SEL;Euronext Paris;XPAR;EUR;FINAL_VALIDATED;100;https://www.boursorama.com/bourse/trackers/cours/1rTSEL/;OFFICIAL_OR_MARKET_PAGE;2026-08-06;SEL.PA;DERIVED_FORMAT_REQUIRES_LIVE_TEST;IDENTITY_FINAL_VALIDATED;2026-08-06;SEL.PA;SEL;XPAR
FR0010150458;BNP Paribas Easy CAC 40 ESG ETF;ETF;PEA_LISTED_LMF;HIGH_LISTED_LESMEILLEURSFONDS;BNP_Paribas;France;Europe;Actions France Grandes Cap.;Actions France Grandes Cap.;France;ESG_Climate;UNKNOWN;UNKNOWN_CHECK_KIID;;MISSING;;;;;;;;CATEGORY_ONLY_FROM_LMF_PERF_MISSING;;lesmeilleursfonds_screenshots_oct2025;2026-07-31;"Listed on lesmeilleursfonds PEA ETF universe (data Oct 2025; confirm eligibility with broker)";Enriched replication 100% from justetf.com/amundietf.fr + perfs Boursorama/JustETF/BorsaItaliana/Investing.com (free) + obligations identified (no perf);2026-07-31;;FR0010150458.PA;XPAR_CANDIDATE;EUR;CANDIDATE_NOT_VERIFIED;;;;;;;;ISIN.PA is only a technical Yahoo candidate and must not be used until verified.;2026-08-06;FR0010150458;VALID;UNCHANGED_VALID;ISO 6166 checksum;2026-08-06;;;;;;;;;VALID;;;E40;Euronext Paris;XPAR;EUR;FINAL_VALIDATED;100;https://www.boursorama.com/bourse/trackers/cours/1rTE40/;OFFICIAL_OR_MARKET_PAGE;2026-08-06;E40.PA;DERIVED_FORMAT_REQUIRES_LIVE_TEST;IDENTITY_FINAL_VALIDATED;2026-08-06;E40.PA;E40;XPAR
LU1615090864;BNP Paribas Easy Dividend Eurp ETF Cap;ETF;PEA_LISTED_LMF;HIGH_LISTED_LESMEILLEURSFONDS;BNP_Paribas;Luxembourg;Europe;Actions Europe Rendement;Actions Europe Rendement;Europe;Dividend;ACC;UNKNOWN_CHECK_KIID;;ACC_NO_DISTRIBUTION_EXPECTED;;;;;;;;CATEGORY_ONLY_FROM_LMF_PERF_MISSING;;lesmeilleursfonds_screenshots_oct2025;2026-07-31;"Listed on lesmeilleursfonds PEA ETF universe (data Oct 2025; confirm eligibility with broker)";Enriched replication 100% from justetf.com/amundietf.fr + perfs Boursorama/JustETF/BorsaItaliana/Investing.com (free) + obligations identified (no perf);2026-07-31;;LU1615090864.PA;XPAR_CANDIDATE;EUR;CANDIDATE_NOT_VERIFIED;;;;;;;;ISIN.PA is only a technical Yahoo candidate and must not be used until verified.;2026-08-06;LU1615090864;VALID;UNCHANGED_VALID;ISO 6166 checksum;2026-08-06;;;;;;;;;VALID;;;EDEU;Euronext Paris;XPAR;EUR;FINAL_VALIDATED;100;https://www.boursorama.com/bourse/trackers/cours/1rTEDEU/;OFFICIAL_OR_MARKET_PAGE;2026-08-06;EDEU.PA;DERIVED_FORMAT_REQUIRES_LIVE_TEST;IDENTITY_FINAL_VALIDATED;2026-08-06;EDEU.PA;EDEU;XPAR
LU3025345516;BNP Paribas Easy EUR Overnight ETF Acc;ETF;PEA_LISTED_LMF;HIGH_LISTED_LESMEILLEURSFONDS;BNP_Paribas;Luxembourg;Europe;Swap ESTR PEA;Swap ESTR PEA;Money_Market;Cash_MoneyMarket;ACC;UNKNOWN_CHECK_KIID;;ACC_NO_DISTRIBUTION_EXPECTED;;;;;;;;CATEGORY_ONLY_FROM_LMF_PERF_MISSING;;lesmeilleursfonds_screenshots_oct2025;2026-07-31;"Listed on lesmeilleursfonds PEA ETF universe (data Oct 2025; confirm eligibility with broker)";Enriched replication 100% from justetf.com/amundietf.fr + perfs Boursorama/JustETF/BorsaItaliana/Investing.com (free) + obligations identified (no perf);2026-07-31;;LU3025345516.PA;XPAR_CANDIDATE;EUR;CANDIDATE_NOT_VERIFIED;;;;;;;;ISIN.PA is only a technical Yahoo candidate and must not be used until verified.;2026-08-06;LU3025345516;VALID;UNCHANGED_VALID;ISO 6166 checksum;2026-08-06;;;;;;;;;VALID;;;CASHE;Euronext Paris;XPAR;EUR;FINAL_VALIDATED;100;https://www.boursorama.com/bourse/trackers/cours/1rTCASHE/;OFFICIAL_OR_MARKET_PAGE;2026-08-06;CASHE.PA;DERIVED_FORMAT_REQUIRES_LIVE_TEST;IDENTITY_FINAL_VALIDATED;2026-08-06;CASHE.PA;CASHE;XPAR
LU1377382103;BNP Paribas Easy Quality Europe ETF Cap;ETF;PEA_LISTED_LMF;HIGH_LISTED_LESMEILLEURSFONDS;BNP_Paribas;Luxembourg;Europe;Actions Europe Gdes Cap. Mixte;Actions Europe Gdes Cap. Mixte;Europe;Blend_or_Broad;ACC;UNKNOWN_CHECK_KIID;;ACC_NO_DISTRIBUTION_EXPECTED;;;;;;;;CATEGORY_ONLY_FROM_LMF_PERF_MISSING;;lesmeilleursfonds_screenshots_oct2025;2026-07-31;"Listed on lesmeilleursfonds PEA ETF universe (data Oct 2025; confirm eligibility with broker)";Enriched replication 100% from justetf.com/amundietf.fr + perfs Boursorama/JustETF/BorsaItaliana/Investing.com (free) + obligations identified (no perf);2026-07-31;;LU1377382103.PA;XPAR_CANDIDATE;EUR;CANDIDATE_NOT_VERIFIED;;;;;;;;ISIN.PA is only a technical Yahoo candidate and must not be used until verified.;2026-08-06;LU1377382103;VALID;UNCHANGED_VALID;ISO 6166 checksum;2026-08-06;;;;;;;;;VALID;;;EQUA;Euronext Paris;XPAR;EUR;FINAL_VALIDATED;100;https://www.boursorama.com/bourse/trackers/cours/1rTEQUA/;OFFICIAL_OR_MARKET_PAGE;2026-08-06;EQUA.PA;DERIVED_FORMAT_REQUIRES_LIVE_TEST;IDENTITY_FINAL_VALIDATED;2026-08-06;EQUA.PA;EQUA;XPAR
LU1481201611;BNP Paribas Easy Quality Europe ETF Dis;ETF;PEA_LISTED_LMF;HIGH_LISTED_LESMEILLEURSFONDS;BNP_Paribas;Luxembourg;Europe;Actions Europe Gdes Cap. Mixte;Actions Europe Gdes Cap. Mixte;Europe;Blend_or_Broad;DIST;UNKNOWN_CHECK_KIID;;DIST_YIELD_NOT_FETCHED;;;;;;;;CATEGORY_ONLY_FROM_LMF_PERF_MISSING;;lesmeilleursfonds_screenshots_oct2025;2026-07-31;"Listed on lesmeilleursfonds PEA ETF universe (data Oct 2025; confirm eligibility with broker)";Enriched replication 100% from justetf.com/amundietf.fr + perfs Boursorama/JustETF/BorsaItaliana/Investing.com (free) + obligations identified (no perf);2026-07-31;;LU1481201611.PA;XPAR_CANDIDATE;EUR;CANDIDATE_NOT_VERIFIED;;;;;;;;ISIN.PA is only a technical Yahoo candidate and must not be used until verified.;2026-08-06;LU1481201611;VALID;UNCHANGED_VALID;ISO 6166 checksum;2026-08-06;;;;;;;;;VALID;;;QUED;Euronext Paris;XPAR;EUR;FINAL_VALIDATED;100;https://www.boursorama.com/bourse/trackers/cours/1rTQUED/;OFFICIAL_OR_MARKET_PAGE;2026-08-06;QUED.PA;DERIVED_FORMAT_REQUIRES_LIVE_TEST;IDENTITY_FINAL_VALIDATED;2026-08-06;QUED.PA;QUED;XPAR
LU1377382285;BNP Paribas Easy Value Europe ETF Cap;ETF;PEA_LISTED_LMF;HIGH_LISTED_LESMEILLEURSFONDS;BNP_Paribas;Luxembourg;Europe;Actions Europe Gdes Cap. Value;Actions Europe Gdes Cap. Value;Europe;Value;ACC;UNKNOWN_CHECK_KIID;;ACC_NO_DISTRIBUTION_EXPECTED;;;;;;;;CATEGORY_ONLY_FROM_LMF_PERF_MISSING;;lesmeilleursfonds_screenshots_oct2025;2026-07-31;"Listed on lesmeilleursfonds PEA ETF universe (data Oct 2025; confirm eligibility with broker)";Enriched replication 100% from justetf.com/amundietf.fr + perfs Boursorama/JustETF/BorsaItaliana/Investing.com (free) + obligations identified (no perf);2026-07-31;;LU1377382285.PA;XPAR_CANDIDATE;EUR;CANDIDATE_NOT_VERIFIED;;;;;;;;ISIN.PA is only a technical Yahoo candidate and must not be used until verified.;2026-08-06;LU1377382285;VALID;UNCHANGED_VALID;ISO 6166 checksum;2026-08-06;;;;;;;;;VALID;;;EVAE;Euronext Paris;XPAR;EUR;FINAL_VALIDATED;100;https://www.boursorama.com/bourse/trackers/cours/1rTEVAE/;OFFICIAL_OR_MARKET_PAGE;2026-08-06;EVAE.PA;DERIVED_FORMAT_REQUIRES_LIVE_TEST;IDENTITY_FINAL_VALIDATED;2026-08-06;EVAE.PA;EVAE;XPAR
LU1481201702;BNP Paribas Easy Value Europe ETF Dis;ETF;PEA_LISTED_LMF;HIGH_LISTED_LESMEILLEURSFONDS;BNP_Paribas;Luxembourg;Europe;Actions Europe Gdes Cap. Value;Actions Europe Gdes Cap. Value;Europe;Value;DIST;UNKNOWN_CHECK_KIID;;DIST_YIELD_NOT_FETCHED;;;;;;;;CATEGORY_ONLY_FROM_LMF_PERF_MISSING;;lesmeilleursfonds_screenshots_oct2025;2026-07-31;"Listed on lesmeilleursfonds PEA ETF universe (data Oct 2025; confirm eligibility with broker)";Enriched replication 100% from justetf.com/amundietf.fr + perfs Boursorama/JustETF/BorsaItaliana/Investing.com (free) + obligations identified (no perf);2026-07-31;;LU1481201702.PA;XPAR_CANDIDATE;EUR;CANDIDATE_NOT_VERIFIED;;;;;;;;ISIN.PA is only a technical Yahoo candidate and must not be used until verified.;2026-08-06;LU1481201702;VALID;UNCHANGED_VALID;ISO 6166 checksum;2026-08-06;;;;;;;;;VALID;;;VALD;Euronext Paris;XPAR;EUR;FINAL_VALIDATED;100;https://www.boursorama.com/bourse/trackers/cours/1rTVALD/;OFFICIAL_OR_MARKET_PAGE;2026-08-06;VALD.PA;DERIVED_FORMAT_REQUIRES_LIVE_TEST;IDENTITY_FINAL_VALIDATED;2026-08-06;VALD.PA;VALD;XPAR
LU1291098827;BNPP E MSCI EMU MINTE ETF EUR;ETF;PEA_LISTED_LMF;HIGH_LISTED_LESMEILLEURSFONDS;BNP_Paribas;Luxembourg;Europe;Actions Zone Euro Grandes Cap.;Actions Zone Euro Grandes Cap.;Eurozone;Blend_or_Broad;UNKNOWN;UNKNOWN_CHECK_KIID;;MISSING;;;;;;;;CATEGORY_ONLY_FROM_LMF_PERF_MISSING;;lesmeilleursfonds_screenshots_oct2025;2026-07-31;"Listed on lesmeilleursfonds PEA ETF universe (data Oct 2025; confirm eligibility with broker)";Enriched replication 100% from justetf.com/amundietf.fr + perfs Boursorama/JustETF/BorsaItaliana/Investing.com (free) + obligations identified (no perf);2026-07-31;;LU1291098827.PA;XPAR_CANDIDATE;EUR;CANDIDATE_NOT_VERIFIED;;;;;;;;ISIN.PA is only a technical Yahoo candidate and must not be used until verified.;2026-08-06;LU1291098827;VALID;UNCHANGED_VALID;ISO 6166 checksum;2026-08-06;;;;;;;;;VALID;;;EEMU;Euronext Paris;XPAR;EUR;FINAL_VALIDATED;100;https://www.boursorama.com/bourse/trackers/cours/1rTEEMU/;OFFICIAL_OR_MARKET_PAGE;2026-08-06;EEMU.PA;DERIVED_FORMAT_REQUIRES_LIVE_TEST;IDENTITY_FINAL_VALIDATED;2026-08-06;EEMU.PA;EEMU;XPAR
LU1953137681;BNPP E MSCI EMU SRI PAB ETF Cap;ETF;PEA_LISTED_LMF;HIGH_LISTED_LESMEILLEURSFONDS;BNP_Paribas;Luxembourg;Europe;Actions Zone Euro Grandes Cap.;Actions Zone Euro Grandes Cap.;Eurozone;ESG_Climate;ACC;UNKNOWN_CHECK_KIID;;ACC_NO_DISTRIBUTION_EXPECTED;;;;;;;;CATEGORY_ONLY_FROM_LMF_PERF_MISSING;;lesmeilleursfonds_screenshots_oct2025;2026-07-31;"Listed on lesmeilleursfonds PEA ETF universe (data Oct 2025; confirm eligibility with broker)";Enriched replication 100% from justetf.com/amundietf.fr + perfs Boursorama/JustETF/BorsaItaliana/Investing.com (free) + obligations identified (no perf);2026-07-31;;LU1953137681.PA;XPAR_CANDIDATE;EUR;CANDIDATE_NOT_VERIFIED;;;;;;;;ISIN.PA is only a technical Yahoo candidate and must not be used until verified.;2026-08-06;LU1953137681;VALID;UNCHANGED_VALID;ISO 6166 checksum;2026-08-06;;;;;;;;;VALID;;;MUSRI;Euronext Paris;XPAR;EUR;FINAL_VALIDATED;100;https://www.boursorama.com/bourse/trackers/cours/1rTMUSRI/;OFFICIAL_OR_MARKET_PAGE;2026-08-06;MUSRI.PA;DERIVED_FORMAT_REQUIRES_LIVE_TEST;IDENTITY_FINAL_VALIDATED;2026-08-06;MUSRI.PA;MUSRI;XPAR
LU2823896811;BNPP E Sust EUR Corp Bd Dec 2029 ETF Cap;ETF;PEA_LISTED_LMF;HIGH_LISTED_LESMEILLEURSFONDS;BNP_Paribas;Luxembourg;Europe;Obligations à échéance;Obligations à échéance;Fixed_Income;Bond;ACC;UNKNOWN_CHECK_KIID;;ACC_NO_DISTRIBUTION_EXPECTED;;;;;;;;CATEGORY_ONLY_FROM_LMF_PERF_MISSING;;lesmeilleursfonds_screenshots_oct2025;2026-07-31;"Listed on lesmeilleursfonds PEA ETF universe (data Oct 2025; confirm eligibility with broker)";Enriched replication 100% from justetf.com/amundietf.fr + perfs Boursorama/JustETF/BorsaItaliana/Investing.com (free) + obligations identified (no perf);2026-07-31;;LU2823896811.PA;XPAR_CANDIDATE;EUR;CANDIDATE_NOT_VERIFIED;;;;;;;;ISIN.PA is only a technical Yahoo candidate and must not be used until verified.;2026-08-06;LU2823896811;VALID;UNCHANGED_VALID;ISO 6166 checksum;2026-08-06;;;;;;;;;VALID;;;ACE29;Euronext Paris;XPAR;EUR;FINAL_VALIDATED;100;https://www.boursorama.com/bourse/trackers/cours/1rTACE29/;OFFICIAL_OR_MARKET_PAGE;2026-08-06;ACE29.PA;DERIVED_FORMAT_REQUIRES_LIVE_TEST;IDENTITY_FINAL_VALIDATED;2026-08-06;ACE29.PA;ACE29;XPAR
LU2446381555;BNPP ESG Euroz Biodiversity Ldrs PAB SETF;ETF;PEA_LISTED_LMF;HIGH_LISTED_LESMEILLEURSFONDS;BNP_Paribas;Luxembourg;Europe;Actions Zone Euro Grandes Cap.;Actions Zone Euro Grandes Cap.;Eurozone;ESG_Climate;UNKNOWN;UNKNOWN_CHECK_KIID;;MISSING;;;;;;;;CATEGORY_ONLY_FROM_LMF_PERF_MISSING;;lesmeilleursfonds_screenshots_oct2025;2026-07-31;"Listed on lesmeilleursfonds PEA ETF universe (data Oct 2025; confirm eligibility with broker)";Enriched replication 100% from justetf.com/amundietf.fr + perfs Boursorama/JustETF/BorsaItaliana/Investing.com (free) + obligations identified (no perf);2026-07-31;;LU2446381555.PA;XPAR_CANDIDATE;EUR;CANDIDATE_NOT_VERIFIED;;;;;;;;ISIN.PA is only a technical Yahoo candidate and must not be used until verified.;2026-08-06;LU2446381555;VALID;UNCHANGED_VALID;ISO 6166 checksum;2026-08-06;;;;;;;;;VALID;;;BIODV;Euronext Paris;XPAR;EUR;FINAL_VALIDATED;100;https://www.boursorama.com/bourse/trackers/cours/1rTBIODV/;OFFICIAL_OR_MARKET_PAGE;2026-08-06;BIODV.PA;DERIVED_FORMAT_REQUIRES_LIVE_TEST;IDENTITY_FINAL_VALIDATED;2026-08-06;BIODV.PA;BIODV;XPAR
LU3047998896;BNPP Easy Blmbrg Eurp Def ETF;ETF;PEA_LISTED_LMF;HIGH_LISTED_LESMEILLEURSFONDS;BNP_Paribas;Luxembourg;Europe;Act. Secteur Matériaux & Industrie;Act. Secteur Matériaux & Industrie;Other_or_Mixed;Blend_or_Broad;UNKNOWN;UNKNOWN_CHECK_KIID;;MISSING;;;;;;;;CATEGORY_ONLY_FROM_LMF_PERF_MISSING;;lesmeilleursfonds_screenshots_oct2025;2026-07-31;"Listed on lesmeilleursfonds PEA ETF universe (data Oct 2025; confirm eligibility with broker)";Enriched replication 100% from justetf.com/amundietf.fr + perfs Boursorama/JustETF/BorsaItaliana/Investing.com (free) + obligations identified (no perf);2026-07-31;;LU3047998896.PA;XPAR_CANDIDATE;EUR;CANDIDATE_NOT_VERIFIED;;;;;;;;ISIN.PA is only a technical Yahoo candidate and must not be used until verified.;2026-08-06;LU3047998896;VALID;UNCHANGED_VALID;ISO 6166 checksum;2026-08-06;;;;;;;;;VALID;;;GUARD;Euronext Paris;XPAR;EUR;FINAL_VALIDATED;100;https://www.boursorama.com/bourse/trackers/cours/1rTGUARD/;OFFICIAL_OR_MARKET_PAGE;2026-08-06;GUARD.PA;DERIVED_FORMAT_REQUIRES_LIVE_TEST;IDENTITY_FINAL_VALIDATED;2026-08-06;GUARD.PA;GUARD;XPAR
FR0012739431;BNPP Easy Euro Stoxx 50 ETF EUR C;ETF;PEA_LISTED_LMF;HIGH_LISTED_LESMEILLEURSFONDS;BNP_Paribas;France;Europe;Actions Zone Euro Grandes Cap.;Actions Zone Euro Grandes Cap.;Eurozone;Blend_or_Broad;ACC;UNKNOWN_CHECK_KIID;;ACC_NO_DISTRIBUTION_EXPECTED;;;;;;;;CATEGORY_ONLY_FROM_LMF_PERF_MISSING;;lesmeilleursfonds_screenshots_oct2025;2026-07-31;"Listed on lesmeilleursfonds PEA ETF universe (data Oct 2025; confirm eligibility with broker)";Enriched replication 100% from justetf.com/amundietf.fr + perfs Boursorama/JustETF/BorsaItaliana/Investing.com (free) + obligations identified (no perf);2026-07-31;;FR0012739431.PA;XPAR_CANDIDATE;EUR;CANDIDATE_NOT_VERIFIED;;;;;;;;ISIN.PA is only a technical Yahoo candidate and must not be used until verified.;2026-08-06;FR0012739431;VALID;UNCHANGED_VALID;ISO 6166 checksum;2026-08-06;;;;;;;;;VALID;;;ETDD;Euronext Paris;XPAR;EUR;FINAL_VALIDATED;100;https://www.boursorama.com/bourse/trackers/cours/1rTETDD/;OFFICIAL_OR_MARKET_PAGE;2026-08-06;ETDD.PA;DERIVED_FORMAT_REQUIRES_LIVE_TEST;IDENTITY_FINAL_VALIDATED;2026-08-06;ETDD.PA;ETDD;XPAR
FR0012740983;BNPP Easy Euro Stoxx 50 ETF EUR C/D;ETF;PEA_LISTED_LMF;HIGH_LISTED_LESMEILLEURSFONDS;BNP_Paribas;France;Europe;Actions Zone Euro Grandes Cap.;Actions Zone Euro Grandes Cap.;Eurozone;Blend_or_Broad;ACC_OR_DIST;UNKNOWN_CHECK_KIID;;BOTH_SHARE_CLASSES_POSSIBLE;;;;;;;;CATEGORY_ONLY_FROM_LMF_PERF_MISSING;;lesmeilleursfonds_screenshots_oct2025;2026-07-31;"Listed on lesmeilleursfonds PEA ETF universe (data Oct 2025; confirm eligibility with broker)";Enriched replication 100% from justetf.com/amundietf.fr + perfs Boursorama/JustETF/BorsaItaliana/Investing.com (free) + obligations identified (no perf);2026-07-31;;FR0012740983.PA;XPAR_CANDIDATE;EUR;CANDIDATE_NOT_VERIFIED;;;;;;;;ISIN.PA is only a technical Yahoo candidate and must not be used until verified.;2026-08-06;FR0012740983;VALID;UNCHANGED_VALID;ISO 6166 checksum;2026-08-06;;;;;;;;;VALID;;;ETBB;Euronext Paris;XPAR;EUR;FINAL_VALIDATED;100;https://www.boursorama.com/bourse/trackers/cours/1rTETBB/;OFFICIAL_OR_MARKET_PAGE;2026-08-06;ETBB.PA;DERIVED_FORMAT_REQUIRES_LIVE_TEST;IDENTITY_FINAL_VALIDATED;2026-08-06;ETBB.PA;ETBB;XPAR
LU2244387887;BNPP Easy Growth Europe Track ETF EUR Cap;ETF;PEA_LISTED_LMF;HIGH_LISTED_LESMEILLEURSFONDS;BNP_Paribas;Luxembourg;Europe;Actions Europe Gdes Cap. Croissance;Actions Europe Gdes Cap. Croissance;Europe;Growth;ACC;UNKNOWN_CHECK_KIID;;ACC_NO_DISTRIBUTION_EXPECTED;;;;;;;;CATEGORY_ONLY_FROM_LMF_PERF_MISSING;;lesmeilleursfonds_screenshots_oct2025;2026-07-31;"Listed on lesmeilleursfonds PEA ETF universe (data Oct 2025; confirm eligibility with broker)";Enriched replication 100% from justetf.com/amundietf.fr + perfs Boursorama/JustETF/BorsaItaliana/Investing.com (free) + obligations identified (no perf);2026-07-31;;LU2244387887.PA;XPAR_CANDIDATE;EUR;CANDIDATE_NOT_VERIFIED;;;;;;;;ISIN.PA is only a technical Yahoo candidate and must not be used until verified.;2026-08-06;LU2244387887;VALID;UNCHANGED_VALID;ISO 6166 checksum;2026-08-06;;;;;;;;;VALID;;;EGRO;Euronext Paris;XPAR;EUR;FINAL_VALIDATED;100;https://live.euronext.com/nb/product/etfs/LU2244387887-XPAR;OFFICIAL_OR_MARKET_PAGE;2026-08-06;EGRO.PA;CONFIRMED_BY_LISTING_SOURCE;IDENTITY_FINAL_VALIDATED;2026-08-06;EGRO.PA;EGRO;XPAR
LU2194448267;BNPP Easy Lw Cb 100 Euroz PAB ETF EURAcc;ETF;PEA_LISTED_LMF;HIGH_LISTED_LESMEILLEURSFONDS;BNP_Paribas;Luxembourg;Europe;Actions Zone Euro Grandes Cap.;Actions Zone Euro Grandes Cap.;Eurozone;ESG_Climate;ACC;UNKNOWN_CHECK_KIID;;ACC_NO_DISTRIBUTION_EXPECTED;;;;;;;;CATEGORY_ONLY_FROM_LMF_PERF_MISSING;;lesmeilleursfonds_screenshots_oct2025;2026-07-31;"Listed on lesmeilleursfonds PEA ETF universe (data Oct 2025; confirm eligibility with broker)";Enriched replication 100% from justetf.com/amundietf.fr + perfs Boursorama/JustETF/BorsaItaliana/Investing.com (free) + obligations identified (no perf);2026-07-31;;LU2194448267.PA;XPAR_CANDIDATE;EUR;CANDIDATE_NOT_VERIFIED;;;;;;;;ISIN.PA is only a technical Yahoo candidate and must not be used until verified.;2026-08-06;LU2194448267;VALID;UNCHANGED_VALID;ISO 6166 checksum;2026-08-06;;;;;;;;;VALID;;;LCEZ;Euronext Paris;XPAR;EUR;FINAL_VALIDATED;100;https://www.boursorama.com/bourse/trackers/cours/1rTLCEZ/;OFFICIAL_OR_MARKET_PAGE;2026-08-06;LCEZ.PA;DERIVED_FORMAT_REQUIRES_LIVE_TEST;IDENTITY_FINAL_VALIDATED;2026-08-06;LCEZ.PA;LCEZ;XPAR
FR0011550185;BNPP Easy S&P 500 ETF EUR C;ETF;PEA_LISTED_LMF;HIGH_LISTED_LESMEILLEURSFONDS;BNP_Paribas;France;Europe;Actions Etats-Unis Gdes Cap. Mixte;Actions Etats-Unis Gdes Cap. Mixte;USA;Blend_or_Broad;ACC;UNKNOWN_CHECK_KIID;;ACC_NO_DISTRIBUTION_EXPECTED;;19.0;50.0;59.0;;;;CATEGORY_ONLY_FROM_LMF_PERF_MISSING;2026-06-30;lesmeilleursfonds_screenshots_oct2025;2026-07-31;"Listed on lesmeilleursfonds PEA ETF universe (data Oct 2025; confirm eligibility with broker)";Enriched replication 100% from justetf.com/amundietf.fr + perfs Boursorama/JustETF/BorsaItaliana/Investing.com (free) + obligations identified (no perf);2026-07-31;;FR0011550185.PA;XPAR_CANDIDATE;EUR;CANDIDATE_NOT_VERIFIED;;;;;;;;ISIN.PA is only a technical Yahoo candidate and must not be used until verified.;2026-08-06;FR0011550185;VALID;UNCHANGED_VALID;ISO 6166 checksum;2026-08-06;;;;;;;;;VALID;;;ESE;Euronext Paris;XPAR;EUR;FINAL_VALIDATED;100;https://www.boursorama.com/bourse/trackers/cours/1rTESE/;OFFICIAL_OR_MARKET_PAGE;2026-08-06;ESE.PA;DERIVED_FORMAT_REQUIRES_LIVE_TEST;IDENTITY_FINAL_VALIDATED;2026-08-06;ESE.PA;ESE;XPAR
FR0013041530;BNPP Easy S&P 500 ETF EUR H;ETF;PEA_LISTED_LMF;HIGH_LISTED_LESMEILLEURSFONDS;BNP_Paribas;France;Europe;Actions Secteur Autres;Actions Secteur Autres;USA;Blend_or_Broad;UNKNOWN;UNKNOWN_CHECK_KIID;;MISSING;;;;;;;;CATEGORY_ONLY_FROM_LMF_PERF_MISSING;;lesmeilleursfonds_screenshots_oct2025;2026-07-31;"Listed on lesmeilleursfonds PEA ETF universe (data Oct 2025; confirm eligibility with broker)";Enriched replication 100% from justetf.com/amundietf.fr + perfs Boursorama/JustETF/BorsaItaliana/Investing.com (free) + obligations identified (no perf);2026-07-31;;FR0013041530.PA;XPAR_CANDIDATE;EUR;CANDIDATE_NOT_VERIFIED;;;;;;;;ISIN.PA is only a technical Yahoo candidate and must not be used until verified.;2026-08-06;FR0013041530;VALID;UNCHANGED_VALID;ISO 6166 checksum;2026-08-06;;;;;;;;;VALID;;;ESEH;Euronext Paris;XPAR;EUR;FINAL_VALIDATED;100;https://www.justetf.com/fr/etf-profile.html?isin=FR0013041530;OFFICIAL_OR_MARKET_PAGE;2026-08-06;ESEH.PA;CONFIRMED_BY_LISTING_SOURCE;IDENTITY_FINAL_VALIDATED;2026-08-06;ESEH.PA;ESEH;XPAR
FR0011550193;BNPP Easy Stoxx Europe 600 ETF EUR C;ETF;PEA_LISTED_LMF;HIGH_LISTED_LESMEILLEURSFONDS;BNP_Paribas;France;Europe;Actions Europe Gdes Cap. Mixte;Actions Europe Gdes Cap. Mixte;Europe;Blend_or_Broad;ACC;UNKNOWN_CHECK_KIID;;ACC_NO_DISTRIBUTION_EXPECTED;;20.84;48.6;60.57;;;;CATEGORY_ONLY_FROM_LMF_PERF_MISSING;2026-06-30;lesmeilleursfonds_screenshots_oct2025;2026-07-31;"Listed on lesmeilleursfonds PEA ETF universe (data Oct 2025; confirm eligibility with broker)";Enriched replication 100% from justetf.com/amundietf.fr + perfs Boursorama/JustETF/BorsaItaliana/Investing.com (free) + obligations identified (no perf);2026-07-31;;FR0011550193.PA;XPAR_CANDIDATE;EUR;CANDIDATE_NOT_VERIFIED;;;;;;;;ISIN.PA is only a technical Yahoo candidate and must not be used until verified.;2026-08-06;FR0011550193;VALID;UNCHANGED_VALID;ISO 6166 checksum;2026-08-06;;;;;;;;;VALID;;;ETZ;Euronext Paris;XPAR;EUR;FINAL_VALIDATED;100;https://www.boursorama.com/bourse/trackers/cours/1rTETZ/;OFFICIAL_OR_MARKET_PAGE;2026-08-06;ETZ.PA;DERIVED_FORMAT_REQUIRES_LIVE_TEST;IDENTITY_FINAL_VALIDATED;2026-08-06;ETZ.PA;ETZ;XPAR
FR0011550672;BNPP Easy Stoxx Europe 600 ETF EUR C/D;ETF;PEA_LISTED_LMF;HIGH_LISTED_LESMEILLEURSFONDS;BNP_Paribas;France;Europe;Actions Europe Gdes Cap. Mixte;Actions Europe Gdes Cap. Mixte;Europe;Blend_or_Broad;ACC_OR_DIST;UNKNOWN_CHECK_KIID;;BOTH_SHARE_CLASSES_POSSIBLE;;;;;;;;CATEGORY_ONLY_FROM_LMF_PERF_MISSING;;lesmeilleursfonds_screenshots_oct2025;2026-07-31;"Listed on lesmeilleursfonds PEA ETF universe (data Oct 2025; confirm eligibility with broker)";Enriched replication 100% from justetf.com/amundietf.fr + perfs Boursorama/JustETF/BorsaItaliana/Investing.com (free) + obligations identified (no perf);2026-07-31;;FR0011550672.PA;XPAR_CANDIDATE;EUR;CANDIDATE_NOT_VERIFIED;;;;;;;;ISIN.PA is only a technical Yahoo candidate and must not be used until verified.;2026-08-06;FR0011550672;VALID;UNCHANGED_VALID;ISO 6166 checksum;2026-08-06;;;;;;;;;VALID;;;ETZD;Euronext Paris;XPAR;EUR;FINAL_VALIDATED;100;https://www.boursorama.com/bourse/trackers/cours/1rTETZD/;OFFICIAL_OR_MARKET_PAGE;2026-08-06;ETZD.PA;DERIVED_FORMAT_REQUIRES_LIVE_TEST;IDENTITY_FINAL_VALIDATED;2026-08-06;ETZD.PA;ETZD;XPAR
IE00B8X9NY41;First Trust Eurozone AlphaDEX xAE ETF A;ETF;PEA_LISTED_LMF;HIGH_LISTED_LESMEILLEURSFONDS;FirstTrust;Ireland;Europe;Actions Zone Euro Flex Cap;Actions Zone Euro Flex Cap;Eurozone;Blend_or_Broad;UNKNOWN;UNKNOWN_CHECK_KIID;;MISSING;;;;;;;;CATEGORY_ONLY_FROM_LMF_PERF_MISSING;;lesmeilleursfonds_screenshots_oct2025;2026-07-31;"Listed on lesmeilleursfonds PEA ETF universe (data Oct 2025; confirm eligibility with broker)";Enriched replication 100% from justetf.com/amundietf.fr + perfs Boursorama/JustETF/BorsaItaliana/Investing.com (free) + obligations identified (no perf);2026-07-31;;IE00B8X9NY41.PA;XPAR_CANDIDATE;EUR;CANDIDATE_NOT_VERIFIED;;;;;;;;ISIN.PA is only a technical Yahoo candidate and must not be used until verified.;2026-08-06;IE00B8X9NY41;VALID;UNCHANGED_VALID;ISO 6166 checksum;2026-08-06;;;;;;;;;VALID;;;FEUZ;Euronext Amsterdam;XAMS;EUR;FINAL_VALIDATED;100;https://www.boursorama.com/bourse/trackers/cours/1rAFEUZ/;OFFICIAL_OR_MARKET_PAGE;2026-08-06;FEUZ.AS;DERIVED_FORMAT_REQUIRES_LIVE_TEST;IDENTITY_FINAL_VALIDATED;2026-08-06;FEUZ.AS;FEUZ;XAMS
IE00B4K6B022;HSBC EURO STOXX 50 ETF;ETF;PEA_LISTED_LMF;HIGH_LISTED_LESMEILLEURSFONDS;HSBC;Ireland;Europe;Actions Zone Euro Grandes Cap.;Actions Zone Euro Grandes Cap.;Eurozone;Blend_or_Broad;UNKNOWN;UNKNOWN_CHECK_KIID;;MISSING;;;;;;;;CATEGORY_ONLY_FROM_LMF_PERF_MISSING;;lesmeilleursfonds_screenshots_oct2025;2026-07-31;"Listed on lesmeilleursfonds PEA ETF universe (data Oct 2025; confirm eligibility with broker)";Enriched replication 100% from justetf.com/amundietf.fr + perfs Boursorama/JustETF/BorsaItaliana/Investing.com (free) + obligations identified (no perf);2026-07-31;;IE00B4K6B022.PA;XPAR_CANDIDATE;EUR;CANDIDATE_NOT_VERIFIED;;;;;;;;ISIN.PA is only a technical Yahoo candidate and must not be used until verified.;2026-08-06;IE00B4K6B022;VALID;UNCHANGED_VALID;ISO 6166 checksum;2026-08-06;;;;;;;;;VALID;;;50E;Euronext Paris;XPAR;EUR;FINAL_VALIDATED;100;https://www.boursorama.com/bourse/trackers/cours/1rT50E/;OFFICIAL_OR_MARKET_PAGE;2026-08-06;50E.PA;DERIVED_FORMAT_REQUIRES_LIVE_TEST;IDENTITY_FINAL_VALIDATED;2026-08-06;50E.PA;50E;XPAR
LU1847674733;OSSIAM BLOOMBERG EUROZONE PAB NR;ETF;PEA_LISTED_LMF;HIGH_LISTED_LESMEILLEURSFONDS;Ossiam;Luxembourg;Europe;Actions Zone Euro Grandes Cap.;Actions Zone Euro Grandes Cap.;Eurozone;ESG_Climate;UNKNOWN;UNKNOWN_CHECK_KIID;;MISSING;;;;;;;;CATEGORY_ONLY_FROM_LMF_PERF_MISSING;;lesmeilleursfonds_screenshots_oct2025;2026-07-31;"Listed on lesmeilleursfonds PEA ETF universe (data Oct 2025; confirm eligibility with broker)";Enriched replication 100% from justetf.com/amundietf.fr + perfs Boursorama/JustETF/BorsaItaliana/Investing.com (free) + obligations identified (no perf);2026-07-31;;LU1847674733.PA;XPAR_CANDIDATE;EUR;CANDIDATE_NOT_VERIFIED;;;;;;;;ISIN.PA is only a technical Yahoo candidate and must not be used until verified.;2026-08-06;LU1847674733;VALID;UNCHANGED_VALID;ISO 6166 checksum;2026-08-06;;;;;;;;;VALID;;;OP2E;Euronext Paris;XPAR;EUR;FINAL_VALIDATED;100;https://www.boursorama.com/bourse/trackers/cours/1rTOP2E/;OFFICIAL_OR_MARKET_PAGE;2026-08-06;OP2E.PA;DERIVED_FORMAT_REQUIRES_LIVE_TEST;IDENTITY_FINAL_VALIDATED;2026-08-06;OP2E.PA;OP2E;XPAR
LU1079842321;Ossiam Shiller Barclays CAPE Eu Se Vi TR ETF 1C;ETF;PEA_LISTED_LMF;HIGH_LISTED_LESMEILLEURSFONDS;Ossiam;Luxembourg;Europe;Actions Europe Gdes Cap. Mixte;Actions Europe Gdes Cap. Mixte;Europe;Blend_or_Broad;UNKNOWN;UNKNOWN_CHECK_KIID;;MISSING;;;;;;;;CATEGORY_ONLY_FROM_LMF_PERF_MISSING;;lesmeilleursfonds_screenshots_oct2025;2026-07-31;"Listed on lesmeilleursfonds PEA ETF universe (data Oct 2025; confirm eligibility with broker)";Enriched replication 100% from justetf.com/amundietf.fr + perfs Boursorama/JustETF/BorsaItaliana/Investing.com (free) + obligations identified (no perf);2026-07-31;;LU1079842321.PA;XPAR_CANDIDATE;EUR;CANDIDATE_NOT_VERIFIED;;;;;;;;ISIN.PA is only a technical Yahoo candidate and must not be used until verified.;2026-08-06;LU1079842321;VALID;UNCHANGED_VALID;ISO 6166 checksum;2026-08-06;;;;;;;;;VALID;;;CAPE;Euronext Paris;XPAR;EUR;FINAL_VALIDATED;100;https://www.boursorama.com/bourse/trackers/cours/1rTCAPE/;OFFICIAL_OR_MARKET_PAGE;2026-08-06;CAPE.PA;DERIVED_FORMAT_REQUIRES_LIVE_TEST;IDENTITY_FINAL_VALIDATED;2026-08-06;CAPE.PA;CAPE;XPAR
IE00B910VR50;SPDR MSCI EMU ETF;ETF;PEA_LISTED_LMF;HIGH_LISTED_LESMEILLEURSFONDS;SPDR_StateStreet;Ireland;Europe;Actions Zone Euro Grandes Cap.;Actions Zone Euro Grandes Cap.;Eurozone;Blend_or_Broad;UNKNOWN;UNKNOWN_CHECK_KIID;;MISSING;;;;;;;;CATEGORY_ONLY_FROM_LMF_PERF_MISSING;;lesmeilleursfonds_screenshots_oct2025;2026-07-31;"Listed on lesmeilleursfonds PEA ETF universe (data Oct 2025; confirm eligibility with broker)";Enriched replication 100% from justetf.com/amundietf.fr + perfs Boursorama/JustETF/BorsaItaliana/Investing.com (free) + obligations identified (no perf);2026-07-31;;IE00B910VR50.PA;XPAR_CANDIDATE;EUR;CANDIDATE_NOT_VERIFIED;;;;;;;;ISIN.PA is only a technical Yahoo candidate and must not be used until verified.;2026-08-06;IE00B910VR50;VALID;UNCHANGED_VALID;ISO 6166 checksum;2026-08-06;;;;;;;;;VALID;;;EMUE;Euronext Paris;XPAR;EUR;FINAL_VALIDATED;100;https://www.boursorama.com/bourse/trackers/cours/1rTEMUE/;OFFICIAL_OR_MARKET_PAGE;2026-08-06;EMUE.PA;DERIVED_FORMAT_REQUIRES_LIVE_TEST;IDENTITY_FINAL_VALIDATED;2026-08-06;EMUE.PA;EMUE;XPAR
IE00B5M1WJ87;SPDR S&P Euro Dividend Aristocrats ETF;ETF;PEA_LISTED_LMF;HIGH_LISTED_LESMEILLEURSFONDS;SPDR_StateStreet;Ireland;Europe;Actions Zone Euro Flex Cap;Actions Zone Euro Flex Cap;Eurozone;Dividend;UNKNOWN;UNKNOWN_CHECK_KIID;;MISSING;;;;;;;;CATEGORY_ONLY_FROM_LMF_PERF_MISSING;;lesmeilleursfonds_screenshots_oct2025;2026-07-31;"Listed on lesmeilleursfonds PEA ETF universe (data Oct 2025; confirm eligibility with broker)";Enriched replication 100% from justetf.com/amundietf.fr + perfs Boursorama/JustETF/BorsaItaliana/Investing.com (free) + obligations identified (no perf);2026-07-31;;IE00B5M1WJ87.PA;XPAR_CANDIDATE;EUR;CANDIDATE_NOT_VERIFIED;;;;;;;;ISIN.PA is only a technical Yahoo candidate and must not be used until verified.;2026-08-06;IE00B5M1WJ87;VALID;UNCHANGED_VALID;ISO 6166 checksum;2026-08-06;;;;;;;;;VALID;;;EUDV;Euronext Paris;XPAR;EUR;FINAL_VALIDATED;100;https://www.boursorama.com/bourse/trackers/cours/1rTEUDV/;OFFICIAL_OR_MARKET_PAGE;2026-08-06;EUDV.PA;DERIVED_FORMAT_REQUIRES_LIVE_TEST;IDENTITY_FINAL_VALIDATED;2026-08-06;EUDV.PA;EUDV;XPAR
LU0136234068;UBS EURO STOXX 50 ETF EUR dis;ETF;PEA_LISTED_LMF;HIGH_LISTED_LESMEILLEURSFONDS;UBS;Luxembourg;Europe;Actions Zone Euro Grandes Cap.;Actions Zone Euro Grandes Cap.;Eurozone;Blend_or_Broad;DIST;UNKNOWN_CHECK_KIID;;DIST_YIELD_NOT_FETCHED;;;;;;;;CATEGORY_ONLY_FROM_LMF_PERF_MISSING;;lesmeilleursfonds_screenshots_oct2025;2026-07-31;"Listed on lesmeilleursfonds PEA ETF universe (data Oct 2025; confirm eligibility with broker)";Enriched replication 100% from justetf.com/amundietf.fr + perfs Boursorama/JustETF/BorsaItaliana/Investing.com (free) + obligations identified (no perf);2026-07-31;;LU0136234068.PA;XPAR_CANDIDATE;EUR;CANDIDATE_NOT_VERIFIED;;;;;;;;ISIN.PA is only a technical Yahoo candidate and must not be used until verified.;2026-08-06;LU0136234068;VALID;UNCHANGED_VALID;ISO 6166 checksum;2026-08-06;;;;;;;;;VALID;;;UIM1;Euronext Amsterdam;XAMS;EUR;FINAL_VALIDATED;100;https://www.boursorama.com/bourse/trackers/cours/1rAUIM1/;OFFICIAL_OR_MARKET_PAGE;2026-08-06;UIM1.AS;DERIVED_FORMAT_REQUIRES_LIVE_TEST;IDENTITY_FINAL_VALIDATED;2026-08-06;UIM1.AS;UIM1;XAMS
LU0629460675;UBS MSCI EMU Socially Resp ETF EUR dis;ETF;PEA_LISTED_LMF;HIGH_LISTED_LESMEILLEURSFONDS;UBS;Luxembourg;Europe;Actions Zone Euro Grandes Cap.;Actions Zone Euro Grandes Cap.;Eurozone;Blend_or_Broad;DIST;UNKNOWN_CHECK_KIID;;DIST_YIELD_NOT_FETCHED;;;;;;;;CATEGORY_ONLY_FROM_LMF_PERF_MISSING;;lesmeilleursfonds_screenshots_oct2025;2026-07-31;"Listed on lesmeilleursfonds PEA ETF universe (data Oct 2025; confirm eligibility with broker)";Enriched replication 100% from justetf.com/amundietf.fr + perfs Boursorama/JustETF/BorsaItaliana/Investing.com (free) + obligations identified (no perf);2026-07-31;;LU0629460675.PA;XPAR_CANDIDATE;EUR;CANDIDATE_NOT_VERIFIED;;;;;;;;ISIN.PA is only a technical Yahoo candidate and must not be used until verified.;2026-08-06;LU0629460675;VALID;UNCHANGED_VALID;ISO 6166 checksum;2026-08-06;;;;;;;;;VALID;;;UIMR;Euronext Amsterdam;XAMS;EUR;FINAL_VALIDATED;100;https://www.boursorama.com/bourse/trackers/cours/1rAUIMR/;OFFICIAL_OR_MARKET_PAGE;2026-08-06;UIMR.AS;DERIVED_FORMAT_REQUIRES_LIVE_TEST;IDENTITY_FINAL_VALIDATED;2026-08-06;UIMR.AS;UIMR;XAMS
IE00BKX55S42;Vanguard FTSE Developed Europe ex UK UCITS ETF EUR Distributing;ETF;PEA_LISTED_LMF;HIGH_LISTED_LESMEILLEURSFONDS;Vanguard;Ireland;Europe;Actions Europe hors UK Gdes Cap.;Actions Europe hors UK Gdes Cap.;Europe;Blend_or_Broad;DIST;PHYSICAL;;DIST_YIELD_NOT_FETCHED;;;;;;;;CATEGORY_ONLY_FROM_LMF_PERF_MISSING;;lesmeilleursfonds_screenshots_oct2025;2026-07-31;"Listed on lesmeilleursfonds PEA ETF universe (data Oct 2025; confirm eligibility with broker)";Enriched replication 100% from justetf.com/amundietf.fr + perfs Boursorama/JustETF/BorsaItaliana/Investing.com (free) + obligations identified (no perf);2026-07-31;VERX;VERX.AS;XAMS;EUR;OFFICIAL_CORRECTED;;3320;;;;Vanguard official;https://www.vanguard.co.uk/professional/product/etf/equity/9524/ftse-developed-europe-ex-uk-ucits-etf-eur-distributing;Invalid checksum corrected to official distributing share class.;2026-08-06;IE00BKW55S42;INVALID;CORRECTED_OFFICIAL;Vanguard official + ISO 6166 checksum;2026-08-06;FTSE Developed Europe ex U.K. Index;Quarterly;4730;5;0.17;0.18;0.18;NYSE Euronext Amsterdam;VALID;;;VERX;Euronext Amsterdam;XAMS;EUR;FINAL_VALIDATED;100;https://www.vanguard.co.uk/professional/product/etf/equity/9524/ftse-developed-europe-ex-uk-ucits-etf-eur-distributing;OFFICIAL_OR_MARKET_PAGE;2026-08-06;VERX.AS;CONFIRMED_BY_LISTING_SOURCE;IDENTITY_FINAL_VALIDATED;2026-08-06;VERX.AS;VERX;XAMS
IE00BQZJBX31;WisdomTree Europe Equity Income UCIT ETF;ETF;PEA_LISTED_LMF;HIGH_LISTED_LESMEILLEURSFONDS;WisdomTree;Ireland;Europe;Actions Europe Rendement;Actions Europe Rendement;Europe;Dividend;UNKNOWN;UNKNOWN_CHECK_KIID;;MISSING;;;;;;;;CATEGORY_ONLY_FROM_LMF_PERF_MISSING;;lesmeilleursfonds_screenshots_oct2025;2026-07-31;"Listed on lesmeilleursfonds PEA ETF universe (data Oct 2025; confirm eligibility with broker)";Enriched replication 100% from justetf.com/amundietf.fr + perfs Boursorama/JustETF/BorsaItaliana/Investing.com (free) + obligations identified (no perf);2026-07-31;;IE00BQZJBX31.PA;XPAR_CANDIDATE;EUR;CANDIDATE_NOT_VERIFIED;;;;;;;;ISIN.PA is only a technical Yahoo candidate and must not be used until verified.;2026-08-06;IE00BQZJBX31;VALID;UNCHANGED_VALID;ISO 6166 checksum;2026-08-06;;;;;;;;;VALID;;;EEI;Euronext Paris;XPAR;EUR;FINAL_VALIDATED;100;https://www.boursorama.com/bourse/trackers/cours/1rTEEI/;OFFICIAL_OR_MARKET_PAGE;2026-08-06;EEI.PA;DERIVED_FORMAT_REQUIRES_LIVE_TEST;IDENTITY_FINAL_VALIDATED;2026-08-06;EEI.PA;EEI;XPAR
IE00BZ56TQ67;WisdomTree Eurozone QualDivGr ETF EUR Ac;ETF;PEA_LISTED_LMF;HIGH_LISTED_LESMEILLEURSFONDS;WisdomTree;Ireland;Europe;Actions Zone Euro Grandes Cap.;Actions Zone Euro Grandes Cap.;Eurozone;Dividend;UNKNOWN;UNKNOWN_CHECK_KIID;;MISSING;;;;;;;;CATEGORY_ONLY_FROM_LMF_PERF_MISSING;;lesmeilleursfonds_screenshots_oct2025;2026-07-31;"Listed on lesmeilleursfonds PEA ETF universe (data Oct 2025; confirm eligibility with broker)";Enriched replication 100% from justetf.com/amundietf.fr + perfs Boursorama/JustETF/BorsaItaliana/Investing.com (free) + obligations identified (no perf);2026-07-31;;IE00BZ56TQ67.PA;XPAR_CANDIDATE;EUR;CANDIDATE_NOT_VERIFIED;;;;;;;;ISIN.PA is only a technical Yahoo candidate and must not be used until verified.;2026-08-06;IE00BZ56TQ67;VALID;UNCHANGED_VALID;ISO 6166 checksum;2026-08-06;;;;;;;;;VALID;;;EGRA;Euronext Paris;XPAR;EUR;FINAL_VALIDATED;100;https://www.boursorama.com/bourse/trackers/cours/1rTEGRA/;OFFICIAL_OR_MARKET_PAGE;2026-08-06;EGRA.PA;DERIVED_FORMAT_REQUIRES_LIVE_TEST;IDENTITY_FINAL_VALIDATED;2026-08-06;EGRA.PA;EGRA;XPAR
FR001400KE06;AMUNDI PEA S&P US Cns Stp Scn UCITS ETF Acc;ETF;PEA_NAMED;HIGH_NAME_CONTAINS_PEA;Amundi;France;Europe;Act. Secteur Biens Conso. & Services;Act. Secteur Biens Conso. & Services;Other_or_Mixed;Blend_or_Broad;ACC;LIKELY_SWAP_FOR_PEA;;ACC_NO_DISTRIBUTION_EXPECTED;;;;;;;;CATEGORY_ONLY_FROM_LMF_PERF_MISSING;;lesmeilleursfonds_screenshots_oct2025;2026-07-31;"Listed on lesmeilleursfonds PEA ETF universe (data Oct 2025; confirm eligibility with broker)";Enriched replication 100% from justetf.com/amundietf.fr + perfs Boursorama/JustETF/BorsaItaliana/Investing.com (free) + obligations identified (no perf);2026-07-31;;FR001400KE06.PA;XPAR_CANDIDATE;EUR;CANDIDATE_NOT_VERIFIED;;;;;;;;ISIN.PA is only a technical Yahoo candidate and must not be used until verified.;2026-08-06;FR001400KE06;VALID;UNCHANGED_VALID;ISO 6166 checksum;2026-08-06;;;;;;;;;VALID;;;COSE;Euronext Paris;XPAR;EUR;FINAL_VALIDATED;100;https://www.boursorama.com/bourse/trackers/cours/1rTCOSE/;OFFICIAL_OR_MARKET_PAGE;2026-08-06;COSE.PA;DERIVED_FORMAT_REQUIRES_LIVE_TEST;IDENTITY_FINAL_VALIDATED;2026-08-06;COSE.PA;COSE;XPAR
FR0013412012;Amundi PEA Asie Emerg MSCI Scr UCITS ETFC;ETF;PEA_NAMED;HIGH_NAME_CONTAINS_PEA;Amundi;France;Europe;Actions Asie hors Japon;Actions Asie hors Japon;Emerging;Blend_or_Broad;UNKNOWN;UNKNOWN_CHECK_KIID;;MISSING;;48.43;70.02;34.99;;;;CATEGORY_ONLY_FROM_LMF_PERF_MISSING;2026-04-30;lesmeilleursfonds_screenshots_oct2025;2026-07-31;"Listed on lesmeilleursfonds PEA ETF universe (data Oct 2025; confirm eligibility with broker)";Enriched replication 100% from justetf.com/amundietf.fr + perfs Boursorama/JustETF/BorsaItaliana/Investing.com (free) + obligations identified (no perf);2026-07-31;;FR0013412012.PA;XPAR_CANDIDATE;EUR;CANDIDATE_NOT_VERIFIED;;;;;;;;ISIN.PA is only a technical Yahoo candidate and must not be used until verified.;2026-08-06;FR0013412012;VALID;UNCHANGED_VALID;ISO 6166 checksum;2026-08-06;;;;;;;;;VALID;;;PAASI;Euronext Paris;XPAR;EUR;FINAL_VALIDATED;100;https://www.boursorama.com/bourse/trackers/cours/1rTPAASI/;OFFICIAL_OR_MARKET_PAGE;2026-08-06;PAASI.PA;DERIVED_FORMAT_REQUIRES_LIVE_TEST;IDENTITY_FINAL_VALIDATED;2026-08-06;PAASI.PA;PAASI;XPAR
FR0011869312;Amundi PEA AsiePac MSCI ACAP ex Jpn ETFA;ETF;PEA_NAMED;HIGH_NAME_CONTAINS_PEA;Amundi;France;Europe;Actions Asie-Pacifique hors Japon;Actions Asie-Pacifique hors Japon;Japan;Blend_or_Broad;UNKNOWN;UNKNOWN_CHECK_KIID;;MISSING;;;;;;;;CATEGORY_ONLY_FROM_LMF_PERF_MISSING;;lesmeilleursfonds_screenshots_oct2025;2026-07-31;"Listed on lesmeilleursfonds PEA ETF universe (data Oct 2025; confirm eligibility with broker)";Enriched replication 100% from justetf.com/amundietf.fr + perfs Boursorama/JustETF/BorsaItaliana/Investing.com (free) + obligations identified (no perf);2026-07-31;;FR0011869312.PA;XPAR_CANDIDATE;EUR;CANDIDATE_NOT_VERIFIED;;;;;;;;ISIN.PA is only a technical Yahoo candidate and must not be used until verified.;2026-08-06;FR0011869312;VALID;UNCHANGED_VALID;ISO 6166 checksum;2026-08-06;;;;;;;;;VALID;;;PAEJ;Euronext Paris;XPAR;EUR;FINAL_VALIDATED;100;https://www.boursorama.com/bourse/trackers/cours/1rTPAEJ/;OFFICIAL_OR_MARKET_PAGE;2026-08-06;PAEJ.PA;DERIVED_FORMAT_REQUIRES_LIVE_TEST;IDENTITY_FINAL_VALIDATED;2026-08-06;PAEJ.PA;PAEJ;XPAR
FR0011871078;Amundi PEA Chine MSCI Ch Scr UCITS ETF-Acc;ETF;PEA_NAMED;HIGH_NAME_CONTAINS_PEA;Amundi;France;Europe;Actions Chine;Actions Chine;China;Blend_or_Broad;ACC;UNKNOWN_CHECK_KIID;;ACC_NO_DISTRIBUTION_EXPECTED;;;;;;;;CATEGORY_ONLY_FROM_LMF_PERF_MISSING;;lesmeilleursfonds_screenshots_oct2025;2026-07-31;"Listed on lesmeilleursfonds PEA ETF universe (data Oct 2025; confirm eligibility with broker)";Enriched replication 100% from justetf.com/amundietf.fr + perfs Boursorama/JustETF/BorsaItaliana/Investing.com (free) + obligations identified (no perf);2026-07-31;;FR0011871078.PA;XPAR_CANDIDATE;EUR;CANDIDATE_NOT_VERIFIED;;;;;;;;ISIN.PA is only a technical Yahoo candidate and must not be used until verified.;2026-08-06;FR0011871078;VALID;UNCHANGED_VALID;ISO 6166 checksum;2026-08-06;;;;;;;;;VALID;;;PASI;Euronext Paris;XPAR;EUR;FINAL_VALIDATED;100;https://www.boursorama.com/bourse/trackers/cours/1rTPASI/;OFFICIAL_OR_MARKET_PAGE;2026-08-06;PASI.PA;DERIVED_FORMAT_REQUIRES_LIVE_TEST;IDENTITY_FINAL_VALIDATED;2026-08-06;PASI.PA;PASI;XPAR
FR0011882364;Amundi PEA Eau (MSCI Water) ETF Capi;ETF;PEA_NAMED;HIGH_NAME_CONTAINS_PEA;Amundi;France;Europe;Actions Secteur Eau;Actions Secteur Eau;Other_or_Mixed;Blend_or_Broad;ACC;UNKNOWN_CHECK_KIID;;ACC_NO_DISTRIBUTION_EXPECTED;;;;;;;;CATEGORY_ONLY_FROM_LMF_PERF_MISSING;;lesmeilleursfonds_screenshots_oct2025;2026-07-31;"Listed on lesmeilleursfonds PEA ETF universe (data Oct 2025; confirm eligibility with broker)";Enriched replication 100% from justetf.com/amundietf.fr + perfs Boursorama/JustETF/BorsaItaliana/Investing.com (free) + obligations identified (no perf);2026-07-31;;FR0011882364.PA;XPAR_CANDIDATE;EUR;CANDIDATE_NOT_VERIFIED;;;;;;;;ISIN.PA is only a technical Yahoo candidate and must not be used until verified.;2026-08-06;FR0011882364;VALID;UNCHANGED_VALID;ISO 6166 checksum;2026-08-06;;;;;;;;;VALID;;;AWAT;Euronext Paris;XPAR;EUR;FINAL_VALIDATED;100;https://www.boursorama.com/bourse/trackers/cours/1rTAWAT/;OFFICIAL_OR_MARKET_PAGE;2026-08-06;AWAT.PA;DERIVED_FORMAT_REQUIRES_LIVE_TEST;IDENTITY_FINAL_VALIDATED;2026-08-06;AWAT.PA;AWAT;XPAR
FR0011440478;Amundi PEA Emerg EMEA MSCI ESG Tr UCITS ETFC;ETF;PEA_NAMED;HIGH_NAME_CONTAINS_PEA;Amundi;France;Europe;Actions Secteur Autres;Actions Secteur Autres;Emerging;ESG_Climate;UNKNOWN;UNKNOWN_CHECK_KIID;;MISSING;;;;;;;;CATEGORY_ONLY_FROM_LMF_PERF_MISSING;;lesmeilleursfonds_screenshots_oct2025;2026-07-31;"Listed on lesmeilleursfonds PEA ETF universe (data Oct 2025; confirm eligibility with broker)";Enriched replication 100% from justetf.com/amundietf.fr + perfs Boursorama/JustETF/BorsaItaliana/Investing.com (free) + obligations identified (no perf);2026-07-31;;FR0011440478.PA;XPAR_CANDIDATE;EUR;CANDIDATE_NOT_VERIFIED;;;;;;;;ISIN.PA is only a technical Yahoo candidate and must not be used until verified.;2026-08-06;FR0011440478;VALID;UNCHANGED_VALID;ISO 6166 checksum;2026-08-06;;;;;;;;;VALID;;;PLEM;Euronext Paris;XPAR;EUR;FINAL_VALIDATED;100;https://www.boursorama.com/bourse/trackers/cours/1rTPLEM/;OFFICIAL_OR_MARKET_PAGE;2026-08-06;PLEM.PA;DERIVED_FORMAT_REQUIRES_LIVE_TEST;IDENTITY_FINAL_VALIDATED;2026-08-06;PLEM.PA;PLEM;XPAR
FR0013412020;Amundi PEA Emerg MSCI ESG Tr UCITS ETFC;ETF;PEA_NAMED;HIGH_NAME_CONTAINS_PEA;Amundi;France;Europe;Actions Marchés Emergents;Actions Marchés Emergents;Emerging;ESG_Climate;UNKNOWN;SYNTHETIC;;MISSING;;27.53;53.93;40.41;;;;CATEGORY_ONLY_FROM_LMF_PERF_MISSING;2026-05-27;lesmeilleursfonds_screenshots_oct2025;2026-07-31;"Listed on lesmeilleursfonds PEA ETF universe (data Oct 2025; confirm eligibility with broker)";Enriched replication 100% from justetf.com/amundietf.fr + perfs Boursorama/JustETF/BorsaItaliana/Investing.com (free) + obligations identified (no perf);2026-07-31;;FR0013412020.PA;XPAR_CANDIDATE;EUR;CANDIDATE_NOT_VERIFIED;;;;;;;;ISIN.PA is only a technical Yahoo candidate and must not be used until verified.;2026-08-06;FR0013412020;VALID;UNCHANGED_VALID;ISO 6166 checksum;2026-08-06;;;;;;;;;VALID;;;PAEEM;Euronext Paris;XPAR;EUR;FINAL_VALIDATED;100;https://www.boursorama.com/bourse/trackers/cours/1rTPAEEM/;OFFICIAL_OR_MARKET_PAGE;2026-08-06;PAEEM.PA;DERIVED_FORMAT_REQUIRES_LIVE_TEST;IDENTITY_FINAL_VALIDATED;2026-08-06;PAEEM.PA;PAEEM;XPAR
FR0013346681;Amundi PEA Euro Court Terme UCITS ETF;ETF;PEA_NAMED;HIGH_NAME_CONTAINS_PEA;Amundi;France;Europe;Swap ESTR PEA;Swap ESTR PEA;Money_Market;Cash_MoneyMarket;UNKNOWN;UNKNOWN_CHECK_KIID;;MISSING;;;;;;;;CATEGORY_ONLY_FROM_LMF_PERF_MISSING;;lesmeilleursfonds_screenshots_oct2025;2026-07-31;"Listed on lesmeilleursfonds PEA ETF universe (data Oct 2025; confirm eligibility with broker)";Enriched replication 100% from justetf.com/amundietf.fr + perfs Boursorama/JustETF/BorsaItaliana/Investing.com (free) + obligations identified (no perf);2026-07-31;;FR0013346681.PA;XPAR_CANDIDATE;EUR;CANDIDATE_NOT_VERIFIED;;;;;;;;ISIN.PA is only a technical Yahoo candidate and must not be used until verified.;2026-08-06;FR0013346681;VALID;UNCHANGED_VALID;ISO 6166 checksum;2026-08-06;;;;;;;;;VALID;;;OBLI;Euronext Paris;XPAR;EUR;FINAL_VALIDATED;100;https://www.boursorama.com/bourse/trackers/cours/1rTOBLI/;OFFICIAL_OR_MARKET_PAGE;2026-08-06;OBLI.PA;DERIVED_FORMAT_REQUIRES_LIVE_TEST;IDENTITY_FINAL_VALIDATED;2026-08-06;OBLI.PA;OBLI;XPAR
FR0011869304;Amundi PEA Im Eurp FTSE EPRA/NAREIT ETFA;ETF;PEA_NAMED;HIGH_NAME_CONTAINS_PEA;Amundi;France;Europe;Immobilier - Indirect Europe;Immobilier - Indirect Europe;Europe;Blend_or_Broad;UNKNOWN;UNKNOWN_CHECK_KIID;;MISSING;;;;;;;;CATEGORY_ONLY_FROM_LMF_PERF_MISSING;;lesmeilleursfonds_screenshots_oct2025;2026-07-31;"Listed on lesmeilleursfonds PEA ETF universe (data Oct 2025; confirm eligibility with broker)";Enriched replication 100% from justetf.com/amundietf.fr + perfs Boursorama/JustETF/BorsaItaliana/Investing.com (free) + obligations identified (no perf);2026-07-31;;FR0011869304.PA;XPAR_CANDIDATE;EUR;CANDIDATE_NOT_VERIFIED;;;;;;;;ISIN.PA is only a technical Yahoo candidate and must not be used until verified.;2026-08-06;FR0011869304;VALID;UNCHANGED_VALID;ISO 6166 checksum;2026-08-06;;;;;;;;;VALID;;;PMEH;Euronext Paris;XPAR;EUR;FINAL_VALIDATED;100;https://www.boursorama.com/bourse/trackers/cours/1rTPMEH/;OFFICIAL_OR_MARKET_PAGE;2026-08-06;PMEH.PA;DERIVED_FORMAT_REQUIRES_LIVE_TEST;IDENTITY_FINAL_VALIDATED;2026-08-06;PMEH.PA;PMEH;XPAR
FR0011869320;Amundi PEA Inde (MSCI India) ETF Acc;ETF;PEA_NAMED;HIGH_NAME_CONTAINS_PEA;Amundi;France;Europe;Actions Inde;Actions Inde;India;Blend_or_Broad;ACC;UNKNOWN_CHECK_KIID;;ACC_NO_DISTRIBUTION_EXPECTED;;;;;;;;CATEGORY_ONLY_FROM_LMF_PERF_MISSING;;lesmeilleursfonds_screenshots_oct2025;2026-07-31;"Listed on lesmeilleursfonds PEA ETF universe (data Oct 2025; confirm eligibility with broker)";Enriched replication 100% from justetf.com/amundietf.fr + perfs Boursorama/JustETF/BorsaItaliana/Investing.com (free) + obligations identified (no perf);2026-07-31;;FR0011869320.PA;XPAR_CANDIDATE;EUR;CANDIDATE_NOT_VERIFIED;;;;;;;;ISIN.PA is only a technical Yahoo candidate and must not be used until verified.;2026-08-06;FR0011869320;VALID;UNCHANGED_VALID;ISO 6166 checksum;2026-08-06;;;;;;;;;VALID;;;PINR;Euronext Paris;XPAR;EUR;FINAL_VALIDATED;100;https://www.boursorama.com/bourse/trackers/cours/1rTPINR/;OFFICIAL_OR_MARKET_PAGE;2026-08-06;PINR.PA;DERIVED_FORMAT_REQUIRES_LIVE_TEST;IDENTITY_FINAL_VALIDATED;2026-08-06;PINR.PA;PINR;XPAR
FR0013411980;Amundi PEA Japon Topix ETF EUR Acc;ETF;PEA_NAMED;HIGH_NAME_CONTAINS_PEA;Amundi;France;Europe;Actions Japon Grandes Cap.;Actions Japon Grandes Cap.;Japan;Blend_or_Broad;ACC;SYNTHETIC;;ACC_NO_DISTRIBUTION_EXPECTED;;;;;;;;CATEGORY_ONLY_FROM_LMF_PERF_MISSING;;lesmeilleursfonds_screenshots_oct2025;2026-07-31;"Listed on lesmeilleursfonds PEA ETF universe (data Oct 2025; confirm eligibility with broker)";Enriched replication 100% from justetf.com/amundietf.fr + perfs Boursorama/JustETF/BorsaItaliana/Investing.com (free) + obligations identified (no perf);2026-07-31;PTPXE;PTPXE.PA;XPAR;EUR;VERIFIED;0.2;170;;18.76;;justETF + Boursorama;https://www.justetf.com/fr-be/etf-profile.html?isin=FR0013411980;"Ticker, TER and risk from justETF; recent AUM and market data from Boursorama.";2026-08-06;FR0013411980;VALID;UNCHANGED_VALID;ISO 6166 checksum;2026-08-06;;;;;;;;;VALID;;;PTPXE;Euronext Paris;XPAR;EUR;FINAL_VALIDATED;100;https://www.boursorama.com/bourse/trackers/cours/1rTPTPXE/;OFFICIAL_OR_MARKET_PAGE;2026-08-06;PTPXE.PA;DERIVED_FORMAT_REQUIRES_LIVE_TEST;IDENTITY_FINAL_VALIDATED;2026-08-06;PTPXE.PA;PTPXE;XPAR
FR0013411998;Amundi PEA Japon Topix ETF Hdg EUR;ETF;PEA_NAMED;HIGH_NAME_CONTAINS_PEA;Amundi;France;Europe;Actions Secteur Autres;Actions Secteur Autres;Japan;Blend_or_Broad;UNKNOWN;SYNTHETIC;;MISSING;;45.49;97.66;139.78;;;;CATEGORY_ONLY_FROM_LMF_PERF_MISSING;2026-07;lesmeilleursfonds_screenshots_oct2025;2026-07-31;"Listed on lesmeilleursfonds PEA ETF universe (data Oct 2025; confirm eligibility with broker)";Enriched replication 100% from justetf.com/amundietf.fr + perfs Boursorama/JustETF/BorsaItaliana/Investing.com (free) + obligations identified (no perf);2026-07-31;PTPXH;PTPXH.PA;XPAR;EUR;VERIFIED;0.48;60;31;;;justETF + ETF Overlap;https://www.justetf.com/fr-be/etf-profile.html?isin=FR0013411998;Ticker, TER, AUM and holdings.;2026-08-06;FR0013411998;VALID;UNCHANGED_VALID;ISO 6166 checksum;2026-08-06;;;;;;;;;VALID;;;PTPXH;Euronext Paris;XPAR;EUR;FINAL_VALIDATED;100;https://www.boursorama.com/bourse/trackers/cours/1rTPTPXH/;OFFICIAL_OR_MARKET_PAGE;2026-08-06;PTPXH.PA;DERIVED_FORMAT_REQUIRES_LIVE_TEST;IDENTITY_FINAL_VALIDATED;2026-08-06;PTPXH.PA;PTPXH;XPAR
FR001400S9V0;Amundi PEA Luxe Mnd UCITS ETF Acc;ETF;PEA_NAMED;HIGH_NAME_CONTAINS_PEA;Amundi;France;Europe;Act. Secteur Biens Conso. & Services;Act. Secteur Biens Conso. & Services;Other_or_Mixed;Blend_or_Broad;ACC;UNKNOWN_CHECK_KIID;;ACC_NO_DISTRIBUTION_EXPECTED;;;;;;;;CATEGORY_ONLY_FROM_LMF_PERF_MISSING;;lesmeilleursfonds_screenshots_oct2025;2026-07-31;"Listed on lesmeilleursfonds PEA ETF universe (data Oct 2025; confirm eligibility with broker)";Enriched replication 100% from justetf.com/amundietf.fr + perfs Boursorama/JustETF/BorsaItaliana/Investing.com (free) + obligations identified (no perf);2026-07-31;MLUX;MLUX.PA;XPAR;EUR;VERIFIED;0.3;12;;17.74;;justETF;https://www.justetf.com/fr/etf-profile.html?isin=FR001400S9V0;Ticker, TER, AUM and volatility.;2026-08-06;FR001400S9V0;VALID;UNCHANGED_VALID;ISO 6166 checksum;2026-08-06;;;;;;;;;VALID;;;MLUX;Euronext Paris;XPAR;EUR;FINAL_VALIDATED;100;https://www.boursorama.com/bourse/trackers/cours/1rTMLUX/;OFFICIAL_OR_MARKET_PAGE;2026-08-06;MLUX.PA;DERIVED_FORMAT_REQUIRES_LIVE_TEST;IDENTITY_FINAL_VALIDATED;2026-08-06;MLUX.PA;MLUX;XPAR
FR0013412004;Amundi PEA MSCI Emerging LA Sel ETF Acc;ETF;PEA_NAMED;HIGH_NAME_CONTAINS_PEA;Amundi;France;Europe;Actions Amérique Latine;Actions Amérique Latine;Emerging;Blend_or_Broad;ACC;SYNTHETIC;;ACC_NO_DISTRIBUTION_EXPECTED;;31.75;24.83;48.18;;;;CATEGORY_ONLY_FROM_LMF_PERF_MISSING;2026-07-01;lesmeilleursfonds_screenshots_oct2025;2026-07-31;"Listed on lesmeilleursfonds PEA ETF universe (data Oct 2025; confirm eligibility with broker)";Enriched replication 100% from justetf.com/amundietf.fr + perfs Boursorama/JustETF/BorsaItaliana/Investing.com (free) + obligations identified (no perf);2026-07-31;;FR0013412004.PA;XPAR_CANDIDATE;EUR;CANDIDATE_NOT_VERIFIED;;;;;;;;ISIN.PA is only a technical Yahoo candidate and must not be used until verified.;2026-08-06;FR0013412004;VALID;UNCHANGED_VALID;ISO 6166 checksum;2026-08-06;;;;;;;;;VALID;;;PALAT;Euronext Paris;XPAR;EUR;FINAL_VALIDATED;100;https://www.boursorama.com/bourse/trackers/cours/1rTPALAT/;OFFICIAL_OR_MARKET_PAGE;2026-08-06;PALAT.PA;DERIVED_FORMAT_REQUIRES_LIVE_TEST;IDENTITY_FINAL_VALIDATED;2026-08-06;PALAT.PA;PALAT;XPAR
FR001400ZGO4;Amundi PEA MSCI Emrg ESG Trns ETF S-Acc;ETF;PEA_NAMED;HIGH_NAME_CONTAINS_PEA;Amundi;France;Europe;Actions Marchés Emergents;Actions Marchés Emergents;Emerging;ESG_Climate;ACC;UNKNOWN_CHECK_KIID;;ACC_NO_DISTRIBUTION_EXPECTED;;;;;;;;CATEGORY_ONLY_FROM_LMF_PERF_MISSING;;lesmeilleursfonds_screenshots_oct2025;2026-07-31;"Listed on lesmeilleursfonds PEA ETF universe (data Oct 2025; confirm eligibility with broker)";Enriched replication 100% from justetf.com/amundietf.fr + perfs Boursorama/JustETF/BorsaItaliana/Investing.com (free) + obligations identified (no perf);2026-07-31;;FR001400ZGO4.PA;XPAR_CANDIDATE;EUR;CANDIDATE_NOT_VERIFIED;;;;;;;;ISIN.PA is only a technical Yahoo candidate and must not be used until verified.;2026-08-06;FR001400ZGO4;VALID;UNCHANGED_VALID;ISO 6166 checksum;2026-08-06;;;;;;;;;VALID;;;PEMS;Euronext Paris;XPAR;EUR;FINAL_VALIDATED;100;https://www.boursorama.com/bourse/trackers/cours/1rTPEMS/;OFFICIAL_OR_MARKET_PAGE;2026-08-06;PEMS.PA;DERIVED_FORMAT_REQUIRES_LIVE_TEST;IDENTITY_FINAL_VALIDATED;2026-08-06;PEMS.PA;PEMS;XPAR
FR0013412038;Amundi PEA MSCI Europe ETF Acc;ETF;PEA_NAMED;HIGH_NAME_CONTAINS_PEA;Amundi;France;Europe;Actions Europe Gdes Cap. Mixte;Actions Europe Gdes Cap. Mixte;Europe;Blend_or_Broad;ACC;UNKNOWN_CHECK_KIID;;ACC_NO_DISTRIBUTION_EXPECTED;;;;;;;;CATEGORY_ONLY_FROM_LMF_PERF_MISSING;;lesmeilleursfonds_screenshots_oct2025;2026-07-31;"Listed on lesmeilleursfonds PEA ETF universe (data Oct 2025; confirm eligibility with broker)";Enriched replication 100% from justetf.com/amundietf.fr + perfs Boursorama/JustETF/BorsaItaliana/Investing.com (free) + obligations identified (no perf);2026-07-31;PCEU;PCEU.PA;XPAR;EUR;VERIFIED;0.15;356;406;12.21;-9.39;justETF;https://www.justetf.com/fr-be/etf-profile.html?isin=FR0013412038;Euronext Paris listing, ticker, Reuters RIC, TER, AUM, performance and risk.;2026-08-06;FR0013412038;VALID;UNCHANGED_VALID;ISO 6166 checksum;2026-08-06;;;;;;;;;VALID;;;PCEU;Euronext Paris;XPAR;EUR;FINAL_VALIDATED;100;https://www.boursorama.com/bourse/trackers/cours/1rTPCEU/;OFFICIAL_OR_MARKET_PAGE;2026-08-06;PCEU.PA;DERIVED_FORMAT_REQUIRES_LIVE_TEST;IDENTITY_FINAL_VALIDATED;2026-08-06;PCEU.PA;PCEU;XPAR
LU1681042864;Amundi PEA MSCI USA ESG Sel ETF - EUR;ETF;PEA_NAMED;HIGH_NAME_CONTAINS_PEA;Amundi;Luxembourg;Europe;Actions Etats-Unis Gdes Cap. Mixte;Actions Etats-Unis Gdes Cap. Mixte;USA;ESG_Climate;UNKNOWN;LIKELY_SWAP_FOR_PEA;;MISSING;;;;;;;;CATEGORY_ONLY_FROM_LMF_PERF_MISSING;;lesmeilleursfonds_screenshots_oct2025;2026-07-31;"Listed on lesmeilleursfonds PEA ETF universe (data Oct 2025; confirm eligibility with broker)";Enriched replication 100% from justetf.com/amundietf.fr + perfs Boursorama/JustETF/BorsaItaliana/Investing.com (free) + obligations identified (no perf);2026-07-31;;LU1681042864.PA;XPAR_CANDIDATE;EUR;CANDIDATE_NOT_VERIFIED;;;;;;;;ISIN.PA is only a technical Yahoo candidate and must not be used until verified.;2026-08-06;LU1681042864;VALID;UNCHANGED_VALID;ISO 6166 checksum;2026-08-06;;;;;;;;;VALID;;;CU2;Euronext Paris;XPAR;EUR;FINAL_VALIDATED;100;https://www.boursorama.com/bourse/trackers/cours/1rTCU2/;OFFICIAL_OR_MARKET_PAGE;2026-08-06;CU2.PA;DERIVED_FORMAT_REQUIRES_LIVE_TEST;IDENTITY_FINAL_VALIDATED;2026-08-06;CU2.PA;CU2;XPAR
FR001400KH45;Amundi PEA MSCI USA ValAdv UCITS ETF-Acc;ETF;PEA_NAMED;HIGH_NAME_CONTAINS_PEA;Amundi;France;Europe;Actions Etats-Unis Flex Cap;Actions Etats-Unis Flex Cap;USA;Blend_or_Broad;ACC;LIKELY_SWAP_FOR_PEA;;ACC_NO_DISTRIBUTION_EXPECTED;;;;;;;;CATEGORY_ONLY_FROM_LMF_PERF_MISSING;;lesmeilleursfonds_screenshots_oct2025;2026-07-31;"Listed on lesmeilleursfonds PEA ETF universe (data Oct 2025; confirm eligibility with broker)";Enriched replication 100% from justetf.com/amundietf.fr + perfs Boursorama/JustETF/BorsaItaliana/Investing.com (free) + obligations identified (no perf);2026-07-31;USVE;USVE.PA;XPAR;EUR;VERIFIED;0.5;27;;12.93;-9.4;justETF;https://www.justetf.com/en-be/etf-profile.html?isin=FR001400KH45;Euronext Paris listing, ticker, TER, AUM and risk.;2026-08-06;FR001400KH45;VALID;UNCHANGED_VALID;ISO 6166 checksum;2026-08-06;;;;;;;;;VALID;;;USVE;Euronext Paris;XPAR;EUR;FINAL_VALIDATED;100;https://www.boursorama.com/bourse/trackers/cours/1rTUSVE/;OFFICIAL_OR_MARKET_PAGE;2026-08-06;USVE.PA;DERIVED_FORMAT_REQUIRES_LIVE_TEST;IDENTITY_FINAL_VALIDATED;2026-08-06;USVE.PA;USVE;XPAR
FR001400U5Q4;Amundi PEA Monde (MSCI World) UCITS ETF;ETF;PEA_NAMED;HIGH_NAME_CONTAINS_PEA;Amundi;France;Europe;Act. International Gdes Cap. Mixte;Act. International Gdes Cap. Mixte;World;Blend_or_Broad;UNKNOWN;LIKELY_SWAP_FOR_PEA;;MISSING;;;;;;;;CATEGORY_ONLY_FROM_LMF_PERF_MISSING;;lesmeilleursfonds_screenshots_oct2025;2026-07-31;"Listed on lesmeilleursfonds PEA ETF universe (data Oct 2025; confirm eligibility with broker)";Enriched replication 100% from justetf.com/amundietf.fr + perfs Boursorama/JustETF/BorsaItaliana/Investing.com (free) + obligations identified (no perf);2026-07-31;DCAM;DCAM.PA;XPAR;EUR;VERIFIED;0.2;1146;1307;;;Boursorama + ETF Overlap;https://www.boursorama.com/bourse/trackers/cours/composition/1rTDCAM/;"Euronext Paris ticker and recent AUM from Boursorama; holdings from ETF Overlap.";2026-08-06;FR001400U5Q4;VALID;UNCHANGED_VALID;ISO 6166 checksum;2026-08-06;;;;;;;;;VALID;;;DCAM;Euronext Paris;XPAR;EUR;FINAL_VALIDATED;100;https://www.boursorama.com/bourse/trackers/cours/1rTDCAM/;OFFICIAL_OR_MARKET_PAGE;2026-08-06;DCAM.PA;DERIVED_FORMAT_REQUIRES_LIVE_TEST;IDENTITY_FINAL_VALIDATED;2026-08-06;DCAM.PA;DCAM;XPAR
FR0011871110;Amundi PEA Nasdaq-100 UCITS ETF Acc;ETF;PEA_NAMED;HIGH_NAME_CONTAINS_PEA;Amundi;France;Europe;Act. Etats-Unis Gdes Cap. Croissance;Act. Etats-Unis Gdes Cap. Croissance;USA;Growth;ACC;LIKELY_SWAP_FOR_PEA;;ACC_NO_DISTRIBUTION_EXPECTED;;;;;;;;CATEGORY_ONLY_FROM_LMF_PERF_MISSING;;lesmeilleursfonds_screenshots_oct2025;2026-07-31;"Listed on lesmeilleursfonds PEA ETF universe (data Oct 2025; confirm eligibility with broker)";Enriched replication 100% from justetf.com/amundietf.fr + perfs Boursorama/JustETF/BorsaItaliana/Investing.com (free) + obligations identified (no perf);2026-07-31;PUST;PUST.PA;XPAR;EUR;VERIFIED;0.3;981;102;;;ETF Overlap;https://www.etf-overlap.com/fr/etf/pust/;Ticker, TER, AUM, holdings and Yahoo daily data reference.;2026-08-06;FR0011871110;VALID;UNCHANGED_VALID;ISO 6166 checksum;2026-08-06;;;;;;;;;VALID;;;PUST;Euronext Paris;XPAR;EUR;FINAL_VALIDATED;100;https://www.boursorama.com/bourse/trackers/cours/1rTPUST/;OFFICIAL_OR_MARKET_PAGE;2026-08-06;PUST.PA;DERIVED_FORMAT_REQUIRES_LIVE_TEST;IDENTITY_FINAL_VALIDATED;2026-08-06;PUST.PA;PUST;XPAR
FR001400ZGR7;Amundi PEA Nasdaq-100 UCITS ETF S-Acc;ETF;PEA_NAMED;HIGH_NAME_CONTAINS_PEA;Amundi;France;Europe;Act. Etats-Unis Gdes Cap. Croissance;Act. Etats-Unis Gdes Cap. Croissance;USA;Growth;ACC;LIKELY_SWAP_FOR_PEA;;ACC_NO_DISTRIBUTION_EXPECTED;;;;;;;;CATEGORY_ONLY_FROM_LMF_PERF_MISSING;;lesmeilleursfonds_screenshots_oct2025;2026-07-31;"Listed on lesmeilleursfonds PEA ETF universe (data Oct 2025; confirm eligibility with broker)";Enriched replication 100% from justetf.com/amundietf.fr + perfs Boursorama/JustETF/BorsaItaliana/Investing.com (free) + obligations identified (no perf);2026-07-31;;FR001400ZGR7.PA;XPAR_CANDIDATE;EUR;CANDIDATE_NOT_VERIFIED;;;;;;;;ISIN.PA is only a technical Yahoo candidate and must not be used until verified.;2026-08-06;FR001400ZGR7;VALID;UNCHANGED_VALID;ISO 6166 checksum;2026-08-06;;;;;;;;;VALID;;;PNAS;Euronext Paris;XPAR;EUR;FINAL_VALIDATED;100;https://www.boursorama.com/bourse/trackers/cours/1rTPNAS/;OFFICIAL_OR_MARKET_PAGE;2026-08-06;PNAS.PA;DERIVED_FORMAT_REQUIRES_LIVE_TEST;IDENTITY_FINAL_VALIDATED;2026-08-06;PNAS.PA;PNAS;XPAR
FR0013412285;Amundi PEA S&P 500 Scrn UCITS ETF - Acc;ETF;PEA_NAMED;HIGH_NAME_CONTAINS_PEA;Amundi;France;Europe;Actions Etats-Unis Gdes Cap. Mixte;Actions Etats-Unis Gdes Cap. Mixte;USA;Blend_or_Broad;ACC;SYNTHETIC;;ACC_NO_DISTRIBUTION_EXPECTED;;20.56;;;;;;CATEGORY_ONLY_FROM_LMF_PERF_MISSING;2026-05-27;lesmeilleursfonds_screenshots_oct2025;2026-07-31;"Listed on lesmeilleursfonds PEA ETF universe (data Oct 2025; confirm eligibility with broker)";Enriched replication 100% from justetf.com/amundietf.fr + perfs Boursorama/JustETF/BorsaItaliana/Investing.com (free) + obligations identified (no perf);2026-07-31;PE500;PE500.PA;XPAR;EUR;VERIFIED;0.25;1276;;12.62;-7.91;justETF + Boursorama;https://www.justetf.com/fr/etf-profile.html?isin=FR0013412285;"Ticker and risk from justETF; recent AUM and market data from Boursorama.";2026-08-06;FR0013412285;VALID;UNCHANGED_VALID;ISO 6166 checksum;2026-08-06;;;;;;;;;VALID;;;PE500;Euronext Paris;XPAR;EUR;FINAL_VALIDATED;100;https://www.boursorama.com/bourse/trackers/cours/1rTPE500/;OFFICIAL_OR_MARKET_PAGE;2026-08-06;PE500.PA;DERIVED_FORMAT_REQUIRES_LIVE_TEST;IDENTITY_FINAL_VALIDATED;2026-08-06;PE500.PA;PE500;XPAR
FR0013412293;Amundi PEA S&P 500 Scrn UCITS ETF EUR Hdg Acc;ETF;PEA_NAMED;HIGH_NAME_CONTAINS_PEA;Amundi;France;Europe;Actions Secteur Autres;Actions Secteur Autres;USA;Blend_or_Broad;ACC;LIKELY_SWAP_FOR_PEA;;ACC_NO_DISTRIBUTION_EXPECTED;;25.68;26.79;71.04;;;;CATEGORY_ONLY_FROM_LMF_PERF_MISSING;2024-03-31;lesmeilleursfonds_screenshots_oct2025;2026-07-31;"Listed on lesmeilleursfonds PEA ETF universe (data Oct 2025; confirm eligibility with broker)";Enriched replication 100% from justetf.com/amundietf.fr + perfs Boursorama/JustETF/BorsaItaliana/Investing.com (free) + obligations identified (no perf);2026-07-31;P500H;P500H.PA;XPAR;EUR;VERIFIED_WITH_AUM_CONFLICT;0.28;;;;;justETF + Boursorama;https://www.justetf.com/en/etf-profile.html?isin=FR0013412293;"Ticker verified. AUM conflict: justETF share/fund figure differs from Boursorama figure; quarantined.";2026-08-06;FR0013412293;VALID;UNCHANGED_VALID;ISO 6166 checksum;2026-08-06;;;;;;;;;VALID;;;P500H;Euronext Paris;XPAR;EUR;FINAL_VALIDATED;100;https://www.boursorama.com/bourse/trackers/cours/1rTP500H/;OFFICIAL_OR_MARKET_PAGE;2026-08-06;P500H.PA;DERIVED_FORMAT_REQUIRES_LIVE_TEST;IDENTITY_FINAL_VALIDATED;2026-08-06;P500H.PA;P500H;XPAR
FR0011871128;Amundi PEA S&P 500 UCITS ETF Acc;ETF;PEA_NAMED;HIGH_NAME_CONTAINS_PEA;Amundi;France;Europe;Actions Etats-Unis Gdes Cap. Mixte;Actions Etats-Unis Gdes Cap. Mixte;USA;Blend_or_Broad;ACC;LIKELY_SWAP_FOR_PEA;;ACC_NO_DISTRIBUTION_EXPECTED;;;;;;;;CATEGORY_ONLY_FROM_LMF_PERF_MISSING;;lesmeilleursfonds_screenshots_oct2025;2026-07-31;"Listed on lesmeilleursfonds PEA ETF universe (data Oct 2025; confirm eligibility with broker)";Enriched replication 100% from justetf.com/amundietf.fr + perfs Boursorama/JustETF/BorsaItaliana/Investing.com (free) + obligations identified (no perf);2026-07-31;;FR0011871128.PA;XPAR;EUR;VERIFIED_YAHOO_DIRECT;;;;;;Yahoo Finance;https://fr.finance.yahoo.com/quote/FR0011871128.PA/;"Yahoo Finance exposes the ISIN-based Paris symbol; short market ticker still to confirm.";2026-08-06;FR0011871128;VALID;UNCHANGED_VALID;ISO 6166 checksum;2026-08-06;;;;;;;;;VALID;;;PSP5;Euronext Paris;XPAR;EUR;FINAL_VALIDATED;100;https://www.boursorama.com/bourse/trackers/cours/1rTPSP5/;OFFICIAL_OR_MARKET_PAGE;2026-08-06;PSP5.PA;DERIVED_FORMAT_REQUIRES_LIVE_TEST;IDENTITY_FINAL_VALIDATED;2026-08-06;PSP5.PA;PSP5;XPAR
FR0011871136;Amundi PEA S&P 500 UCITS ETF EUR H Acc;ETF;PEA_NAMED;HIGH_NAME_CONTAINS_PEA;Amundi;France;Europe;Actions Secteur Autres;Actions Secteur Autres;USA;Blend_or_Broad;ACC;LIKELY_SWAP_FOR_PEA;;ACC_NO_DISTRIBUTION_EXPECTED;;;;;;;;CATEGORY_ONLY_FROM_LMF_PERF_MISSING;;lesmeilleursfonds_screenshots_oct2025;2026-07-31;"Listed on lesmeilleursfonds PEA ETF universe (data Oct 2025; confirm eligibility with broker)";Enriched replication 100% from justetf.com/amundietf.fr + perfs Boursorama/JustETF/BorsaItaliana/Investing.com (free) + obligations identified (no perf);2026-07-31;PSPH;PSPH.PA;XPAR;EUR;VERIFIED;0.12;211;503;;;ETF Overlap;https://www.etf-overlap.com/fr/etf/psph/;Ticker, TER, AUM and holdings.;2026-08-06;FR0011871136;VALID;UNCHANGED_VALID;ISO 6166 checksum;2026-08-06;;;;;;;;;VALID;;;PSPH;Euronext Paris;XPAR;EUR;FINAL_VALIDATED;100;https://www.boursorama.com/bourse/trackers/cours/1rTPSPH/;OFFICIAL_OR_MARKET_PAGE;2026-08-06;PSPH.PA;DERIVED_FORMAT_REQUIRES_LIVE_TEST;IDENTITY_FINAL_VALIDATED;2026-08-06;PSPH.PA;PSPH;XPAR
FR0011869270;Amundi PEA S&P US Industrials Scrnd ETF Acc;ETF;PEA_NAMED;HIGH_NAME_CONTAINS_PEA;Amundi;France;Europe;Actions Etats-Unis Gdes Cap. Mixte;Actions Etats-Unis Gdes Cap. Mixte;USA;Blend_or_Broad;ACC;LIKELY_SWAP_FOR_PEA;;ACC_NO_DISTRIBUTION_EXPECTED;;;;;;;;CATEGORY_ONLY_FROM_LMF_PERF_MISSING;;lesmeilleursfonds_screenshots_oct2025;2026-07-31;"Listed on lesmeilleursfonds PEA ETF universe (data Oct 2025; confirm eligibility with broker)";Enriched replication 100% from justetf.com/amundietf.fr + perfs Boursorama/JustETF/BorsaItaliana/Investing.com (free) + obligations identified (no perf);2026-07-31;;FR0011869270.PA;XPAR_CANDIDATE;EUR;CANDIDATE_NOT_VERIFIED;;;;;;;;ISIN.PA is only a technical Yahoo candidate and must not be used until verified.;2026-08-06;FR0011869270;VALID;UNCHANGED_VALID;ISO 6166 checksum;2026-08-06;;;;;;;;;VALID;;;PDJE;Euronext Paris;XPAR;EUR;FINAL_VALIDATED;100;https://www.boursorama.com/bourse/trackers/cours/1rTPDJE/;OFFICIAL_OR_MARKET_PAGE;2026-08-06;PDJE.PA;DERIVED_FORMAT_REQUIRES_LIVE_TEST;IDENTITY_FINAL_VALIDATED;2026-08-06;PDJE.PA;PDJE;XPAR
FR001400ZGS5;Amundi PEA SP 500 Scrn UCITS ETF S-Acc;ETF;PEA_NAMED;HIGH_NAME_CONTAINS_PEA;Amundi;France;Europe;Actions Etats-Unis Gdes Cap. Mixte;Actions Etats-Unis Gdes Cap. Mixte;USA;Blend_or_Broad;ACC;UNKNOWN_CHECK_KIID;;ACC_NO_DISTRIBUTION_EXPECTED;;;;;;;;CATEGORY_ONLY_FROM_LMF_PERF_MISSING;;lesmeilleursfonds_screenshots_oct2025;2026-07-31;"Listed on lesmeilleursfonds PEA ETF universe (data Oct 2025; confirm eligibility with broker)";Enriched replication 100% from justetf.com/amundietf.fr + perfs Boursorama/JustETF/BorsaItaliana/Investing.com (free) + obligations identified (no perf);2026-07-31;;FR001400ZGS5.PA;XPAR_CANDIDATE;EUR;CANDIDATE_NOT_VERIFIED;;;;;;;;ISIN.PA is only a technical Yahoo candidate and must not be used until verified.;2026-08-06;FR001400ZGS5;VALID;UNCHANGED_VALID;ISO 6166 checksum;2026-08-06;;;;;;;;;VALID;;;PSPS;Euronext Paris;XPAR;EUR;FINAL_VALIDATED;100;https://www.boursorama.com/bourse/trackers/cours/1rTPSPS/;OFFICIAL_OR_MARKET_PAGE;2026-08-06;PSPS.PA;DERIVED_FORMAT_REQUIRES_LIVE_TEST;IDENTITY_FINAL_VALIDATED;2026-08-06;PSPS.PA;PSPS;XPAR
FR0013412269;Amundi PEA US Tech Screened ETF Acc;ETF;PEA_NAMED;HIGH_NAME_CONTAINS_PEA;Amundi;France;Europe;Act. Etats-Unis Gdes Cap. Croissance;Act. Etats-Unis Gdes Cap. Croissance;USA;Growth;ACC;SYNTHETIC;;ACC_NO_DISTRIBUTION_EXPECTED;;27.13;80.13;106.14;;;;CATEGORY_ONLY_FROM_LMF_PERF_MISSING;2026-05-30;lesmeilleursfonds_screenshots_oct2025;2026-07-31;"Listed on lesmeilleursfonds PEA ETF universe (data Oct 2025; confirm eligibility with broker)";Enriched replication 100% from justetf.com/amundietf.fr + perfs Boursorama/JustETF/BorsaItaliana/Investing.com (free) + obligations identified (no perf);2026-07-31;PANX;PANX.PA;XPAR;EUR;VERIFIED;0.3;450;102;18.58;-11.3;justETF + ETF Overlap;https://www.justetf.com/en/etf-profile.html?isin=FR0013412269;Ticker, TER, AUM, holdings and risk.;2026-08-06;FR0013412269;VALID;UNCHANGED_VALID;ISO 6166 checksum;2026-08-06;;;;;;;;;VALID;;;PANX;Euronext Paris;XPAR;EUR;FINAL_VALIDATED;100;https://www.boursorama.com/bourse/trackers/cours/1rTPANX/;OFFICIAL_OR_MARKET_PAGE;2026-08-06;PANX.PA;DERIVED_FORMAT_REQUIRES_LIVE_TEST;IDENTITY_FINAL_VALIDATED;2026-08-06;PANX.PA;PANX;XPAR
