isin;name;asset_class;pea_type;pea_confidence;provider;country_domicile;region_domicile;category;morningstar_category;geo_exposure;style_factor;distribution_policy;replication_hint;dividend_yield_pct;dividend_data_status;morningstar_rating;perf_1y_pct;perf_3y_pct;perf_5y_pct;rank_cat_1y;rank_cat_3y;rank_cat_5y;perf_data_status;perf_as_of;source;as_of_date;eligible_pea_note;data_enrichment_note;enrichment_as_of;ticker_euronext;ticker_yahoo;mic;currency;mapping_status;ter_pct;aum_m;holdings;volatility_1y_pct;max_drawdown_1y_pct;source_name;source_url;evidence_note;mapping_as_of;original_isin;isin_checksum_before;isin_correction_status;isin_validation_source;isin_validation_as_of;official_benchmark;distribution_frequency;fund_total_assets_eur_m;risk_indicator;tracking_error_1y_pct;tracking_error_3y_pct;tracking_error_5y_pct;official_exchange;isin_checksum_after;ticker_validation_as_of;ticker_validation_wave;ticker_primary;primary_exchange;primary_mic;trading_currency;ticker_identity_status;ticker_confidence_pct;ticker_source_url_final;ticker_source_type;ticker_validated_as_of;ticker_yahoo_final;ticker_yahoo_status;referential_status;referential_actualised_as_of;yahoo_ticker;euronext_symbol;euronext_mic;mm20;mm50;mm100;mm200;rsi14;macd;macd_signal;macd_hist;atr14;bb_mid;bb_upper;bb_lower;rvol20;volatility_20d;volatility_60d;max_drawdown_1y;perf_1m_pct;perf_3m_pct;perf_6m_pct;positive_reversal_flag;last_close;volume;relative_strength
FR0013380607;Amundi CAC 40 ETF Acc;ETF;PEA_LISTED_LMF;HIGH_LISTED_LESMEILLEURSFONDS;Amundi;France;Europe;Actions France Grandes Cap.;Actions France Grandes Cap.;France;Blend_or_Broad;ACC;PHYSICAL_FULL;0.0;OK;5;15.535762613686387;31.767659987222796;49.12250546912374;;;;CATEGORY_ONLY_FROM_LMF_PERF_MISSING;2026-05-27;lesmeilleursfonds_screenshots_oct2025;2026-07-31;"Listed on lesmeilleursfonds PEA ETF universe (data Oct 2025; confirm eligibility with broker)";Enriched replication 100% from justetf.com/amundietf.fr + perfs Boursorama/JustETF/BorsaItaliana/Investing.com (free) + obligations identified (no perf);2026-07-31;CACC;CACC.PA;XPAR;EUR;VERIFIED_EURONEXT_PARIS;;4466;;;;Boursorama;https://www.boursorama.com/bourse/trackers/cours/1rTCACC/;"ISIN and Euronext Paris ticker CACC confirmed; Yahoo symbol derived as CACC.PA.";2026-08-06;FR0013380607;VALID;UNCHANGED_VALID;ISO 6166 checksum;2026-08-06;;;;;;;;;VALID;2026-08-06;WAVE_01;CACC;Euronext Paris;XPAR;EUR;FINAL_VALIDATED;100;https://www.boursorama.com/bourse/trackers/cours/1rTCACC/;OFFICIAL_OR_MARKET_PAGE;2026-08-06;CACC.PA;DERIVED_FORMAT_REQUIRES_LIVE_TEST;IDENTITY_FINAL_VALIDATED;2026-08-06;CACC.PA;CACC;XPAR;42.79274997711182;42.42839996337891;41.34645000457763;40.87218399047852;73.56765219533614;0.4145397167208458;0.25991382084733256;0.15462589587351322;0.4599999019077846;42.79274997711182;44.04781674842078;41.53768320580286;1.8691398376799613;10.474413012732334;12.737226710428567;-10.768328803725257;4.5395212480484615;9.769755598252306;7.207974410043394;False;44.099998474121094;64220.0;-7.272
FR0007052782;Amundi CAC 40 ETF Dist;ETF;PEA_LISTED_LMF;HIGH_LISTED_LESMEILLEURSFONDS;Amundi;France;Europe;Actions France Grandes Cap.;Actions France Grandes Cap.;France;Blend_or_Broad;DIST;PHYSICAL_FULL;2.74;OK;;15.484141620186719;31.676341628533656;49.05722702370174;;;;CATEGORY_ONLY_FROM_LMF_PERF_MISSING;2026-05-27;lesmeilleursfonds_screenshots_oct2025;2026-07-31;"Listed on lesmeilleursfonds PEA ETF universe (data Oct 2025; confirm eligibility with broker)";Enriched replication 100% from justetf.com/amundietf.fr + perfs Boursorama/JustETF/BorsaItaliana/Investing.com (free) + obligations identified (no perf);2026-07-31;;FR0007052782.PA;XPAR;EUR;VERIFIED_YAHOO_DIRECT;;;;;;Yahoo Finance;https://fr.finance.yahoo.com/quote/FR0007052782.PA/;Yahoo Finance exposes the ISIN-based Paris symbol.;2026-08-06;FR0007052782;VALID;UNCHANGED_VALID;ISO 6166 checksum;2026-08-06;;;;;;;;;VALID;;;CAC;Euronext Paris;XPAR;EUR;FINAL_VALIDATED;100;https://www.boursorama.com/bourse/trackers/cours/1rTCAC/;OFFICIAL_OR_MARKET_PAGE;2026-08-06;CAC.PA;DERIVED_FORMAT_REQUIRES_LIVE_TEST;IDENTITY_FINAL_VALIDATED;2026-08-06;CAC.PA;CAC;XPAR;85.2004997253418;84.47439987182617;82.30779983520507;81.37552112579345;75.06739985646041;0.8256397918823382;0.517988632676279;0.3076511592060591;0.8985715593610492;85.2004997253418;87.69921078048066;82.70178867020294;0.8293476413605575;9.869355757391876;12.297929432629182;-10.850611902089558;4.5616982763438285;9.737501144409189;7.1263016287524295;False;87.79000091552734;13664.0;-7.324
FR001400ZGQ9;Amundi CAC 40 UCITS ETF S-Acc;ETF;PEA_LISTED_LMF;HIGH_LISTED_LESMEILLEURSFONDS;Amundi;France;Europe;Actions France Grandes Cap.;Actions France Grandes Cap.;France;Blend_or_Broad;ACC;PHYSICAL;0.0;OK;;15.532049950526595;;;;;;CATEGORY_ONLY_FROM_LMF_PERF_MISSING;2026-05-27;lesmeilleursfonds_screenshots_oct2025;2026-07-31;"Listed on lesmeilleursfonds PEA ETF universe (data Oct 2025; confirm eligibility with broker)";Enriched replication 100% from justetf.com/amundietf.fr + perfs Boursorama/JustETF/BorsaItaliana/Investing.com (free) + obligations identified (no perf);2026-07-31;;FR001400ZGQ9.PA;XPAR_CANDIDATE;EUR;CANDIDATE_NOT_VERIFIED;;;;;;;;ISIN.PA is only a technical Yahoo candidate and must not be used until verified.;2026-08-06;FR001400ZGQ9;VALID;UNCHANGED_VALID;ISO 6166 checksum;2026-08-06;;;;;;;;;VALID;;;CA40;Euronext Paris;XPAR;EUR;FINAL_VALIDATED;100;https://www.boursorama.com/bourse/trackers/cours/1rTCA40/;OFFICIAL_OR_MARKET_PAGE;2026-08-06;CA40.PA;DERIVED_FORMAT_REQUIRES_LIVE_TEST;IDENTITY_FINAL_VALIDATED;2026-08-06;CA40.PA;CA40;XPAR;5.611899971961975;5.565079975128174;5.421669983863831;5.360418989658355;72.32472065011697;0.054933082773845676;0.03420186367728648;0.020731219096559193;0.05792856216430664;5.611899971961975;5.781250383219965;5.442549560703985;1.1144304674658474;11.25940176707504;12.743491635556317;-11.039657467718733;4.571743098333481;9.872792127253138;7.226243379212605;False;5.7870001792907715;13187.0;-7.276
FR0010655704;Amundi CAC Transition Climat UCITS ETF;ETF;PEA_LISTED_LMF;HIGH_LISTED_LESMEILLEURSFONDS;Amundi;France;Europe;Actions France Grandes Cap.;Actions France Grandes Cap.;France;ESG_Climate;UNKNOWN;PHYSICAL_FULL;0.0;OK;3;8.90604107487376;22.9258828808627;34.94232186892097;;;;CATEGORY_ONLY_FROM_LMF_PERF_MISSING;2026-05-27;lesmeilleursfonds_screenshots_oct2025;2026-07-31;"Listed on lesmeilleursfonds PEA ETF universe (data Oct 2025; confirm eligibility with broker)";Enriched replication 100% from justetf.com/amundietf.fr + perfs Boursorama/JustETF/BorsaItaliana/Investing.com (free) + obligations identified (no perf);2026-07-31;CF1;CF1.PA;XPAR;EUR;VERIFIED_EURONEXT_PARIS;;12;;;;Boursorama;https://www.boursorama.com/bourse/trackers/cours/1rTCF1/;"ISIN and Euronext Paris ticker CF1 confirmed; Yahoo symbol derived as CF1.PA.";2026-08-06;FR0010655704;VALID;UNCHANGED_VALID;ISO 6166 checksum;2026-08-06;;;;;;;;;VALID;2026-08-06;WAVE_01;CF1;Euronext Paris;XPAR;EUR;FINAL_VALIDATED;100;https://www.boursorama.com/bourse/trackers/cours/1rTCF1/;OFFICIAL_OR_MARKET_PAGE;2026-08-06;CF1.PA;DERIVED_FORMAT_REQUIRES_LIVE_TEST;IDENTITY_FINAL_VALIDATED;2026-08-06;CF1.PA;CF1;XPAR;430.2724975585937;428.8979998779297;416.3579998779297;423.6783222961426;67.65578599186318;3.4136025524232423;1.606261137701403;1.8073414147218392;4.592860630580357;430.2724975585937;443.4658991469705;417.07909597021694;1.808634772462077;14.302824257658362;15.16083034573043;-15.18987247406548;3.528588256927079;10.489687667787905;3.1801329143990476;True;444.5;155.0;-13.902
LU1681047236;Amundi Core EURO STOXX 50 ETF EUR Acc;ETF;PEA_LISTED_LMF;HIGH_LISTED_LESMEILLEURSFONDS;Amundi;Luxembourg;Europe;Actions Zone Euro Grandes Cap.;Actions Zone Euro Grandes Cap.;Eurozone;Blend_or_Broad;ACC;PHYSICAL_FULL;0.0;OK;4;25.211415814269223;67.29222245923052;77.4527755894087;;;;CATEGORY_ONLY_FROM_LMF_PERF_MISSING;2026-05-27;lesmeilleursfonds_screenshots_oct2025;2026-07-31;"Listed on lesmeilleursfonds PEA ETF universe (data Oct 2025; confirm eligibility with broker)";Enriched replication 100% from justetf.com/amundietf.fr + perfs Boursorama/JustETF/BorsaItaliana/Investing.com (free) + obligations identified (no perf);2026-07-31;C50;C50.PA;XPAR;EUR;VERIFIED_EURONEXT_PARIS;;5143;;;;Boursorama;https://www.boursorama.com/bourse/trackers/cours/1rTC50/;"ISIN and Euronext Paris ticker C50 confirmed; Yahoo symbol derived as C50.PA.";2026-08-06;LU1681047236;VALID;UNCHANGED_VALID;ISO 6166 checksum;2026-08-06;;;;;;;;;VALID;2026-08-06;WAVE_01;C50;Euronext Paris;XPAR;EUR;FINAL_VALIDATED;100;https://www.boursorama.com/bourse/trackers/cours/1rTC50/;OFFICIAL_OR_MARKET_PAGE;2026-08-06;C50.PA;DERIVED_FORMAT_REQUIRES_LIVE_TEST;IDENTITY_FINAL_VALIDATED;2026-08-06;C50.PA;C50;XPAR;169.5629997253418;167.67199981689453;161.27519958496094;157.21436546325683;72.38903232838169;1.6756432817568339;1.1164980786582501;0.5591452030985837;1.9314280918666296;169.5629997253418;174.41203400629362;164.71396544438997;0.4046524868843792;12.225746176403742;14.574612427368635;-10.814469792741033;3.605314191804898;12.693504119450028;9.638554562953372;False;174.72000122070312;5970.0;2.403
LU1681047319;Amundi Core EURO STOXX 50 ETF EUR Dist;ETF;PEA_LISTED_LMF;HIGH_LISTED_LESMEILLEURSFONDS;Amundi;Luxembourg;Europe;Actions Zone Euro Grandes Cap.;Actions Zone Euro Grandes Cap.;Eurozone;Blend_or_Broad;DIST;PHYSICAL_FULL;2.27;OK;4;25.15434004394097;67.41613228552535;77.58950418227658;;;;CATEGORY_ONLY_FROM_LMF_PERF_MISSING;2026-05-27;lesmeilleursfonds_screenshots_oct2025;2026-07-31;"Listed on lesmeilleursfonds PEA ETF universe (data Oct 2025; confirm eligibility with broker)";Enriched replication 100% from justetf.com/amundietf.fr + perfs Boursorama/JustETF/BorsaItaliana/Investing.com (free) + obligations identified (no perf);2026-07-31;CD5;CD5.PA;XPAR;EUR;VERIFIED_EURONEXT_PARIS;;;;15.68;-10.88;justETF + Euronext;https://www.justetf.com/en-be/etf-profile.html?isin=LU1681047319;"Euronext Paris listing and ticker CD5 confirmed; Reuters RIC CD5.PA.";2026-08-06;LU1681047319;VALID;UNCHANGED_VALID;ISO 6166 checksum;2026-08-06;;;;;;;;;VALID;2026-08-06;WAVE_01;CD5;Euronext Paris;XPAR;EUR;FINAL_VALIDATED;100;https://www.justetf.com/en-be/etf-profile.html?isin=LU1681047319;OFFICIAL_OR_MARKET_PAGE;2026-08-06;CD5.PA;CONFIRMED_BY_LISTING_SOURCE;IDENTITY_FINAL_VALIDATED;2026-08-06;CD5.PA;CD5;XPAR;102.13399963378906;101.00220016479493;97.1476001739502;94.69901363372803;71.07754234935341;1.0049693551586216;0.6679917632258174;0.3369775919328042;1.1385716029575892;102.13399963378906;105.05954923941087;99.20845002816725;0.16958679432917134;12.605524969445819;14.687195375626525;-10.783209972108654;3.562285986367253;12.640476848997185;9.647837240012969;False;105.23999786376953;1765.0;2.346
LU1646361276;Amundi Core MSCI EMU ETF Acc;ETF;PEA_LISTED_LMF;HIGH_LISTED_LESMEILLEURSFONDS;Amundi;Luxembourg;Europe;Actions Zone Euro Grandes Cap.;Actions Zone Euro Grandes Cap.;Eurozone;Blend_or_Broad;ACC;PHYSICAL_FULL;0.0;OK;4;18.06;52.85;65.77;;;;CATEGORY_ONLY_FROM_LMF_PERF_MISSING;2026-05-27;lesmeilleursfonds_screenshots_oct2025;2026-07-31;"Listed on lesmeilleursfonds PEA ETF universe (data Oct 2025; confirm eligibility with broker)";Enriched replication 100% from justetf.com/amundietf.fr + perfs Boursorama/JustETF/BorsaItaliana/Investing.com (free) + obligations identified (no perf);2026-07-31;MFEC;MFEC.PA;XPAR;EUR;VERIFIED_EURONEXT_PARIS;;;;;;Boursorama;https://www.boursorama.com/bourse/trackers/cours/1rTMFEC/;"ISIN and Euronext Paris ticker MFEC confirmed; Yahoo symbol derived as MFEC.PA.";2026-08-06;LU1646361276;VALID;UNCHANGED_VALID;ISO 6166 checksum;2026-08-06;;;;;;;;;VALID;2026-08-06;WAVE_01;MFEC;Euronext Paris;XPAR;EUR;FINAL_VALIDATED;100;https://www.boursorama.com/bourse/trackers/cours/1rTMFEC/;OFFICIAL_OR_MARKET_PAGE;2026-08-06;MFEC.PA;DERIVED_FORMAT_REQUIRES_LIVE_TEST;IDENTITY_FINAL_VALIDATED;2026-08-06;MFEC.PA;MFEC;XPAR;;;;;;;;;;;;;;;;;;;;;;;
LU1646360971;Amundi Core MSCI EMU ETF Dis;ETF;PEA_LISTED_LMF;HIGH_LISTED_LESMEILLEURSFONDS;Amundi;Luxembourg;Europe;Actions Zone Euro Grandes Cap.;Actions Zone Euro Grandes Cap.;Eurozone;Blend_or_Broad;DIST;PHYSICAL_FULL;2.89;OK;4;18.06;52.85;65.77;;;;CATEGORY_ONLY_FROM_LMF_PERF_MISSING;2026-05-27;lesmeilleursfonds_screenshots_oct2025;2026-07-31;"Listed on lesmeilleursfonds PEA ETF universe (data Oct 2025; confirm eligibility with broker)";Enriched replication 100% from justetf.com/amundietf.fr + perfs Boursorama/JustETF/BorsaItaliana/Investing.com (free) + obligations identified (no perf);2026-07-31;MFE;MFE.PA;XPAR;EUR;VERIFIED_EURONEXT_PARIS;;1400;;;;Boursorama;https://www.boursorama.com/bourse/trackers/cours/1rTMFE/;"ISIN and Euronext Paris ticker MFE confirmed; Yahoo symbol derived as MFE.PA.";2026-08-06;LU1646360971;VALID;UNCHANGED_VALID;ISO 6166 checksum;2026-08-06;;;;;;;;;VALID;2026-08-06;WAVE_01;MFE;Euronext Paris;XPAR;EUR;FINAL_VALIDATED;100;https://www.boursorama.com/bourse/trackers/cours/1rTMFE/;OFFICIAL_OR_MARKET_PAGE;2026-08-06;MFE.PA;DERIVED_FORMAT_REQUIRES_LIVE_TEST;IDENTITY_FINAL_VALIDATED;2026-08-06;MFE.PA;MFE;XPAR;;;;;;;;;;;;;;;;;;;;;;;
LU0252633754;Amundi DAX II ETF Acc;ETF;PEA_LISTED_LMF;HIGH_LISTED_LESMEILLEURSFONDS;Amundi;Luxembourg;Europe;Actions Allemagne Gdes Cap.;Actions Allemagne Gdes Cap.;Germany;Blend_or_Broad;ACC;PHYSICAL_FULL;;ACC_NO_DISTRIBUTION_EXPECTED;4;5.72;52.27;59.09;;;;CATEGORY_ONLY_FROM_LMF_PERF_MISSING;2026-05-27;lesmeilleursfonds_screenshots_oct2025;2026-07-31;"Listed on lesmeilleursfonds PEA ETF universe (data Oct 2025; confirm eligibility with broker)";Enriched replication 100% from justetf.com/amundietf.fr + perfs Boursorama/JustETF/BorsaItaliana/Investing.com (free) + obligations identified (no perf);2026-07-31;LYY7;;XGAT;EUR;LISTING_VERIFIED_YAHOO_PENDING;;;;;;Boursorama Tradegate;https://www.boursorama.com/bourse/trackers/cours/performances-risques/1mTLYY7/;Tradegate ticker LYY7 confirmed. Yahoo suffix still requires a live symbol test.;2026-08-06;LU0252633754;VALID;UNCHANGED_VALID;ISO 6166 checksum;2026-08-06;;;;;;;;;VALID;2026-08-06;WAVE_01;DAX;Euronext Paris;XPAR;EUR;FINAL_VALIDATED;100;https://www.justetf.com/en-be/etf-profile.html?isin=LU0252633754;OFFICIAL_OR_MARKET_PAGE;2026-08-06;LYXDAX.PA;CONFIRMED_BY_LISTING_SOURCE;IDENTITY_FINAL_VALIDATED;2026-08-06;LYXDAX.PA;DAX;XPAR;;;;;;;;;;;;;;;;;;;;;;;
FR0010655712;Amundi ETF DAX DR;ETF;PEA_LISTED_LMF;HIGH_LISTED_LESMEILLEURSFONDS;Amundi;France;Europe;Actions Allemagne Gdes Cap.;Actions Allemagne Gdes Cap.;Germany;Blend_or_Broad;UNKNOWN;PHYSICAL_FULL;0.0;OK;;8.273765103840947;65.27728522612925;59.89962684892003;;;;CATEGORY_ONLY_FROM_LMF_PERF_MISSING;2026-07-31;lesmeilleursfonds_screenshots_oct2025;2026-07-31;"Listed on lesmeilleursfonds PEA ETF universe (data Oct 2025; confirm eligibility with broker)";Enriched replication 100% from justetf.com/amundietf.fr + perfs Boursorama/JustETF/BorsaItaliana/Investing.com (free) + obligations identified (no perf);2026-07-31;;FR0010655712.PA;XPAR_CANDIDATE;EUR;CANDIDATE_NOT_VERIFIED;;;;;;;;ISIN.PA is only a technical Yahoo candidate and must not be used until verified.;2026-08-06;FR0010655712;VALID;UNCHANGED_VALID;ISO 6166 checksum;2026-08-06;;;;;;;;;VALID;;;CG1;Euronext Paris;XPAR;EUR;FINAL_VALIDATED;100;https://www.boursorama.com/bourse/trackers/cours/1rTCG1/;OFFICIAL_OR_MARKET_PAGE;2026-08-06;CG1.PA;DERIVED_FORMAT_REQUIRES_LIVE_TEST;IDENTITY_FINAL_VALIDATED;2026-08-06;CG1.PA;CG1;XPAR;447.8050048828125;443.6130029296875;433.8920007324219;433.0159162902832;78.16640247615106;5.027821482843251;3.1877454275803685;1.8400760552628825;4.900002615792411;447.8050048828125;464.3133380284067;431.29667173721833;0.6304086918072137;11.287598841433823;15.069509192921677;-12.343493009868423;4.136610877149893;8.899103940048004;4.136610877149893;False;461.95001220703125;499.0;-14.534
FR0007054358;Amundi Euro Stoxx 50 II UCITS ETF Acc;ETF;PEA_LISTED_LMF;HIGH_LISTED_LESMEILLEURSFONDS;Amundi;France;Europe;Actions Zone Euro Grandes Cap.;Actions Zone Euro Grandes Cap.;Eurozone;Blend_or_Broad;ACC;PHYSICAL_FULL;0.0;OK;4;11.5;24.35;49.64;;;;CATEGORY_ONLY_FROM_LMF_PERF_MISSING;2025-01-30;lesmeilleursfonds_screenshots_oct2025;2026-07-31;"Listed on lesmeilleursfonds PEA ETF universe (data Oct 2025; confirm eligibility with broker)";Enriched replication 100% from justetf.com/amundietf.fr + perfs Boursorama/JustETF/BorsaItaliana/Investing.com (free) + obligations identified (no perf);2026-07-31;MSE;MSE.MI;XMIL;EUR;VERIFIED_MILAN_YAHOO_CANDIDATE;;4630;;;;Boursorama;https://www.boursorama.com/bourse/trackers/cours/1gMSE/;Milan ticker MSE confirmed. MSE.MI is the Yahoo-format candidate and requires live validation.;2026-08-06;FR0007054358;VALID;UNCHANGED_VALID;ISO 6166 checksum;2026-08-06;;;;;;;;;VALID;2026-08-06;WAVE_01;MSE;Euronext Paris;XPAR;EUR;FINAL_VALIDATED;100;https://www.boursorama.com/bourse/trackers/cours/1rTMSE/;OFFICIAL_OR_MARKET_PAGE;2026-08-06;MSE.PA;DERIVED_FORMAT_REQUIRES_LIVE_TEST;IDENTITY_FINAL_VALIDATED;2026-08-06;MSE.PA;MSE;XPAR;;;;;;;;;;;;;;;;;;;;;;;
LU1829219390;Amundi Euro Stoxx Banks ETF Acc;ETF;PEA_LISTED_LMF;HIGH_LISTED_LESMEILLEURSFONDS;Amundi;Luxembourg;Europe;Actions Secteur Finance;Actions Secteur Finance;Eurozone;Blend_or_Broad;ACC;SYNTHETIC;0.0;OK;4;44.96161080177503;240.39953487959332;333.81815156918;;;;CATEGORY_ONLY_FROM_LMF_PERF_MISSING;;lesmeilleursfonds_screenshots_oct2025;2026-07-31;"Listed on lesmeilleursfonds PEA ETF universe (data Oct 2025; confirm eligibility with broker)";Enriched replication 100% from justetf.com/amundietf.fr + perfs Boursorama/JustETF/BorsaItaliana/Investing.com (free) + obligations identified (no perf);2026-07-31;BNKE;BNKE.MI;XMIL;EUR;VERIFIED_MILAN_YAHOO_CANDIDATE;;;;;;Boursorama;https://www.boursorama.com/bourse/trackers/cours/1gBNKE/;Milan ticker BNKE confirmed. BNKE.MI is the Yahoo-format candidate and requires live validation.;2026-08-06;LU1829219390;VALID;UNCHANGED_VALID;ISO 6166 checksum;2026-08-06;;;;;;;;;VALID;2026-08-06;WAVE_01;BNKE;Euronext Paris;XPAR;EUR;FINAL_VALIDATED;100;https://www.boursorama.com/bourse/trackers/cours/1rTBNKE/;OFFICIAL_OR_MARKET_PAGE;2026-08-06;BNKE.PA;DERIVED_FORMAT_REQUIRES_LIVE_TEST;IDENTITY_FINAL_VALIDATED;2026-08-06;BNKE.PA;BNKE;XPAR;384.45249938964844;369.6728204345703;344.27084075927735;328.39455047607424;73.10243425452782;8.61732803298321;7.056381230677435;1.5609468023057742;6.707144601004464;384.45249938964844;403.99811563010496;364.9068831491919;0.776695656704688;20.602197255339668;22.09669085954643;-17.132240226421157;7.923568393707092;24.83810303653207;18.10689737989688;False;403.8500061035156;8944.0;22.154
FR001400ZGP1;Amundi EuroStoxx 50 II ETF S-Acc;ETF;PEA_LISTED_LMF;HIGH_LISTED_LESMEILLEURSFONDS;Amundi;France;Europe;Actions Zone Euro Grandes Cap.;Actions Zone Euro Grandes Cap.;Eurozone;Blend_or_Broad;ACC;PHYSICAL_FULL;0.0;OK;;24.937276654550743;24.35;49.64;;;;CATEGORY_ONLY_FROM_LMF_PERF_MISSING;2025-01-30;lesmeilleursfonds_screenshots_oct2025;2026-07-31;"Listed on lesmeilleursfonds PEA ETF universe (data Oct 2025; confirm eligibility with broker)";Enriched replication 100% from justetf.com/amundietf.fr + perfs Boursorama/JustETF/BorsaItaliana/Investing.com (free) + obligations identified (no perf);2026-07-31;;FR001400ZGP1.PA;XPAR_CANDIDATE;EUR;CANDIDATE_NOT_VERIFIED;;;;;;;;ISIN.PA is only a technical Yahoo candidate and must not be used until verified.;2026-08-06;FR001400ZGP1;VALID;UNCHANGED_VALID;ISO 6166 checksum;2026-08-06;;;;;;;;;VALID;;;MSES;Euronext Paris;XPAR;EUR;FINAL_VALIDATED;100;https://www.boursorama.com/bourse/trackers/cours/1rTMSES/;OFFICIAL_OR_MARKET_PAGE;2026-08-06;MSES.PA;DERIVED_FORMAT_REQUIRES_LIVE_TEST;IDENTITY_FINAL_VALIDATED;2026-08-06;MSES.PA;MSES;XPAR;6.043350005149842;5.975200004577637;5.7471399974823;5.604192984104157;71.31409986993953;0.059911398017492346;0.040207037033432;0.019704360984060344;0.0642857551574707;6.043350005149842;6.216794644865553;5.86990536543413;0.30996615788383175;12.481012521037654;14.562784167117737;-10.798687854676947;3.5946095259830724;12.66967958701155;9.498680163381113;False;6.224999904632568;6732.0;2.129
FR0010010827;Amundi FTSE MIB ETF Dist;ETF;PEA_LISTED_LMF;HIGH_LISTED_LESMEILLEURSFONDS;Amundi;France;Europe;Actions Italie;Actions Italie;Italy;Blend_or_Broad;DIST;PHYSICAL_FULL;3.11;OK;;18.41;43.06;74.4;;;;CATEGORY_ONLY_FROM_LMF_PERF_MISSING;2025-01-30;lesmeilleursfonds_screenshots_oct2025;2026-07-31;"Listed on lesmeilleursfonds PEA ETF universe (data Oct 2025; confirm eligibility with broker)";Enriched replication 100% from justetf.com/amundietf.fr + perfs Boursorama/JustETF/BorsaItaliana/Investing.com (free) + obligations identified (no perf);2026-07-31;;FR0010010827.PA;XPAR_CANDIDATE;EUR;CANDIDATE_NOT_VERIFIED;;;;;;;;ISIN.PA is only a technical Yahoo candidate and must not be used until verified.;2026-08-06;FR0010010827;VALID;UNCHANGED_VALID;ISO 6166 checksum;2026-08-06;;;;;;;;;VALID;;;MIB;Euronext Paris;XPAR;EUR;FINAL_VALIDATED;100;https://www.boursorama.com/bourse/trackers/cours/1rTMIB/;OFFICIAL_OR_MARKET_PAGE;2026-08-06;MIB.PA;DERIVED_FORMAT_REQUIRES_LIVE_TEST;IDENTITY_FINAL_VALIDATED;2026-08-06;MIB.PA;MIB;XPAR;;;;;;;;;;;;;;;;;;;;;;;
LU1681046931;Amundi IS CAC 40 ESG DR ETF-C;ETF;PEA_LISTED_LMF;HIGH_LISTED_LESMEILLEURSFONDS;Amundi;Luxembourg;Europe;Actions France Grandes Cap.;Actions France Grandes Cap.;France;ESG_Climate;ACC;PHYSICAL_FULL;0.0;OK;;13.08438983403879;32.57496994495908;48.867816711431104;;;;CATEGORY_ONLY_FROM_LMF_PERF_MISSING;2026-05-27;lesmeilleursfonds_screenshots_oct2025;2026-07-31;"Listed on lesmeilleursfonds PEA ETF universe (data Oct 2025; confirm eligibility with broker)";Enriched replication 100% from justetf.com/amundietf.fr + perfs Boursorama/JustETF/BorsaItaliana/Investing.com (free) + obligations identified (no perf);2026-07-31;C40;C40.PA;XPAR;EUR;VERIFIED_EURONEXT_PARIS;;;;;;Boursorama;https://www.boursorama.com/bourse/trackers/cours/1rTC40/;"ISIN and Euronext Paris ticker C40 confirmed; Yahoo symbol derived as C40.PA.";2026-08-06;LU1681046931;VALID;UNCHANGED_VALID;ISO 6166 checksum;2026-08-06;;;;;;;;;VALID;2026-08-06;WAVE_01;C40;Euronext Paris;XPAR;EUR;FINAL_VALIDATED;100;https://www.boursorama.com/bourse/trackers/cours/1rTC40/;OFFICIAL_OR_MARKET_PAGE;2026-08-06;C40.PA;DERIVED_FORMAT_REQUIRES_LIVE_TEST;IDENTITY_FINAL_VALIDATED;2026-08-06;C40.PA;C40;XPAR;149.0789993286133;148.04759979248047;143.38839981079101;143.25922943115233;70.59587399629402;1.3464247296046494;0.7668413515960841;0.5795833780085653;1.7628566196986608;149.0789993286133;153.5319160681564;144.6260825890702;1.880221310274073;12.25344604317816;14.389268289577418;-12.865191302817735;4.100688597002966;11.252529430108282;5.921227292387665;False;153.83999633789062;10263.0;-9.724
LU1681047079;Amundi IS CAC 40 ESG DR ETF-D;ETF;PEA_LISTED_LMF;HIGH_LISTED_LESMEILLEURSFONDS;Amundi;Luxembourg;Europe;Actions France Grandes Cap.;Actions France Grandes Cap.;France;ESG_Climate;DIST;PHYSICAL_FULL;2.77;OK;;13.16885617922492;32.81146282974709;49.12037967778045;;;;CATEGORY_ONLY_FROM_LMF_PERF_MISSING;2026-05-27;lesmeilleursfonds_screenshots_oct2025;2026-07-31;"Listed on lesmeilleursfonds PEA ETF universe (data Oct 2025; confirm eligibility with broker)";Enriched replication 100% from justetf.com/amundietf.fr + perfs Boursorama/JustETF/BorsaItaliana/Investing.com (free) + obligations identified (no perf);2026-07-31;C4D;C4D.PA;XPAR;EUR;VERIFIED_EURONEXT_PARIS_WITH_SOURCE_ANOMALY;;;;;;Boursorama;https://www.boursorama.com/bourse/trackers/cours/1rTC4D/;ISIN and ticker C4D confirmed. Boursorama underlying description appears anomalous and is quarantined.;2026-08-06;LU1681047079;VALID;UNCHANGED_VALID;ISO 6166 checksum;2026-08-06;;;;;;;;;VALID;2026-08-06;WAVE_01;C4D;Euronext Paris;XPAR;EUR;FINAL_VALIDATED;100;https://www.boursorama.com/bourse/trackers/cours/1rTC4D/;OFFICIAL_OR_MARKET_PAGE;2026-08-06;C4D.PA;DERIVED_FORMAT_REQUIRES_LIVE_TEST;IDENTITY_FINAL_VALIDATED;2026-08-06;C4D.PA;C4D;XPAR;86.42200088500977;85.8034001159668;83.08709999084472;83.01529067993164;69.96836498844337;0.7919797652888718;0.45157261965415313;0.3404071456347187;0.9635701860700335;86.42200088500977;89.03870483612187;83.80529693389767;0.2798222704609436;12.989014293940368;14.200950571870907;-12.898381484710153;4.346811335721701;11.513487774581499;6.132640479605467;True;89.30000305175781;825.0;-9.639
LU1681037518;Amundi IS ITALY MIB ESG ETF DR - EUR C;ETF;PEA_LISTED_LMF;HIGH_LISTED_LESMEILLEURSFONDS;Amundi;Luxembourg;Europe;Actions Italie;Actions Italie;Italy;ESG_Climate;ACC;PHYSICAL_FULL;;ACC_NO_DISTRIBUTION_EXPECTED;;33.3065350176412;116.69115412006308;148.5574934823919;;;;CATEGORY_ONLY_FROM_LMF_PERF_MISSING;2026-05-27;lesmeilleursfonds_screenshots_oct2025;2026-07-31;"Listed on lesmeilleursfonds PEA ETF universe (data Oct 2025; confirm eligibility with broker)";Enriched replication 100% from justetf.com/amundietf.fr + perfs Boursorama/JustETF/BorsaItaliana/Investing.com (free) + obligations identified (no perf);2026-07-31;;LU1681037518.PA;XPAR_CANDIDATE;EUR;CANDIDATE_NOT_VERIFIED;;;;;;;;ISIN.PA is only a technical Yahoo candidate and must not be used until verified.;2026-08-06;LU1681037518;VALID;UNCHANGED_VALID;ISO 6166 checksum;2026-08-06;;;;;;;;;VALID;;;FMI;Euronext Paris;XPAR;EUR;FINAL_VALIDATED;100;https://www.boursorama.com/bourse/trackers/cours/1rTFMI/;OFFICIAL_OR_MARKET_PAGE;2026-08-06;FMI.PA;DERIVED_FORMAT_REQUIRES_LIVE_TEST;IDENTITY_FINAL_VALIDATED;2026-08-06;FMI.PA;FMI;XPAR;129.45599861145018;128.63319946289062;121.38019958496093;114.25609970092773;62.47057070615047;0.6772375875877685;0.31870407038651827;0.35853351720125026;1.7528561183384486;129.45599861145018;133.19104486607813;125.72095235682222;0.7422474396031831;17.178102397916216;16.726933719917636;-10.72560810763601;1.9674128916836953;12.174496149052105;20.596252248788716;True;132.67999267578125;1040.0;10.498
LU1681043599;Amundi IS MSCI World Swap ETF EUR Acc;ETF;PEA_LISTED_LMF;HIGH_LISTED_LESMEILLEURSFONDS;Amundi;Luxembourg;Europe;Act. International Gdes Cap. Mixte;Act. International Gdes Cap. Mixte;World;Blend_or_Broad;ACC;SYNTHETIC;0.0;OK;;22.52136786979566;67.61135950207336;71.30941103439308;;;;CATEGORY_ONLY_FROM_LMF_PERF_MISSING;2025-04-16;lesmeilleursfonds_screenshots_oct2025;2026-07-31;"Listed on lesmeilleursfonds PEA ETF universe (data Oct 2025; confirm eligibility with broker)";Enriched replication 100% from justetf.com/amundietf.fr + perfs Boursorama/JustETF/BorsaItaliana/Investing.com (free) + obligations identified (no perf);2026-07-31;CW8;CW8.PA;XPAR;EUR;VERIFIED_EURONEXT_PARIS;;;;;;Boursorama;https://www.boursorama.com/bourse/trackers/cours/1rTCW8/;"ISIN and Euronext Paris ticker CW8 confirmed; Yahoo symbol derived as CW8.PA.";2026-08-06;LU1681043599;VALID;UNCHANGED_VALID;ISO 6166 checksum;2026-08-06;;;;;;;;;VALID;2026-08-06;WAVE_01;CW8;Euronext Paris;XPAR;EUR;FINAL_VALIDATED;100;https://www.boursorama.com/bourse/trackers/cours/1rTCW8/;OFFICIAL_OR_MARKET_PAGE;2026-08-06;CW8.PA;DERIVED_FORMAT_REQUIRES_LIVE_TEST;IDENTITY_FINAL_VALIDATED;2026-08-06;CW8.PA;CW8;XPAR;684.3385040283204;678.9936853027343;654.8392352294921;632.371782836914;64.87542597974038;3.57505672441323;2.138812301509076;1.4362444229041538;6.391435895647321;684.3385040283204;698.0579605779805;670.6190474786603;0.6919540229885057;10.990590105430009;10.40080714571321;-6.583863418667124;1.8750755981755907;7.423086379644395;12.97759014998956;True;697.0700073242188;3913.0;-0.287
LU2655993207;Amundi IS MSCI World Swap ETF EUR Dist;ETF;PEA_LISTED_LMF;HIGH_LISTED_LESMEILLEURSFONDS;Amundi;Luxembourg;Europe;Act. International Gdes Cap. Mixte;Act. International Gdes Cap. Mixte;World;Blend_or_Broad;DIST;SYNTHETIC;1.04;OK;;22.60367032514836;;;;;;CATEGORY_ONLY_FROM_LMF_PERF_MISSING;2026-05-27;lesmeilleursfonds_screenshots_oct2025;2026-07-31;"Listed on lesmeilleursfonds PEA ETF universe (data Oct 2025; confirm eligibility with broker)";Enriched replication 100% from justetf.com/amundietf.fr + perfs Boursorama/JustETF/BorsaItaliana/Investing.com (free) + obligations identified (no perf);2026-07-31;;LU2655993207.PA;XPAR_CANDIDATE;EUR;CANDIDATE_NOT_VERIFIED;;;;;;;;ISIN.PA is only a technical Yahoo candidate and must not be used until verified.;2026-08-06;LU2655993207;VALID;UNCHANGED_VALID;ISO 6166 checksum;2026-08-06;;;;;;;;;VALID;;;EWLD;Euronext Paris;XPAR;EUR;FINAL_VALIDATED;100;https://www.boursorama.com/bourse/trackers/cours/1rTEWLD/;OFFICIAL_OR_MARKET_PAGE;2026-08-06;EWLD.PA;DERIVED_FORMAT_REQUIRES_LIVE_TEST;IDENTITY_FINAL_VALIDATED;2026-08-06;EWLD.PA;EWLD;XPAR;40.55049991607666;40.23143989562988;38.79458999633789;37.46313840866089;64.59537142082232;0.21301025952665498;0.12944864055899882;0.08356161896765615;0.3764288766043527;40.55049991607666;41.35351954007253;39.74748029208079;0.7474000392446907;10.861898776127305;10.297905075962346;-6.637764022114068;1.8379152206468463;7.452427248478921;12.873237350489664;True;41.279998779296875;12379.0;-0.204
LU1681038672;Amundi IS Russell 2000 ETF-C EUR;ETF;PEA_LISTED_LMF;HIGH_LISTED_LESMEILLEURSFONDS;Amundi;Luxembourg;Europe;Actions Etats-Unis Petites Cap.;Actions Etats-Unis Petites Cap.;USA;Small_Cap;ACC;SYNTHETIC;0.0;OK;;36.301058458832294;58.74193253055695;42.099602410782566;;;;CATEGORY_ONLY_FROM_LMF_PERF_MISSING;2025-02-19;lesmeilleursfonds_screenshots_oct2025;2026-07-31;"Listed on lesmeilleursfonds PEA ETF universe (data Oct 2025; confirm eligibility with broker)";Enriched replication 100% from justetf.com/amundietf.fr + perfs Boursorama/JustETF/BorsaItaliana/Investing.com (free) + obligations identified (no perf);2026-07-31;;LU1681038672.PA;XPAR_CANDIDATE;EUR;CANDIDATE_NOT_VERIFIED;;;;;;;;ISIN.PA is only a technical Yahoo candidate and must not be used until verified.;2026-08-06;LU1681038672;VALID;UNCHANGED_VALID;ISO 6166 checksum;2026-08-06;;;;;;;;;VALID;;;RS2K;Euronext Paris;XPAR;EUR;FINAL_VALIDATED;100;https://www.boursorama.com/bourse/trackers/cours/1rTRS2K/;OFFICIAL_OR_MARKET_PAGE;2026-08-06;RS2K.PA;DERIVED_FORMAT_REQUIRES_LIVE_TEST;IDENTITY_FINAL_VALIDATED;2026-08-06;RS2K.PA;RS2K;XPAR;389.11299896240234;387.4206890869141;367.8265350341797;347.24830047607423;57.92944467150526;0.7165880876078177;0.3714166268448835;0.34517146076293415;5.048575265066964;389.11299896240234;396.7024115097854;381.5235864150193;0.5403645833333334;12.769115356737506;16.11998148195272;-8.422922285978629;0.25976391895254913;9.643090026266531;16.319437963521267;True;393.67999267578125;996.0;13.493
FR0010655746;Amundi Ibex 35 ETF Acc;ETF;PEA_LISTED_LMF;HIGH_LISTED_LESMEILLEURSFONDS;Amundi;France;Europe;Actions Espagne;Actions Espagne;Spain;Blend_or_Broad;ACC;PHYSICAL_FULL;0.0;OK;;40.01072248096376;44.4;56.21;;;;CATEGORY_ONLY_FROM_LMF_PERF_MISSING;2026-05-27;lesmeilleursfonds_screenshots_oct2025;2026-07-31;"Listed on lesmeilleursfonds PEA ETF universe (data Oct 2025; confirm eligibility with broker)";Enriched replication 100% from justetf.com/amundietf.fr + perfs Boursorama/JustETF/BorsaItaliana/Investing.com (free) + obligations identified (no perf);2026-07-31;;FR0010655746.PA;XPAR_CANDIDATE;EUR;CANDIDATE_NOT_VERIFIED;;;;;;;;ISIN.PA is only a technical Yahoo candidate and must not be used until verified.;2026-08-06;FR0010655746;VALID;UNCHANGED_VALID;ISO 6166 checksum;2026-08-06;;;;;;;;;VALID;;;CS1;Euronext Paris;XPAR;EUR;FINAL_VALIDATED;100;https://www.boursorama.com/bourse/trackers/cours/1rTCS1/;OFFICIAL_OR_MARKET_PAGE;2026-08-06;CS1.PA;DERIVED_FORMAT_REQUIRES_LIVE_TEST;IDENTITY_FINAL_VALIDATED;2026-08-06;CS1.PA;CS1;XPAR;506.37250366210935;495.9610021972656;474.0685009765625;453.8381187438965;70.54513995628709;6.388369465616847;5.226355629533003;1.162013836083844;6.760711669921875;506.37250366210935;522.6127504655523;490.1322568586665;1.223087802797297;14.34505248248664;16.088238309253438;-10.005321979776472;4.440884569014436;15.919179098819436;13.2537907995526;False;522.0999755859375;2724.0;17.203
LU2182388582;Amundi MSCI EMU Clmt Paris Algd ETF Acc;ETF;PEA_LISTED_LMF;HIGH_LISTED_LESMEILLEURSFONDS;Amundi;Luxembourg;Europe;Actions Zone Euro Grandes Cap.;Actions Zone Euro Grandes Cap.;Eurozone;ESG_Climate;ACC;PHYSICAL_FULL;0.0;OK;;19.265479995694257;49.62767346901094;41.921716079420705;;;;CATEGORY_ONLY_FROM_LMF_PERF_MISSING;2026-05-27;lesmeilleursfonds_screenshots_oct2025;2026-07-31;"Listed on lesmeilleursfonds PEA ETF universe (data Oct 2025; confirm eligibility with broker)";Enriched replication 100% from justetf.com/amundietf.fr + perfs Boursorama/JustETF/BorsaItaliana/Investing.com (free) + obligations identified (no perf);2026-07-31;;LU2182388582.PA;XPAR_CANDIDATE;EUR;CANDIDATE_NOT_VERIFIED;;;;;;;;ISIN.PA is only a technical Yahoo candidate and must not be used until verified.;2026-08-06;LU2182388582;VALID;UNCHANGED_VALID;ISO 6166 checksum;2026-08-06;;;;;;;;;VALID;;;PABZ;Euronext Paris;XPAR;EUR;FINAL_VALIDATED;100;https://www.boursorama.com/bourse/trackers/cours/1rTPABZ/;OFFICIAL_OR_MARKET_PAGE;2026-08-06;PABZ.PA;DERIVED_FORMAT_REQUIRES_LIVE_TEST;IDENTITY_FINAL_VALIDATED;2026-08-06;PABZ.PA;PABZ;XPAR;94.2715000152588;94.0233999633789;90.3462996673584;88.15124961853027;68.46848317493156;0.5301611319065813;0.25779391655382955;0.27236721535275177;1.0049999782017298;94.2715000152588;96.37653275500546;92.16646727551213;1.9973448390308663;11.937437818845313;13.765556663445452;-11.053328355120895;2.0742926540208817;10.544409109733177;8.749570744416935;True;96.44999694824219;9027.0;-3.543
LU0908501058;Amundi MSCI EMU ESG Brd Trnstn ETF ACC;ETF;PEA_LISTED_LMF;HIGH_LISTED_LESMEILLEURSFONDS;Amundi;Luxembourg;Europe;Actions Zone Euro Grandes Cap.;Actions Zone Euro Grandes Cap.;Eurozone;ESG_Climate;ACC;PHYSICAL_FULL;;ACC_NO_DISTRIBUTION_EXPECTED;;22.760527647011774;54.01;65.04;;;;CATEGORY_ONLY_FROM_LMF_PERF_MISSING;2026-05-27;lesmeilleursfonds_screenshots_oct2025;2026-07-31;"Listed on lesmeilleursfonds PEA ETF universe (data Oct 2025; confirm eligibility with broker)";Enriched replication 100% from justetf.com/amundietf.fr + perfs Boursorama/JustETF/BorsaItaliana/Investing.com (free) + obligations identified (no perf);2026-07-31;;LU0908501058.PA;XPAR_CANDIDATE;EUR;CANDIDATE_NOT_VERIFIED;;;;;;;;ISIN.PA is only a technical Yahoo candidate and must not be used until verified.;2026-08-06;LU0908501058;VALID;UNCHANGED_VALID;ISO 6166 checksum;2026-08-06;;;;;;;;;VALID;;;MFED;Euronext Paris;XPAR;EUR;FINAL_VALIDATED;100;https://www.boursorama.com/bourse/trackers/cours/1rTMFED/;OFFICIAL_OR_MARKET_PAGE;2026-08-06;MFED.PA;DERIVED_FORMAT_REQUIRES_LIVE_TEST;IDENTITY_FINAL_VALIDATED;2026-08-06;MFED.PA;MFED;XPAR;368.4625;367.1990002441406;353.3270004272461;342.46125076293947;70.00000910973311;2.2889921129465733;1.1934558613633979;1.0955362515831755;3.735715593610491;368.4625;376.8324198202;360.09258017979994;0.36982520699172033;11.377014282649323;14.103862949206682;-10.62260189651325;2.511539589080747;10.540184829935196;10.153169305023702;False;377.54998779296875;603.0;-0.048
LU2059756325;Amundi MSCI EMU ESG Sel ETF DR EUR (D);ETF;PEA_LISTED_LMF;HIGH_LISTED_LESMEILLEURSFONDS;Amundi;Luxembourg;Europe;Actions Zone Euro Grandes Cap.;Actions Zone Euro Grandes Cap.;Eurozone;ESG_Climate;DIST;PHYSICAL_FULL;1.97;DIST_YIELD_NOT_FETCHED;;32.212133950260615;64.37371892292876;62.6;;;;CATEGORY_ONLY_FROM_LMF_PERF_MISSING;2026-05-27;lesmeilleursfonds_screenshots_oct2025;2026-07-31;"Listed on lesmeilleursfonds PEA ETF universe (data Oct 2025; confirm eligibility with broker)";Enriched replication 100% from justetf.com/amundietf.fr + perfs Boursorama/JustETF/BorsaItaliana/Investing.com (free) + obligations identified (no perf);2026-07-31;;LU2059756325.PA;XPAR_CANDIDATE;EUR;CANDIDATE_NOT_VERIFIED;;;;;;;;ISIN.PA is only a technical Yahoo candidate and must not be used until verified.;2026-08-06;LU2059756325;VALID;UNCHANGED_VALID;ISO 6166 checksum;2026-08-06;;;;;;;;;VALID;;;CMUD;Euronext Paris;XPAR;EUR;FINAL_VALIDATED;100;https://live.euronext.com/en/product/etfs/LU2059756325-XPAR/market-information;OFFICIAL_OR_MARKET_PAGE;2026-08-06;CMUD.PA;CONFIRMED_BY_LISTING_SOURCE;IDENTITY_FINAL_VALIDATED;2026-08-06;CMUD.PA;CMUD;XPAR;85.12850036621094;84.88992004394531;80.0760498046875;75.83103996276856;67.67294740418149;0.4482216313230083;0.24362451401878388;0.20459711730422442;0.7578566414969308;85.12850036621094;86.81625388708726;83.44074684533463;0.2326302729528536;11.73522562306439;13.871877142144182;-10.554311869684174;1.9779901260778887;13.363426454648941;17.4290406034582;True;87.12999725341797;150.0;9.404
LU1602144575;Amundi MSCI EMU ESG Sel ETF DR EUR C;ETF;PEA_LISTED_LMF;HIGH_LISTED_LESMEILLEURSFONDS;Amundi;Luxembourg;Europe;Actions Zone Euro Grandes Cap.;Actions Zone Euro Grandes Cap.;Eurozone;ESG_Climate;ACC;PHYSICAL_FULL;0.0;OK;;32.28540485711528;64.47595023161547;63.91063670143973;;;;CATEGORY_ONLY_FROM_LMF_PERF_MISSING;2026-05-27;lesmeilleursfonds_screenshots_oct2025;2026-07-31;"Listed on lesmeilleursfonds PEA ETF universe (data Oct 2025; confirm eligibility with broker)";Enriched replication 100% from justetf.com/amundietf.fr + perfs Boursorama/JustETF/BorsaItaliana/Investing.com (free) + obligations identified (no perf);2026-07-31;;LU1602144575.PA;XPAR_CANDIDATE;EUR;CANDIDATE_NOT_VERIFIED;;;;;;;;ISIN.PA is only a technical Yahoo candidate and must not be used until verified.;2026-08-06;LU1602144575;VALID;UNCHANGED_VALID;ISO 6166 checksum;2026-08-06;;;;;;;;;VALID;;;CMU;Euronext Paris;XPAR;EUR;FINAL_VALIDATED;100;https://www.boursorama.com/bourse/trackers/cours/1rTCMU/;OFFICIAL_OR_MARKET_PAGE;2026-08-06;CMU.PA;DERIVED_FORMAT_REQUIRES_LIVE_TEST;IDENTITY_FINAL_VALIDATED;2026-08-06;CMU.PA;CMU;XPAR;419.3675018310547;418.10200073242186;394.42949951171875;373.4869160461426;68.0;2.2161225399881346;1.2007323575904503;1.0153901823976843;4.3071441650390625;419.3675018310547;427.7156647935195;411.0193388685899;0.22332457932107772;11.542372752024054;14.117680618680145;-10.629762990352054;1.9962035783601895;13.305181108297282;17.63738660463614;True;429.20001220703125;574.0;9.477
FR0010717090;Amundi MSCI EMU High Dividend ETF Acc;ETF;PEA_LISTED_LMF;HIGH_LISTED_LESMEILLEURSFONDS;Amundi;France;Europe;Actions Zone Euro Grandes Cap.;Actions Zone Euro Grandes Cap.;Eurozone;Dividend;ACC;PHYSICAL_FULL;0.0;OK;;21.918963206052823;51.22853706806927;57.908162329051784;;;;CATEGORY_ONLY_FROM_LMF_PERF_MISSING;2026-05-27;lesmeilleursfonds_screenshots_oct2025;2026-07-31;"Listed on lesmeilleursfonds PEA ETF universe (data Oct 2025; confirm eligibility with broker)";Enriched replication 100% from justetf.com/amundietf.fr + perfs Boursorama/JustETF/BorsaItaliana/Investing.com (free) + obligations identified (no perf);2026-07-31;;FR0010717090.PA;XPAR_CANDIDATE;EUR;CANDIDATE_NOT_VERIFIED;;;;;;;;ISIN.PA is only a technical Yahoo candidate and must not be used until verified.;2026-08-06;FR0010717090;VALID;UNCHANGED_VALID;ISO 6166 checksum;2026-08-06;;;;;;;;;VALID;;;CD8;Euronext Paris;XPAR;EUR;FINAL_VALIDATED;100;https://www.boursorama.com/bourse/trackers/cours/1rTCD8/;OFFICIAL_OR_MARKET_PAGE;2026-08-06;CD8.PA;DERIVED_FORMAT_REQUIRES_LIVE_TEST;IDENTITY_FINAL_VALIDATED;2026-08-06;CD8.PA;CD8;XPAR;213.72250061035157;208.955;203.8090998840332;195.82435989379883;70.09337797831257;2.107312599997215;2.1373247963559745;-0.030012196358759624;1.7571454729352678;213.72250061035157;217.86337243456265;209.5816287861405;0.4374860376796485;6.044173867474332;8.115735670672267;-6.241278111427495;3.314257057408332;8.629157262537767;11.068387474682106;False;216.64999389648438;1175.0;-0.889
LU2109787635;Amundi MSCI EMU SRI ClmtPrsAlgdETFDRC;ETF;PEA_LISTED_LMF;HIGH_LISTED_LESMEILLEURSFONDS;Amundi;Luxembourg;Europe;Actions Zone Euro Grandes Cap.;Actions Zone Euro Grandes Cap.;Eurozone;ESG_Climate;UNKNOWN;PHYSICAL_FULL;;MISSING;;22.22829916611062;49.5847774272939;46.69;;;;CATEGORY_ONLY_FROM_LMF_PERF_MISSING;2026-04-30;lesmeilleursfonds_screenshots_oct2025;2026-07-31;"Listed on lesmeilleursfonds PEA ETF universe (data Oct 2025; confirm eligibility with broker)";Enriched replication 100% from justetf.com/amundietf.fr + perfs Boursorama/JustETF/BorsaItaliana/Investing.com (free) + obligations identified (no perf);2026-07-31;;LU2109787635.PA;XPAR_CANDIDATE;EUR;CANDIDATE_NOT_VERIFIED;;;;;;;;ISIN.PA is only a technical Yahoo candidate and must not be used until verified.;2026-08-06;LU2109787635;VALID;UNCHANGED_VALID;ISO 6166 checksum;2026-08-06;;;;;;;;;VALID;;;EESG;Euronext Paris;XPAR;EUR;FINAL_VALIDATED;100;https://www.boursorama.com/bourse/trackers/cours/1rTEESG/;OFFICIAL_OR_MARKET_PAGE;2026-08-06;EESG.PA;DERIVED_FORMAT_REQUIRES_LIVE_TEST;IDENTITY_FINAL_VALIDATED;2026-08-06;EESG.PA;EESG;XPAR;109.50199928283692;109.5163998413086;105.74239997863769;101.98160007476807;65.46186984670726;0.2979534100717842;0.06020272008040258;0.23775068999138163;1.0385709490094865;109.50199928283692;111.33626316803277;107.66773539764107;0.4434017595307918;11.43190965806225;12.648514008329931;-9.519212624106554;1.2144317670463867;7.861695303913918;11.212908127409825;True;111.68000030517578;378.0;-0.58
LU1598689153;Amundi MSCI EMU SmCap ESG Brd Trnstn ETF DIS;ETF;PEA_LISTED_LMF;HIGH_LISTED_LESMEILLEURSFONDS;Amundi;Luxembourg;Europe;Actions Zone Euro Petites Cap.;Actions Zone Euro Petites Cap.;Eurozone;ESG_Climate;DIST;PHYSICAL_FULL;;DIST_YIELD_NOT_FETCHED;;;;;;;;CATEGORY_ONLY_FROM_LMF_PERF_MISSING;;lesmeilleursfonds_screenshots_oct2025;2026-07-31;"Listed on lesmeilleursfonds PEA ETF universe (data Oct 2025; confirm eligibility with broker)";Enriched replication 100% from justetf.com/amundietf.fr + perfs Boursorama/JustETF/BorsaItaliana/Investing.com (free) + obligations identified (no perf);2026-07-31;;LU1598689153.PA;XPAR_CANDIDATE;EUR;CANDIDATE_NOT_VERIFIED;;;;;;;;ISIN.PA is only a technical Yahoo candidate and must not be used until verified.;2026-08-06;LU1598689153;VALID;UNCHANGED_VALID;ISO 6166 checksum;2026-08-06;;;;;;;;;VALID;;;MMS;Euronext Paris;XPAR;EUR;FINAL_VALIDATED;100;https://www.boursorama.com/bourse/trackers/cours/1rTMMS/;OFFICIAL_OR_MARKET_PAGE;2026-08-06;MMS.PA;DERIVED_FORMAT_REQUIRES_LIVE_TEST;IDENTITY_FINAL_VALIDATED;2026-08-06;MMS.PA;MMS;XPAR;;;;;;;;;;;;;;;;;;;;;;;
LU1598690169;Amundi MSCI EMU Value Factor ETF Dis;ETF;PEA_LISTED_LMF;HIGH_LISTED_LESMEILLEURSFONDS;Amundi;Luxembourg;Europe;Actions Zone Euro Grandes Cap.;Actions Zone Euro Grandes Cap.;Eurozone;Value;DIST;PHYSICAL_FULL;3.53;DIST_YIELD_NOT_FETCHED;;27.99535064188694;69.46;107.47;;;;CATEGORY_ONLY_FROM_LMF_PERF_MISSING;2026-05-27;lesmeilleursfonds_screenshots_oct2025;2026-07-31;"Listed on lesmeilleursfonds PEA ETF universe (data Oct 2025; confirm eligibility with broker)";Enriched replication 100% from justetf.com/amundietf.fr + perfs Boursorama/JustETF/BorsaItaliana/Investing.com (free) + obligations identified (no perf);2026-07-31;;LU1598690169.PA;XPAR_CANDIDATE;EUR;CANDIDATE_NOT_VERIFIED;;;;;;;;ISIN.PA is only a technical Yahoo candidate and must not be used until verified.;2026-08-06;LU1598690169;VALID;UNCHANGED_VALID;ISO 6166 checksum;2026-08-06;;;;;;;;;VALID;;;VAL;Euronext Paris;XPAR;EUR;FINAL_VALIDATED;100;https://www.boursorama.com/bourse/trackers/cours/1rTVAL/;OFFICIAL_OR_MARKET_PAGE;2026-08-06;VAL.PA;DERIVED_FORMAT_REQUIRES_LIVE_TEST;IDENTITY_FINAL_VALIDATED;2026-08-06;VAL.PA;VAL;XPAR;193.08000106811522;188.66160034179688;181.9952005004883;174.7604359436035;74.43604278187344;2.457151436178833;2.0984193506965303;0.35873208548230284;1.738572256905692;193.08000106811522;198.3744797334862;187.78552240274425;0.39990298849335737;9.37826683573488;11.739104250134682;-8.807128389360763;4.25621680727033;12.212264820178497;13.252463029348194;False;197.9199981689453;742.0;5.187
FR0010405431;Amundi MSCI Greece ETF Dist;ETF;PEA_LISTED_LMF;HIGH_LISTED_LESMEILLEURSFONDS;Amundi;France;Europe;Actions Secteur Autres;Actions Secteur Autres;Other_or_Mixed;Blend_or_Broad;DIST;PHYSICAL_FULL;2.56;OK;;25.74439300105309;131.00173233498055;225.7333874331836;;;;CATEGORY_ONLY_FROM_LMF_PERF_MISSING;2026-06-30;lesmeilleursfonds_screenshots_oct2025;2026-07-31;"Listed on lesmeilleursfonds PEA ETF universe (data Oct 2025; confirm eligibility with broker)";Enriched replication 100% from justetf.com/amundietf.fr + perfs Boursorama/JustETF/BorsaItaliana/Investing.com (free) + obligations identified (no perf);2026-07-31;;FR0010405431.PA;XPAR_CANDIDATE;EUR;CANDIDATE_NOT_VERIFIED;;;;;;;;ISIN.PA is only a technical Yahoo candidate and must not be used until verified.;2026-08-06;FR0010405431;VALID;UNCHANGED_VALID;ISO 6166 checksum;2026-08-06;;;;;;;;;VALID;;;GRE;Euronext Paris;XPAR;EUR;FINAL_VALIDATED;100;https://www.boursorama.com/bourse/trackers/cours/1rTGRE/;OFFICIAL_OR_MARKET_PAGE;2026-08-06;GRE.PA;DERIVED_FORMAT_REQUIRES_LIVE_TEST;IDENTITY_FINAL_VALIDATED;2026-08-06;GRE.PA;GRE;XPAR;2.83252500295639;2.7535599994659425;2.5917199945449827;2.4754079926013945;71.06338620799272;0.05236093748597792;0.04384127057349604;0.008519666912481884;0.05035717146737235;2.83252500295639;2.979190919493055;2.6858590864197254;0.5283626042105645;21.826256130467815;20.720074178320154;-16.969813964667026;3.99429359905612;18.128418423705916;12.630355519951886;False;2.9159998893737793;113717.0;2.936
LU2195226068;Amundi S&P Eurozone ClmtPrsAlgdETFAcc;ETF;PEA_LISTED_LMF;HIGH_LISTED_LESMEILLEURSFONDS;Amundi;Luxembourg;Europe;Actions Zone Euro Grandes Cap.;Actions Zone Euro Grandes Cap.;Eurozone;ESG_Climate;ACC;PHYSICAL_FULL;0.0;OK;;21.1461050760404;68.19494859418008;60.05499318004848;;;;CATEGORY_ONLY_FROM_LMF_PERF_MISSING;2026-06-30;lesmeilleursfonds_screenshots_oct2025;2026-07-31;"Listed on lesmeilleursfonds PEA ETF universe (data Oct 2025; confirm eligibility with broker)";Enriched replication 100% from justetf.com/amundietf.fr + perfs Boursorama/JustETF/BorsaItaliana/Investing.com (free) + obligations identified (no perf);2026-07-31;;LU2195226068.PA;XPAR_CANDIDATE;EUR;CANDIDATE_NOT_VERIFIED;;;;;;;;ISIN.PA is only a technical Yahoo candidate and must not be used until verified.;2026-08-06;LU2195226068;VALID;UNCHANGED_VALID;ISO 6166 checksum;2026-08-06;;;;;;;;;VALID;;;EPAB;Euronext Paris;XPAR;EUR;FINAL_VALIDATED;100;https://www.boursorama.com/bourse/trackers/cours/1rTEPAB/;OFFICIAL_OR_MARKET_PAGE;2026-08-06;EPAB.PA;DERIVED_FORMAT_REQUIRES_LIVE_TEST;IDENTITY_FINAL_VALIDATED;2026-08-06;EPAB.PA;EPAB;XPAR;42.297000312805174;41.98620025634766;40.287850074768066;39.39143102645874;69.54205754790107;0.3730980653849798;0.2182196122783645;0.1548784531066153;0.5010708400181362;42.297000312805174;43.497720709051386;41.09627991655896;0.8844571942073065;14.106863050235713;15.50349869408728;-11.13031116801566;3.7428633072916107;13.286619831733582;9.837715316367458;True;43.654998779296875;2559.0;-1.662
LU1834983477;Amundi STOXX Europe 600 Banks ETF Acc;ETF;PEA_LISTED_LMF;HIGH_LISTED_LESMEILLEURSFONDS;Amundi;Luxembourg;Europe;Actions Secteur Finance;Actions Secteur Finance;Europe;Blend_or_Broad;ACC;UNKNOWN_CHECK_KIID;;ACC_NO_DISTRIBUTION_EXPECTED;;48.38964151041809;;;;;;CATEGORY_ONLY_FROM_LMF_PERF_MISSING;;lesmeilleursfonds_screenshots_oct2025;2026-07-31;"Listed on lesmeilleursfonds PEA ETF universe (data Oct 2025; confirm eligibility with broker)";Enriched replication 100% from justetf.com/amundietf.fr + perfs Boursorama/JustETF/BorsaItaliana/Investing.com (free) + obligations identified (no perf);2026-07-31;;LU1834983477.PA;XPAR_CANDIDATE;EUR;CANDIDATE_NOT_VERIFIED;;;;;;;;ISIN.PA is only a technical Yahoo candidate and must not be used until verified.;2026-08-06;LU1834983477;VALID;UNCHANGED_VALID;ISO 6166 checksum;2026-08-06;;;;;;;;;VALID;;;BNK;Euronext Paris;XPAR;EUR;FINAL_VALIDATED;100;https://www.boursorama.com/bourse/trackers/cours/1rTBNK/;OFFICIAL_OR_MARKET_PAGE;2026-08-06;BNK.PA;DERIVED_FORMAT_REQUIRES_LIVE_TEST;IDENTITY_FINAL_VALIDATED;2026-08-06;BNK.PA;BNK;XPAR;72.44950065612792;69.51074020385742;65.10068016052246;61.69453006744385;69.63028978956693;1.498428912030775;1.340111744767387;0.15831716726338807;1.2200001307896204;72.44950065612792;75.5517276630192;69.34727364923666;2.42172607281902;19.17030933337197;20.79373541842208;-15.740230130815325;6.630694517549385;22.816772316132283;19.424346789566837;True;75.0999984741211;58502.0;25.582
LU1834986900;Amundi STOXX Europe 600 Hlthcare ETF Acc;ETF;PEA_LISTED_LMF;HIGH_LISTED_LESMEILLEURSFONDS;Amundi;Luxembourg;Europe;Actions Secteur Santé;Actions Secteur Santé;Europe;Blend_or_Broad;ACC;UNKNOWN_CHECK_KIID;;ACC_NO_DISTRIBUTION_EXPECTED;;16.830779311732023;;;;;;CATEGORY_ONLY_FROM_LMF_PERF_MISSING;;lesmeilleursfonds_screenshots_oct2025;2026-07-31;"Listed on lesmeilleursfonds PEA ETF universe (data Oct 2025; confirm eligibility with broker)";Enriched replication 100% from justetf.com/amundietf.fr + perfs Boursorama/JustETF/BorsaItaliana/Investing.com (free) + obligations identified (no perf);2026-07-31;;LU1834986900.PA;XPAR_CANDIDATE;EUR;CANDIDATE_NOT_VERIFIED;;;;;;;;ISIN.PA is only a technical Yahoo candidate and must not be used until verified.;2026-08-06;LU1834986900;VALID;UNCHANGED_VALID;ISO 6166 checksum;2026-08-06;;;;;;;;;VALID;;;HLT;Euronext Paris;XPAR;EUR;FINAL_VALIDATED;100;https://www.boursorama.com/bourse/trackers/cours/1rTHLT/;OFFICIAL_OR_MARKET_PAGE;2026-08-06;HLT.PA;DERIVED_FORMAT_REQUIRES_LIVE_TEST;IDENTITY_FINAL_VALIDATED;2026-08-06;HLT.PA;HLT;XPAR;154.08700103759764;152.61867980957032;150.47492950439454;151.35056518554688;46.827123250623124;-0.06369464707105976;0.38183287970164953;-0.4455275267727093;2.568572998046875;154.08700103759764;158.1772911398336;149.99671093536168;0.42415027400297756;16.7398106455238;19.222763259858855;-12.406096906769404;-1.8971969188630866;4.357424496207907;-2.430630837260306;False;153.05999755859375;4017.0;-5.977
LU1834987890;Amundi STOXX Europe 600 Indstr ETF Acc;ETF;PEA_LISTED_LMF;HIGH_LISTED_LESMEILLEURSFONDS;Amundi;Luxembourg;Europe;Act. Secteur Matériaux & Industrie;Act. Secteur Matériaux & Industrie;Other_or_Mixed;Blend_or_Broad;ACC;UNKNOWN_CHECK_KIID;;ACC_NO_DISTRIBUTION_EXPECTED;;;;;;;;CATEGORY_ONLY_FROM_LMF_PERF_MISSING;;lesmeilleursfonds_screenshots_oct2025;2026-07-31;"Listed on lesmeilleursfonds PEA ETF universe (data Oct 2025; confirm eligibility with broker)";Enriched replication 100% from justetf.com/amundietf.fr + perfs Boursorama/JustETF/BorsaItaliana/Investing.com (free) + obligations identified (no perf);2026-07-31;;LU1834987890.PA;XPAR_CANDIDATE;EUR;CANDIDATE_NOT_VERIFIED;;;;;;;;ISIN.PA is only a technical Yahoo candidate and must not be used until verified.;2026-08-06;LU1834987890;VALID;UNCHANGED_VALID;ISO 6166 checksum;2026-08-06;;;;;;;;;VALID;;;IND;Euronext Paris;XPAR;EUR;FINAL_VALIDATED;100;https://www.boursorama.com/bourse/trackers/cours/1rTIND/;OFFICIAL_OR_MARKET_PAGE;2026-08-06;IND.PA;DERIVED_FORMAT_REQUIRES_LIVE_TEST;IDENTITY_FINAL_VALIDATED;2026-08-06;IND.PA;IND;XPAR;;;;;;;;;;;;;;;;;;;;;;;
LU1834987973;Amundi STOXX Europe 600 Ins ETF Acc;ETF;PEA_LISTED_LMF;HIGH_LISTED_LESMEILLEURSFONDS;Amundi;Luxembourg;Europe;Actions Secteur Finance;Actions Secteur Finance;Europe;Blend_or_Broad;ACC;UNKNOWN_CHECK_KIID;;ACC_NO_DISTRIBUTION_EXPECTED;;;;;;;;CATEGORY_ONLY_FROM_LMF_PERF_MISSING;;lesmeilleursfonds_screenshots_oct2025;2026-07-31;"Listed on lesmeilleursfonds PEA ETF universe (data Oct 2025; confirm eligibility with broker)";Enriched replication 100% from justetf.com/amundietf.fr + perfs Boursorama/JustETF/BorsaItaliana/Investing.com (free) + obligations identified (no perf);2026-07-31;;LU1834987973.PA;XPAR_CANDIDATE;EUR;CANDIDATE_NOT_VERIFIED;;;;;;;;ISIN.PA is only a technical Yahoo candidate and must not be used until verified.;2026-08-06;LU1834987973;VALID;UNCHANGED_VALID;ISO 6166 checksum;2026-08-06;;;;;;;;;VALID;;;INS;Euronext Paris;XPAR;EUR;FINAL_VALIDATED;100;https://www.boursorama.com/bourse/trackers/cours/1rTINS/;OFFICIAL_OR_MARKET_PAGE;2026-08-06;INS.PA;DERIVED_FORMAT_REQUIRES_LIVE_TEST;IDENTITY_FINAL_VALIDATED;2026-08-06;INS.PA;INS;XPAR;;;;;;;;;;;;;;;;;;;;;;;
LU1834988518;Amundi STOXX Europe 600 Tech ETF Acc;ETF;PEA_LISTED_LMF;HIGH_LISTED_LESMEILLEURSFONDS;Amundi;Luxembourg;Europe;Actions Secteur Technologies;Actions Secteur Technologies;Europe;Blend_or_Broad;ACC;UNKNOWN_CHECK_KIID;;ACC_NO_DISTRIBUTION_EXPECTED;;;;;;;;CATEGORY_ONLY_FROM_LMF_PERF_MISSING;;lesmeilleursfonds_screenshots_oct2025;2026-07-31;"Listed on lesmeilleursfonds PEA ETF universe (data Oct 2025; confirm eligibility with broker)";Enriched replication 100% from justetf.com/amundietf.fr + perfs Boursorama/JustETF/BorsaItaliana/Investing.com (free) + obligations identified (no perf);2026-07-31;;LU1834988518.PA;XPAR_CANDIDATE;EUR;CANDIDATE_NOT_VERIFIED;;;;;;;;ISIN.PA is only a technical Yahoo candidate and must not be used until verified.;2026-08-06;LU1834988518;VALID;UNCHANGED_VALID;ISO 6166 checksum;2026-08-06;;;;;;;;;VALID;;;TNO;Euronext Paris;XPAR;EUR;FINAL_VALIDATED;100;https://www.boursorama.com/bourse/trackers/cours/1rTTNO/;OFFICIAL_OR_MARKET_PAGE;2026-08-06;TNO.PA;CONFIRMED_BY_LISTING_SOURCE;IDENTITY_FINAL_VALIDATED;2026-08-06;TNO.PA;TNO;XPAR;;;;;;;;;;;;;;;;;;;;;;;
LU1834988609;Amundi STOXX Europe 600 Telecoms ETF Acc;ETF;PEA_LISTED_LMF;HIGH_LISTED_LESMEILLEURSFONDS;Amundi;Luxembourg;Europe;Actions Secteur Communication;Actions Secteur Communication;Europe;Blend_or_Broad;ACC;UNKNOWN_CHECK_KIID;;ACC_NO_DISTRIBUTION_EXPECTED;;;;;;;;CATEGORY_ONLY_FROM_LMF_PERF_MISSING;;lesmeilleursfonds_screenshots_oct2025;2026-07-31;"Listed on lesmeilleursfonds PEA ETF universe (data Oct 2025; confirm eligibility with broker)";Enriched replication 100% from justetf.com/amundietf.fr + perfs Boursorama/JustETF/BorsaItaliana/Investing.com (free) + obligations identified (no perf);2026-07-31;;LU1834988609.PA;XPAR_CANDIDATE;EUR;CANDIDATE_NOT_VERIFIED;;;;;;;;ISIN.PA is only a technical Yahoo candidate and must not be used until verified.;2026-08-06;LU1834988609;VALID;UNCHANGED_VALID;ISO 6166 checksum;2026-08-06;;;;;;;;;VALID;;;TELE;Euronext Paris;XPAR;EUR;FINAL_VALIDATED;100;https://www.boursorama.com/bourse/trackers/cours/1rTTELE/;OFFICIAL_OR_MARKET_PAGE;2026-08-06;TELE.PA;DERIVED_FORMAT_REQUIRES_LIVE_TEST;IDENTITY_FINAL_VALIDATED;2026-08-06;TELE.PA;TELE;XPAR;;;;;;;;;;;;;;;;;;;;;;;
LU1834988864;Amundi STOXX Europe 600 Utilts ETF Acc;ETF;PEA_LISTED_LMF;HIGH_LISTED_LESMEILLEURSFONDS;Amundi;Luxembourg;Europe;Actions Secteur Services Publics;Actions Secteur Services Publics;Europe;Blend_or_Broad;ACC;UNKNOWN_CHECK_KIID;;ACC_NO_DISTRIBUTION_EXPECTED;;;;;;;;CATEGORY_ONLY_FROM_LMF_PERF_MISSING;;lesmeilleursfonds_screenshots_oct2025;2026-07-31;"Listed on lesmeilleursfonds PEA ETF universe (data Oct 2025; confirm eligibility with broker)";Enriched replication 100% from justetf.com/amundietf.fr + perfs Boursorama/JustETF/BorsaItaliana/Investing.com (free) + obligations identified (no perf);2026-07-31;;LU1834988864.PA;XPAR_CANDIDATE;EUR;CANDIDATE_NOT_VERIFIED;;;;;;;;ISIN.PA is only a technical Yahoo candidate and must not be used until verified.;2026-08-06;LU1834988864;VALID;UNCHANGED_VALID;ISO 6166 checksum;2026-08-06;;;;;;;;;VALID;;;UTI;Euronext Paris;XPAR;EUR;FINAL_VALIDATED;100;https://www.boursorama.com/bourse/trackers/cours/1rTUTI/;OFFICIAL_OR_MARKET_PAGE;2026-08-06;UTI.PA;DERIVED_FORMAT_REQUIRES_LIVE_TEST;IDENTITY_FINAL_VALIDATED;2026-08-06;UTI.PA;UTI;XPAR;;;;;;;;;;;;;;;;;;;;;;;
LU1834983550;Amundi STOXX Eurp 600 Basic Res ETF Acc;ETF;PEA_LISTED_LMF;HIGH_LISTED_LESMEILLEURSFONDS;Amundi;Luxembourg;Europe;Act. Secteur Matériaux & Industrie;Act. Secteur Matériaux & Industrie;Other_or_Mixed;Blend_or_Broad;ACC;UNKNOWN_CHECK_KIID;;ACC_NO_DISTRIBUTION_EXPECTED;;69.40407551622245;;;;;;CATEGORY_ONLY_FROM_LMF_PERF_MISSING;;lesmeilleursfonds_screenshots_oct2025;2026-07-31;"Listed on lesmeilleursfonds PEA ETF universe (data Oct 2025; confirm eligibility with broker)";Enriched replication 100% from justetf.com/amundietf.fr + perfs Boursorama/JustETF/BorsaItaliana/Investing.com (free) + obligations identified (no perf);2026-07-31;;LU1834983550.PA;XPAR_CANDIDATE;EUR;CANDIDATE_NOT_VERIFIED;;;;;;;;ISIN.PA is only a technical Yahoo candidate and must not be used until verified.;2026-08-06;LU1834983550;VALID;UNCHANGED_VALID;ISO 6166 checksum;2026-08-06;;;;;;;;;VALID;;;BRES;Euronext Paris;XPAR;EUR;FINAL_VALIDATED;100;https://www.boursorama.com/bourse/trackers/cours/1rTBRES/;OFFICIAL_OR_MARKET_PAGE;2026-08-06;BRES.PA;DERIVED_FORMAT_REQUIRES_LIVE_TEST;IDENTITY_FINAL_VALIDATED;2026-08-06;BRES.PA;BRES;XPAR;131.33099861145018;134.63319976806642;133.58488021850587;123.63021030426026;75.27649047530088;1.4297304603263683;-0.14390088670394763;1.5736313470303158;3.2528555733816966;131.33099861145018;139.5673648396972;123.09463238320316;1.1237065637065637;25.177274397161586;31.688899608647926;-18.35054144039291;10.108647698492955;0.19557335864750502;10.948929937127616;False;139.86000061035156;5457.0;46.596
LU1834983634;Amundi STOXX Eurp 600 Bsc Mtrls ETF Acc;ETF;PEA_LISTED_LMF;HIGH_LISTED_LESMEILLEURSFONDS;Amundi;Luxembourg;Europe;Act. Secteur Matériaux & Industrie;Act. Secteur Matériaux & Industrie;Other_or_Mixed;Blend_or_Broad;ACC;UNKNOWN_CHECK_KIID;;ACC_NO_DISTRIBUTION_EXPECTED;;38.69538495678113;;;;;;CATEGORY_ONLY_FROM_LMF_PERF_MISSING;;lesmeilleursfonds_screenshots_oct2025;2026-07-31;"Listed on lesmeilleursfonds PEA ETF universe (data Oct 2025; confirm eligibility with broker)";Enriched replication 100% from justetf.com/amundietf.fr + perfs Boursorama/JustETF/BorsaItaliana/Investing.com (free) + obligations identified (no perf);2026-07-31;;LU1834983634.PA;XPAR_CANDIDATE;EUR;CANDIDATE_NOT_VERIFIED;;;;;;;;ISIN.PA is only a technical Yahoo candidate and must not be used until verified.;2026-08-06;LU1834983634;VALID;UNCHANGED_VALID;ISO 6166 checksum;2026-08-06;;;;;;;;;VALID;;;CHM;Euronext Paris;XPAR;EUR;FINAL_VALIDATED;100;https://www.boursorama.com/bourse/trackers/cours/1rTCHM/;OFFICIAL_OR_MARKET_PAGE;2026-08-06;CHM.PA;DERIVED_FORMAT_REQUIRES_LIVE_TEST;IDENTITY_FINAL_VALIDATED;2026-08-06;CHM.PA;CHM;XPAR;199.71650161743165;201.02588073730467;197.98725036621093;185.9060501098633;76.32526240697392;1.9058995191178667;0.4519528677650539;1.4539466513528128;2.837857927594866;199.71650161743165;207.97809081864997;191.45491241621332;0.5182341650671785;17.4117082237859;20.27300775834079;-13.583680971279644;7.5138862512379445;4.130349788201992;11.824330611409351;False;209.0500030517578;27.0;15.887
LU1834988781;Amundi STOXX Eurp 600 Cnsmr Disc ETF Acc;ETF;PEA_LISTED_LMF;HIGH_LISTED_LESMEILLEURSFONDS;Amundi;Luxembourg;Europe;Act. Secteur Biens Conso. & Services;Act. Secteur Biens Conso. & Services;Other_or_Mixed;Blend_or_Broad;ACC;UNKNOWN_CHECK_KIID;;ACC_NO_DISTRIBUTION_EXPECTED;;;;;;;;CATEGORY_ONLY_FROM_LMF_PERF_MISSING;;lesmeilleursfonds_screenshots_oct2025;2026-07-31;"Listed on lesmeilleursfonds PEA ETF universe (data Oct 2025; confirm eligibility with broker)";Enriched replication 100% from justetf.com/amundietf.fr + perfs Boursorama/JustETF/BorsaItaliana/Investing.com (free) + obligations identified (no perf);2026-07-31;;LU1834988781.PA;XPAR_CANDIDATE;EUR;CANDIDATE_NOT_VERIFIED;;;;;;;;ISIN.PA is only a technical Yahoo candidate and must not be used until verified.;2026-08-06;LU1834988781;VALID;UNCHANGED_VALID;ISO 6166 checksum;2026-08-06;;;;;;;;;VALID;;;TRV;Euronext Paris;XPAR;EUR;FINAL_VALIDATED;100;https://www.boursorama.com/bourse/trackers/cours/1rTTRV/;OFFICIAL_OR_MARKET_PAGE;2026-08-06;TRV.PA;DERIVED_FORMAT_REQUIRES_LIVE_TEST;IDENTITY_FINAL_VALIDATED;2026-08-06;TRV.PA;TRV;XPAR;;;;;;;;;;;;;;;;;;;;;;;
LU1834985845;Amundi STOXX Eurp 600 Cnsmr Stp ETF Acc;ETF;PEA_LISTED_LMF;HIGH_LISTED_LESMEILLEURSFONDS;Amundi;Luxembourg;Europe;Act. Secteur Biens Conso. & Services;Act. Secteur Biens Conso. & Services;Other_or_Mixed;Blend_or_Broad;ACC;UNKNOWN_CHECK_KIID;;ACC_NO_DISTRIBUTION_EXPECTED;;9.057781292686705;;;;;;CATEGORY_ONLY_FROM_LMF_PERF_MISSING;;lesmeilleursfonds_screenshots_oct2025;2026-07-31;"Listed on lesmeilleursfonds PEA ETF universe (data Oct 2025; confirm eligibility with broker)";Enriched replication 100% from justetf.com/amundietf.fr + perfs Boursorama/JustETF/BorsaItaliana/Investing.com (free) + obligations identified (no perf);2026-07-31;;LU1834985845.PA;XPAR_CANDIDATE;EUR;CANDIDATE_NOT_VERIFIED;;;;;;;;ISIN.PA is only a technical Yahoo candidate and must not be used until verified.;2026-08-06;LU1834985845;VALID;UNCHANGED_VALID;ISO 6166 checksum;2026-08-06;;;;;;;;;VALID;;;FOO;Euronext Paris;XPAR;EUR;FINAL_VALIDATED;100;https://www.boursorama.com/bourse/trackers/cours/1rTFOO/;OFFICIAL_OR_MARKET_PAGE;2026-08-06;FOO.PA;DERIVED_FORMAT_REQUIRES_LIVE_TEST;IDENTITY_FINAL_VALIDATED;2026-08-06;FOO.PA;FOO;XPAR;97.16350021362305;95.04003967285156;93.0182797241211;92.86027488708496;44.34724302277881;0.4950684391225195;0.7025784113520723;-0.2075099722295528;1.4871444702148438;97.16350021362305;99.79960096583791;94.5273994614082;0.4615858036721715;22.124795581056095;19.194258767858628;-11.901000410686846;0.9369160407587174;7.339751045082599;0.40385149723609626;False;96.95999908447266;225.0;-13.75
LU1812092168;Amundi Stoxx Europe Select Div 30 ETF D;ETF;PEA_LISTED_LMF;HIGH_LISTED_LESMEILLEURSFONDS;Amundi;Luxembourg;Europe;Actions Europe Rendement;Actions Europe Rendement;Europe;Dividend;DIST;UNKNOWN_CHECK_KIID;5.76;OK;;;;;;;;CATEGORY_ONLY_FROM_LMF_PERF_MISSING;;lesmeilleursfonds_screenshots_oct2025;2026-07-31;"Listed on lesmeilleursfonds PEA ETF universe (data Oct 2025; confirm eligibility with broker)";Enriched replication 100% from justetf.com/amundietf.fr + perfs Boursorama/JustETF/BorsaItaliana/Investing.com (free) + obligations identified (no perf);2026-07-31;;LU1812092168.PA;XPAR_CANDIDATE;EUR;CANDIDATE_NOT_VERIFIED;;;;;;;;ISIN.PA is only a technical Yahoo candidate and must not be used until verified.;2026-08-06;LU1812092168;VALID;UNCHANGED_VALID;ISO 6166 checksum;2026-08-06;;;;;;;;;VALID;;;SEL;Euronext Paris;XPAR;EUR;FINAL_VALIDATED;100;https://www.boursorama.com/bourse/trackers/cours/1rTSEL/;OFFICIAL_OR_MARKET_PAGE;2026-08-06;SEL.PA;DERIVED_FORMAT_REQUIRES_LIVE_TEST;IDENTITY_FINAL_VALIDATED;2026-08-06;SEL.PA;SEL;XPAR;;;;;;;;;;;;;;;;;;;;;;;
FR0010150458;BNP Paribas Easy CAC 40 ESG ETF;ETF;PEA_LISTED_LMF;HIGH_LISTED_LESMEILLEURSFONDS;BNP_Paribas;France;Europe;Actions France Grandes Cap.;Actions France Grandes Cap.;France;ESG_Climate;UNKNOWN;UNKNOWN_CHECK_KIID;2.78;OK;;13.413498822643088;31.410139639090072;45.74260884625869;;;;CATEGORY_ONLY_FROM_LMF_PERF_MISSING;;lesmeilleursfonds_screenshots_oct2025;2026-07-31;"Listed on lesmeilleursfonds PEA ETF universe (data Oct 2025; confirm eligibility with broker)";Enriched replication 100% from justetf.com/amundietf.fr + perfs Boursorama/JustETF/BorsaItaliana/Investing.com (free) + obligations identified (no perf);2026-07-31;;FR0010150458.PA;XPAR_CANDIDATE;EUR;CANDIDATE_NOT_VERIFIED;;;;;;;;ISIN.PA is only a technical Yahoo candidate and must not be used until verified.;2026-08-06;FR0010150458;VALID;UNCHANGED_VALID;ISO 6166 checksum;2026-08-06;;;;;;;;;VALID;;;E40;Euronext Paris;XPAR;EUR;FINAL_VALIDATED;100;https://www.boursorama.com/bourse/trackers/cours/1rTE40/;OFFICIAL_OR_MARKET_PAGE;2026-08-06;E40.PA;DERIVED_FORMAT_REQUIRES_LIVE_TEST;IDENTITY_FINAL_VALIDATED;2026-08-06;E40.PA;E40;XPAR;13.66549997329712;13.553320007324219;13.126119976043702;13.130914793014526;72.8658769277961;0.13003572780645634;0.07619950739712364;0.0538362204093327;0.16099997929164342;13.66549997329712;14.07972647150002;13.25127347509422;0.5814730803732124;11.562713756252007;14.581750640862726;-12.49270860894246;4.2669429266805725;11.599237060555145;6.419524282371225;False;14.12399959564209;10177.0;-9.395
LU1615090864;BNP Paribas Easy Dividend Eurp ETF Cap;ETF;PEA_LISTED_LMF;HIGH_LISTED_LESMEILLEURSFONDS;BNP_Paribas;Luxembourg;Europe;Actions Europe Rendement;Actions Europe Rendement;Europe;Dividend;ACC;UNKNOWN_CHECK_KIID;0.0;OK;;28.215750580585098;84.72477624175745;76.74684808624217;;;;CATEGORY_ONLY_FROM_LMF_PERF_MISSING;;lesmeilleursfonds_screenshots_oct2025;2026-07-31;"Listed on lesmeilleursfonds PEA ETF universe (data Oct 2025; confirm eligibility with broker)";Enriched replication 100% from justetf.com/amundietf.fr + perfs Boursorama/JustETF/BorsaItaliana/Investing.com (free) + obligations identified (no perf);2026-07-31;;LU1615090864.PA;XPAR_CANDIDATE;EUR;CANDIDATE_NOT_VERIFIED;;;;;;;;ISIN.PA is only a technical Yahoo candidate and must not be used until verified.;2026-08-06;LU1615090864;VALID;UNCHANGED_VALID;ISO 6166 checksum;2026-08-06;;;;;;;;;VALID;;;EDEU;Euronext Paris;XPAR;EUR;FINAL_VALIDATED;100;https://www.boursorama.com/bourse/trackers/cours/1rTEDEU/;OFFICIAL_OR_MARKET_PAGE;2026-08-06;EDEU.PA;DERIVED_FORMAT_REQUIRES_LIVE_TEST;IDENTITY_FINAL_VALIDATED;2026-08-06;EDEU.PA;EDEU;XPAR;197.22949981689453;193.11259887695311;186.94269958496093;178.5782846069336;69.49394760024796;2.1969342585483105;1.950967366814711;0.24596689173359954;1.6171439034598214;197.22949981689453;201.6878179839996;192.77118164978947;0.3317535545023697;9.195468971719862;10.445678635491738;-6.945364860064485;4.412990005825312;9.608061757478614;13.500571043427678;True;201.35000610351562;42.0;5.408
LU3025345516;BNP Paribas Easy EUR Overnight ETF Acc;ETF;PEA_LISTED_LMF;HIGH_LISTED_LESMEILLEURSFONDS;BNP_Paribas;Luxembourg;Europe;Swap ESTR PEA;Swap ESTR PEA;Money_Market;Cash_MoneyMarket;ACC;UNKNOWN_CHECK_KIID;;ACC_NO_DISTRIBUTION_EXPECTED;;;;;;;;CATEGORY_ONLY_FROM_LMF_PERF_MISSING;;lesmeilleursfonds_screenshots_oct2025;2026-07-31;"Listed on lesmeilleursfonds PEA ETF universe (data Oct 2025; confirm eligibility with broker)";Enriched replication 100% from justetf.com/amundietf.fr + perfs Boursorama/JustETF/BorsaItaliana/Investing.com (free) + obligations identified (no perf);2026-07-31;;LU3025345516.PA;XPAR_CANDIDATE;EUR;CANDIDATE_NOT_VERIFIED;;;;;;;;ISIN.PA is only a technical Yahoo candidate and must not be used until verified.;2026-08-06;LU3025345516;VALID;UNCHANGED_VALID;ISO 6166 checksum;2026-08-06;;;;;;;;;VALID;;;CASHE;Euronext Paris;XPAR;EUR;FINAL_VALIDATED;100;https://www.boursorama.com/bourse/trackers/cours/1rTCASHE/;OFFICIAL_OR_MARKET_PAGE;2026-08-06;CASHE.PA;DERIVED_FORMAT_REQUIRES_LIVE_TEST;IDENTITY_FINAL_VALIDATED;2026-08-06;CASHE.PA;CASHE;XPAR;10.270600032806396;10.253602027893066;10.230224981307984;10.182430973052979;62.983192539384255;0.006412678694877272;0.006753247272619999;-0.0003405685777427272;0.0063571929931640625;10.270600032806396;10.285069803943024;10.256130261669767;0.6537770154373928;1.6099057107865717;0.9338406509734585;-0.3412126686959449;0.16568302536739132;0.433895843375498;1.2043485773961082;False;10.277099609375;23822.0;
LU1377382103;BNP Paribas Easy Quality Europe ETF Cap;ETF;PEA_LISTED_LMF;HIGH_LISTED_LESMEILLEURSFONDS;BNP_Paribas;Luxembourg;Europe;Actions Europe Gdes Cap. Mixte;Actions Europe Gdes Cap. Mixte;Europe;Blend_or_Broad;ACC;UNKNOWN_CHECK_KIID;0.0;OK;;20.75417598452791;41.150734444712555;30.42531429384696;;;;CATEGORY_ONLY_FROM_LMF_PERF_MISSING;;lesmeilleursfonds_screenshots_oct2025;2026-07-31;"Listed on lesmeilleursfonds PEA ETF universe (data Oct 2025; confirm eligibility with broker)";Enriched replication 100% from justetf.com/amundietf.fr + perfs Boursorama/JustETF/BorsaItaliana/Investing.com (free) + obligations identified (no perf);2026-07-31;;LU1377382103.PA;XPAR_CANDIDATE;EUR;CANDIDATE_NOT_VERIFIED;;;;;;;;ISIN.PA is only a technical Yahoo candidate and must not be used until verified.;2026-08-06;LU1377382103;VALID;UNCHANGED_VALID;ISO 6166 checksum;2026-08-06;;;;;;;;;VALID;;;EQUA;Euronext Paris;XPAR;EUR;FINAL_VALIDATED;100;https://www.boursorama.com/bourse/trackers/cours/1rTEQUA/;OFFICIAL_OR_MARKET_PAGE;2026-08-06;EQUA.PA;DERIVED_FORMAT_REQUIRES_LIVE_TEST;IDENTITY_FINAL_VALIDATED;2026-08-06;EQUA.PA;EQUA;XPAR;205.54249877929686;204.6941995239258;199.82039978027345;194.81798049926758;76.63550735488103;1.0012875638564935;0.5443872516023323;0.4569003122541613;1.2821437290736608;205.54249877929686;208.9970575042967;202.08794005429704;0.012476606363069244;7.593718717995592;11.20573659590655;-9.290478757049602;2.1178219244290197;7.475915179398673;6.623626829220242;False;209.75;2.0;-2.054
LU1481201611;BNP Paribas Easy Quality Europe ETF Dis;ETF;PEA_LISTED_LMF;HIGH_LISTED_LESMEILLEURSFONDS;BNP_Paribas;Luxembourg;Europe;Actions Europe Gdes Cap. Mixte;Actions Europe Gdes Cap. Mixte;Europe;Blend_or_Broad;DIST;UNKNOWN_CHECK_KIID;;DIST_YIELD_NOT_FETCHED;;;;;;;;CATEGORY_ONLY_FROM_LMF_PERF_MISSING;;lesmeilleursfonds_screenshots_oct2025;2026-07-31;"Listed on lesmeilleursfonds PEA ETF universe (data Oct 2025; confirm eligibility with broker)";Enriched replication 100% from justetf.com/amundietf.fr + perfs Boursorama/JustETF/BorsaItaliana/Investing.com (free) + obligations identified (no perf);2026-07-31;;LU1481201611.PA;XPAR_CANDIDATE;EUR;CANDIDATE_NOT_VERIFIED;;;;;;;;ISIN.PA is only a technical Yahoo candidate and must not be used until verified.;2026-08-06;LU1481201611;VALID;UNCHANGED_VALID;ISO 6166 checksum;2026-08-06;;;;;;;;;VALID;;;QUED;Euronext Paris;XPAR;EUR;FINAL_VALIDATED;100;https://www.boursorama.com/bourse/trackers/cours/1rTQUED/;OFFICIAL_OR_MARKET_PAGE;2026-08-06;QUED.PA;DERIVED_FORMAT_REQUIRES_LIVE_TEST;IDENTITY_FINAL_VALIDATED;2026-08-06;QUED.PA;QUED;XPAR;;;;;;;;;;;;;;;;;;;;;;;
LU1377382285;BNP Paribas Easy Value Europe ETF Cap;ETF;PEA_LISTED_LMF;HIGH_LISTED_LESMEILLEURSFONDS;BNP_Paribas;Luxembourg;Europe;Actions Europe Gdes Cap. Value;Actions Europe Gdes Cap. Value;Europe;Value;ACC;UNKNOWN_CHECK_KIID;0.0;OK;;25.88989085294604;72.82945028341479;50.411110146110374;;;;CATEGORY_ONLY_FROM_LMF_PERF_MISSING;;lesmeilleursfonds_screenshots_oct2025;2026-07-31;"Listed on lesmeilleursfonds PEA ETF universe (data Oct 2025; confirm eligibility with broker)";Enriched replication 100% from justetf.com/amundietf.fr + perfs Boursorama/JustETF/BorsaItaliana/Investing.com (free) + obligations identified (no perf);2026-07-31;;LU1377382285.PA;XPAR_CANDIDATE;EUR;CANDIDATE_NOT_VERIFIED;;;;;;;;ISIN.PA is only a technical Yahoo candidate and must not be used until verified.;2026-08-06;LU1377382285;VALID;UNCHANGED_VALID;ISO 6166 checksum;2026-08-06;;;;;;;;;VALID;;;EVAE;Euronext Paris;XPAR;EUR;FINAL_VALIDATED;100;https://www.boursorama.com/bourse/trackers/cours/1rTEVAE/;OFFICIAL_OR_MARKET_PAGE;2026-08-06;EVAE.PA;DERIVED_FORMAT_REQUIRES_LIVE_TEST;IDENTITY_FINAL_VALIDATED;2026-08-06;EVAE.PA;EVAE;XPAR;207.65999908447264;202.88959899902343;196.8739990234375;188.24262504577638;69.4444002928838;2.4940974610733235;2.213187131332269;0.28091032974105445;1.4000004359654017;207.65999908447264;212.50122555068907;202.81877261825622;1.5211267605633803;8.141176019199147;11.202454839416024;-7.7003048982804305;4.73839612809368;10.142215776348884;12.77635672738555;True;212.1999969482422;135.0;3.082
LU1481201702;BNP Paribas Easy Value Europe ETF Dis;ETF;PEA_LISTED_LMF;HIGH_LISTED_LESMEILLEURSFONDS;BNP_Paribas;Luxembourg;Europe;Actions Europe Gdes Cap. Value;Actions Europe Gdes Cap. Value;Europe;Value;DIST;UNKNOWN_CHECK_KIID;;DIST_YIELD_NOT_FETCHED;;29.426166658236163;71.79281177176793;50.66157554111279;;;;CATEGORY_ONLY_FROM_LMF_PERF_MISSING;;lesmeilleursfonds_screenshots_oct2025;2026-07-31;"Listed on lesmeilleursfonds PEA ETF universe (data Oct 2025; confirm eligibility with broker)";Enriched replication 100% from justetf.com/amundietf.fr + perfs Boursorama/JustETF/BorsaItaliana/Investing.com (free) + obligations identified (no perf);2026-07-31;;LU1481201702.PA;XPAR_CANDIDATE;EUR;CANDIDATE_NOT_VERIFIED;;;;;;;;ISIN.PA is only a technical Yahoo candidate and must not be used until verified.;2026-08-06;LU1481201702;VALID;UNCHANGED_VALID;ISO 6166 checksum;2026-08-06;;;;;;;;;VALID;;;VALD;Euronext Paris;XPAR;EUR;FINAL_VALIDATED;100;https://www.boursorama.com/bourse/trackers/cours/1rTVALD/;OFFICIAL_OR_MARKET_PAGE;2026-08-06;VALD.PA;DERIVED_FORMAT_REQUIRES_LIVE_TEST;IDENTITY_FINAL_VALIDATED;2026-08-06;VALD.PA;VALD;XPAR;134.90800094604492;131.70719924926757;127.76693557739257;122.1155912399292;72.59619264204233;1.6454864056690326;1.4785670082678704;0.16691939740116224;0.6571437290736607;134.90800094604492;138.05512723351285;131.760874658577;0.6289308176100629;7.585690744412317;11.11215116698903;-6.878223247239957;4.726444477373737;10.256005859375005;12.92118427712472;False;137.82000732421875;50.0;6.618
LU1291098827;BNPP E MSCI EMU MINTE ETF EUR;ETF;PEA_LISTED_LMF;HIGH_LISTED_LESMEILLEURSFONDS;BNP_Paribas;Luxembourg;Europe;Actions Zone Euro Grandes Cap.;Actions Zone Euro Grandes Cap.;Eurozone;Blend_or_Broad;UNKNOWN;UNKNOWN_CHECK_KIID;0.0;OK;;23.95648912850539;65.76256793898463;62.64269896604606;;;;CATEGORY_ONLY_FROM_LMF_PERF_MISSING;;lesmeilleursfonds_screenshots_oct2025;2026-07-31;"Listed on lesmeilleursfonds PEA ETF universe (data Oct 2025; confirm eligibility with broker)";Enriched replication 100% from justetf.com/amundietf.fr + perfs Boursorama/JustETF/BorsaItaliana/Investing.com (free) + obligations identified (no perf);2026-07-31;;LU1291098827.PA;XPAR_CANDIDATE;EUR;CANDIDATE_NOT_VERIFIED;;;;;;;;ISIN.PA is only a technical Yahoo candidate and must not be used until verified.;2026-08-06;LU1291098827;VALID;UNCHANGED_VALID;ISO 6166 checksum;2026-08-06;;;;;;;;;VALID;;;EEMU;Euronext Paris;XPAR;EUR;FINAL_VALIDATED;100;https://www.boursorama.com/bourse/trackers/cours/1rTEEMU/;OFFICIAL_OR_MARKET_PAGE;2026-08-06;EEMU.PA;DERIVED_FORMAT_REQUIRES_LIVE_TEST;IDENTITY_FINAL_VALIDATED;2026-08-06;EEMU.PA;EEMU;XPAR;20.55424976348877;20.40985980987549;19.646689949035643;19.057828454971315;70.38969531830568;0.14930804146110788;0.09100993905129358;0.0582981024098143;0.21214280809674943;20.55424976348877;21.0360143407628;20.072485186214738;0.9872150080417762;11.937309955464048;13.930808036037092;-10.277607011442925;2.8285781392071607;11.149182117414448;9.543848557622049;False;21.084999084472656;48245.0;1.148
LU1953137681;BNPP E MSCI EMU SRI PAB ETF Cap;ETF;PEA_LISTED_LMF;HIGH_LISTED_LESMEILLEURSFONDS;BNP_Paribas;Luxembourg;Europe;Actions Zone Euro Grandes Cap.;Actions Zone Euro Grandes Cap.;Eurozone;ESG_Climate;ACC;UNKNOWN_CHECK_KIID;0.0;OK;;21.346843050452936;56.36724576722072;44.02777342013198;;;;CATEGORY_ONLY_FROM_LMF_PERF_MISSING;;lesmeilleursfonds_screenshots_oct2025;2026-07-31;"Listed on lesmeilleursfonds PEA ETF universe (data Oct 2025; confirm eligibility with broker)";Enriched replication 100% from justetf.com/amundietf.fr + perfs Boursorama/JustETF/BorsaItaliana/Investing.com (free) + obligations identified (no perf);2026-07-31;;LU1953137681.PA;XPAR_CANDIDATE;EUR;CANDIDATE_NOT_VERIFIED;;;;;;;;ISIN.PA is only a technical Yahoo candidate and must not be used until verified.;2026-08-06;LU1953137681;VALID;UNCHANGED_VALID;ISO 6166 checksum;2026-08-06;;;;;;;;;VALID;;;MUSRI;Euronext Paris;XPAR;EUR;FINAL_VALIDATED;100;https://www.boursorama.com/bourse/trackers/cours/1rTMUSRI/;OFFICIAL_OR_MARKET_PAGE;2026-08-06;MUSRI.PA;DERIVED_FORMAT_REQUIRES_LIVE_TEST;IDENTITY_FINAL_VALIDATED;2026-08-06;MUSRI.PA;MUSRI;XPAR;19.018449974060058;18.78226806640625;17.994569110870362;17.458700513839723;67.68385936557168;0.138039612247443;0.11256934715027023;0.025470265097172762;0.17633533477783203;19.018449974060058;19.331341535668862;18.705558412451254;0.05630937682859953;9.689148237065627;12.14569345445271;-10.944013604611557;2.8433475961732624;13.074971015459202;11.321933023452546;True;19.437700271606445;919.0;-1.461
LU2823896811;BNPP E Sust EUR Corp Bd Dec 2029 ETF Cap;ETF;PEA_LISTED_LMF;HIGH_LISTED_LESMEILLEURSFONDS;BNP_Paribas;Luxembourg;Europe;Obligations à échéance;Obligations à échéance;Fixed_Income;Bond;ACC;UNKNOWN_CHECK_KIID;;ACC_NO_DISTRIBUTION_EXPECTED;;0.9374896770033114;;;;;;CATEGORY_ONLY_FROM_LMF_PERF_MISSING;;lesmeilleursfonds_screenshots_oct2025;2026-07-31;"Listed on lesmeilleursfonds PEA ETF universe (data Oct 2025; confirm eligibility with broker)";Enriched replication 100% from justetf.com/amundietf.fr + perfs Boursorama/JustETF/BorsaItaliana/Investing.com (free) + obligations identified (no perf);2026-07-31;;LU2823896811.PA;XPAR_CANDIDATE;EUR;CANDIDATE_NOT_VERIFIED;;;;;;;;ISIN.PA is only a technical Yahoo candidate and must not be used until verified.;2026-08-06;LU2823896811;VALID;UNCHANGED_VALID;ISO 6166 checksum;2026-08-06;;;;;;;;;VALID;;;ACE29;Euronext Paris;XPAR;EUR;FINAL_VALIDATED;100;https://www.boursorama.com/bourse/trackers/cours/1rTACE29/;OFFICIAL_OR_MARKET_PAGE;2026-08-06;ACE29.PA;DERIVED_FORMAT_REQUIRES_LIVE_TEST;IDENTITY_FINAL_VALIDATED;2026-08-06;ACE29.PA;ACE29;XPAR;10.770889806747437;10.751435985565186;10.708857021331788;10.714220504760743;0.0;-0.010340715800564837;-0.0007287347343386164;-0.009611981066226221;0.004078592572893415;10.770889806747437;10.841945306084172;10.699834307410702;0.0;2.3869819421609786;2.323191901527919;-2.1668491603919815;-0.6724559814591635;0.30492137189015445;-0.36977417318693195;False;10.723699569702148;0.0;-21.871
LU2446381555;BNPP ESG Euroz Biodiversity Ldrs PAB SETF;ETF;PEA_LISTED_LMF;HIGH_LISTED_LESMEILLEURSFONDS;BNP_Paribas;Luxembourg;Europe;Actions Zone Euro Grandes Cap.;Actions Zone Euro Grandes Cap.;Eurozone;ESG_Climate;UNKNOWN;UNKNOWN_CHECK_KIID;;MISSING;;7.976469857550361;35.9751952658055;;;;;CATEGORY_ONLY_FROM_LMF_PERF_MISSING;;lesmeilleursfonds_screenshots_oct2025;2026-07-31;"Listed on lesmeilleursfonds PEA ETF universe (data Oct 2025; confirm eligibility with broker)";Enriched replication 100% from justetf.com/amundietf.fr + perfs Boursorama/JustETF/BorsaItaliana/Investing.com (free) + obligations identified (no perf);2026-07-31;;LU2446381555.PA;XPAR_CANDIDATE;EUR;CANDIDATE_NOT_VERIFIED;;;;;;;;ISIN.PA is only a technical Yahoo candidate and must not be used until verified.;2026-08-06;LU2446381555;VALID;UNCHANGED_VALID;ISO 6166 checksum;2026-08-06;;;;;;;;;VALID;;;BIODV;Euronext Paris;XPAR;EUR;FINAL_VALIDATED;100;https://www.boursorama.com/bourse/trackers/cours/1rTBIODV/;OFFICIAL_OR_MARKET_PAGE;2026-08-06;BIODV.PA;DERIVED_FORMAT_REQUIRES_LIVE_TEST;IDENTITY_FINAL_VALIDATED;2026-08-06;BIODV.PA;BIODV;XPAR;15.784000396728516;15.793680381774902;15.949500198364257;15.805757598876953;nan;-0.0012003038379617692;-0.0017040143536973295;0.0005037105157355603;0.0;15.784000396728516;15.784000396728516;15.784000396728516;;5.143622381559605e-07;13.115972670347862;-12.82408683547992;0.0;3.3796224753833037;-0.9413808107608279;False;15.784000396728516;0.0;-14.832
LU3047998896;BNPP Easy Blmbrg Eurp Def ETF;ETF;PEA_LISTED_LMF;HIGH_LISTED_LESMEILLEURSFONDS;BNP_Paribas;Luxembourg;Europe;Act. Secteur Matériaux & Industrie;Act. Secteur Matériaux & Industrie;Other_or_Mixed;Blend_or_Broad;UNKNOWN;UNKNOWN_CHECK_KIID;0.0;OK;;;;;;;;CATEGORY_ONLY_FROM_LMF_PERF_MISSING;;lesmeilleursfonds_screenshots_oct2025;2026-07-31;"Listed on lesmeilleursfonds PEA ETF universe (data Oct 2025; confirm eligibility with broker)";Enriched replication 100% from justetf.com/amundietf.fr + perfs Boursorama/JustETF/BorsaItaliana/Investing.com (free) + obligations identified (no perf);2026-07-31;;LU3047998896.PA;XPAR_CANDIDATE;EUR;CANDIDATE_NOT_VERIFIED;;;;;;;;ISIN.PA is only a technical Yahoo candidate and must not be used until verified.;2026-08-06;LU3047998896;VALID;UNCHANGED_VALID;ISO 6166 checksum;2026-08-06;;;;;;;;;VALID;;;GUARD;Euronext Paris;XPAR;EUR;FINAL_VALIDATED;100;https://www.boursorama.com/bourse/trackers/cours/1rTGUARD/;OFFICIAL_OR_MARKET_PAGE;2026-08-06;GUARD.PA;DERIVED_FORMAT_REQUIRES_LIVE_TEST;IDENTITY_FINAL_VALIDATED;2026-08-06;GUARD.PA;GUARD;XPAR;;;;;;;;;;;;;;;;;;;;;;;
FR0012739431;BNPP Easy Euro Stoxx 50 ETF EUR C;ETF;PEA_LISTED_LMF;HIGH_LISTED_LESMEILLEURSFONDS;BNP_Paribas;France;Europe;Actions Zone Euro Grandes Cap.;Actions Zone Euro Grandes Cap.;Eurozone;Blend_or_Broad;ACC;UNKNOWN_CHECK_KIID;0.0;OK;;25.0;66.8613627916691;76.94912114357746;;;;CATEGORY_ONLY_FROM_LMF_PERF_MISSING;;lesmeilleursfonds_screenshots_oct2025;2026-07-31;"Listed on lesmeilleursfonds PEA ETF universe (data Oct 2025; confirm eligibility with broker)";Enriched replication 100% from justetf.com/amundietf.fr + perfs Boursorama/JustETF/BorsaItaliana/Investing.com (free) + obligations identified (no perf);2026-07-31;;FR0012739431.PA;XPAR_CANDIDATE;EUR;CANDIDATE_NOT_VERIFIED;;;;;;;;ISIN.PA is only a technical Yahoo candidate and must not be used until verified.;2026-08-06;FR0012739431;VALID;UNCHANGED_VALID;ISO 6166 checksum;2026-08-06;;;;;;;;;VALID;;;ETDD;Euronext Paris;XPAR;EUR;FINAL_VALIDATED;100;https://www.boursorama.com/bourse/trackers/cours/1rTETDD/;OFFICIAL_OR_MARKET_PAGE;2026-08-06;ETDD.PA;DERIVED_FORMAT_REQUIRES_LIVE_TEST;IDENTITY_FINAL_VALIDATED;2026-08-06;ETDD.PA;ETDD;XPAR;20.79375;20.561919975280762;19.774540004730223;19.280165557861327;71.26168474191961;0.20861005645259567;0.1397475582057929;0.06886249824680277;0.23785713740757533;20.79375;21.39907604324132;20.18842395675868;0.5986326516921088;12.923020472772158;15.09802091821196;-11.000709009881627;3.727903775442054;12.822535520225586;9.523560659672349;False;21.424999237060547;24539.0;2.192
FR0012740983;BNPP Easy Euro Stoxx 50 ETF EUR C/D;ETF;PEA_LISTED_LMF;HIGH_LISTED_LESMEILLEURSFONDS;BNP_Paribas;France;Europe;Actions Zone Euro Grandes Cap.;Actions Zone Euro Grandes Cap.;Eurozone;Blend_or_Broad;ACC_OR_DIST;UNKNOWN_CHECK_KIID;2.56;OK;;24.991255686394197;67.38929209482347;77.39289563572305;;;;CATEGORY_ONLY_FROM_LMF_PERF_MISSING;;lesmeilleursfonds_screenshots_oct2025;2026-07-31;"Listed on lesmeilleursfonds PEA ETF universe (data Oct 2025; confirm eligibility with broker)";Enriched replication 100% from justetf.com/amundietf.fr + perfs Boursorama/JustETF/BorsaItaliana/Investing.com (free) + obligations identified (no perf);2026-07-31;;FR0012740983.PA;XPAR_CANDIDATE;EUR;CANDIDATE_NOT_VERIFIED;;;;;;;;ISIN.PA is only a technical Yahoo candidate and must not be used until verified.;2026-08-06;FR0012740983;VALID;UNCHANGED_VALID;ISO 6166 checksum;2026-08-06;;;;;;;;;VALID;;;ETBB;Euronext Paris;XPAR;EUR;FINAL_VALIDATED;100;https://www.boursorama.com/bourse/trackers/cours/1rTETBB/;OFFICIAL_OR_MARKET_PAGE;2026-08-06;ETBB.PA;DERIVED_FORMAT_REQUIRES_LIVE_TEST;IDENTITY_FINAL_VALIDATED;2026-08-06;ETBB.PA;ETBB;XPAR;15.619700002670289;15.445160007476806;14.852724208831788;14.47897723197937;71.2560022021992;0.1577780876906978;0.10525154996047806;0.05252653773021973;0.15485715866088867;15.619700002670289;16.079485290286975;15.159914715053604;0.30772528738712185;13.275741413572062;14.48660986033955;-10.897265763358345;3.7624054612445557;12.74255680264551;9.707179512797136;False;16.106000900268555;5742.0;2.183
LU2244387887;BNPP Easy Growth Europe Track ETF EUR Cap;ETF;PEA_LISTED_LMF;HIGH_LISTED_LESMEILLEURSFONDS;BNP_Paribas;Luxembourg;Europe;Actions Europe Gdes Cap. Croissance;Actions Europe Gdes Cap. Croissance;Europe;Growth;ACC;UNKNOWN_CHECK_KIID;;ACC_NO_DISTRIBUTION_EXPECTED;;14.859211017768814;19.734240351660315;6.154394125419671;;;;CATEGORY_ONLY_FROM_LMF_PERF_MISSING;;lesmeilleursfonds_screenshots_oct2025;2026-07-31;"Listed on lesmeilleursfonds PEA ETF universe (data Oct 2025; confirm eligibility with broker)";Enriched replication 100% from justetf.com/amundietf.fr + perfs Boursorama/JustETF/BorsaItaliana/Investing.com (free) + obligations identified (no perf);2026-07-31;;LU2244387887.PA;XPAR_CANDIDATE;EUR;CANDIDATE_NOT_VERIFIED;;;;;;;;ISIN.PA is only a technical Yahoo candidate and must not be used until verified.;2026-08-06;LU2244387887;VALID;UNCHANGED_VALID;ISO 6166 checksum;2026-08-06;;;;;;;;;VALID;;;EGRO;Euronext Paris;XPAR;EUR;FINAL_VALIDATED;100;https://live.euronext.com/nb/product/etfs/LU2244387887-XPAR;OFFICIAL_OR_MARKET_PAGE;2026-08-06;EGRO.PA;CONFIRMED_BY_LISTING_SOURCE;IDENTITY_FINAL_VALIDATED;2026-08-06;EGRO.PA;EGRO;XPAR;11.786499786376954;11.619039878845214;11.300259943008422;11.110759978294373;nan;0.09564430981984096;0.0716803055590281;0.023964004260812855;0.04400008065359933;11.786499786376954;12.008372884888585;11.564626687865323;6.357615894039736;6.996879659871906;11.230914046818194;-9.284198491998275;3.90706090786348;7.40082512087834;9.18792533397359;False;12.074000358581543;48.0;-7.949
LU2194448267;BNPP Easy Lw Cb 100 Euroz PAB ETF EURAcc;ETF;PEA_LISTED_LMF;HIGH_LISTED_LESMEILLEURSFONDS;BNP_Paribas;Luxembourg;Europe;Actions Zone Euro Grandes Cap.;Actions Zone Euro Grandes Cap.;Eurozone;ESG_Climate;ACC;UNKNOWN_CHECK_KIID;;ACC_NO_DISTRIBUTION_EXPECTED;;;;;;;;CATEGORY_ONLY_FROM_LMF_PERF_MISSING;;lesmeilleursfonds_screenshots_oct2025;2026-07-31;"Listed on lesmeilleursfonds PEA ETF universe (data Oct 2025; confirm eligibility with broker)";Enriched replication 100% from justetf.com/amundietf.fr + perfs Boursorama/JustETF/BorsaItaliana/Investing.com (free) + obligations identified (no perf);2026-07-31;;LU2194448267.PA;XPAR_CANDIDATE;EUR;CANDIDATE_NOT_VERIFIED;;;;;;;;ISIN.PA is only a technical Yahoo candidate and must not be used until verified.;2026-08-06;LU2194448267;VALID;UNCHANGED_VALID;ISO 6166 checksum;2026-08-06;;;;;;;;;VALID;;;LCEZ;Euronext Paris;XPAR;EUR;FINAL_VALIDATED;100;https://www.boursorama.com/bourse/trackers/cours/1rTLCEZ/;OFFICIAL_OR_MARKET_PAGE;2026-08-06;LCEZ.PA;DERIVED_FORMAT_REQUIRES_LIVE_TEST;IDENTITY_FINAL_VALIDATED;2026-08-06;LCEZ.PA;LCEZ;XPAR;;;;;;;;;;;;;;;;;;;;;;;
FR0011550185;BNPP Easy S&P 500 ETF EUR C;ETF;PEA_LISTED_LMF;HIGH_LISTED_LESMEILLEURSFONDS;BNP_Paribas;France;Europe;Actions Etats-Unis Gdes Cap. Mixte;Actions Etats-Unis Gdes Cap. Mixte;USA;Blend_or_Broad;ACC;UNKNOWN_CHECK_KIID;0.0;OK;;22.499118864247734;70.93512159271637;84.02507101119276;;;;CATEGORY_ONLY_FROM_LMF_PERF_MISSING;2026-06-30;lesmeilleursfonds_screenshots_oct2025;2026-07-31;"Listed on lesmeilleursfonds PEA ETF universe (data Oct 2025; confirm eligibility with broker)";Enriched replication 100% from justetf.com/amundietf.fr + perfs Boursorama/JustETF/BorsaItaliana/Investing.com (free) + obligations identified (no perf);2026-07-31;;FR0011550185.PA;XPAR_CANDIDATE;EUR;CANDIDATE_NOT_VERIFIED;;;;;;;;ISIN.PA is only a technical Yahoo candidate and must not be used until verified.;2026-08-06;FR0011550185;VALID;UNCHANGED_VALID;ISO 6166 checksum;2026-08-06;;;;;;;;;VALID;;;ESE;Euronext Paris;XPAR;EUR;FINAL_VALIDATED;100;https://www.boursorama.com/bourse/trackers/cours/1rTESE/;OFFICIAL_OR_MARKET_PAGE;2026-08-06;ESE.PA;DERIVED_FORMAT_REQUIRES_LIVE_TEST;IDENTITY_FINAL_VALIDATED;2026-08-06;ESE.PA;ESE;XPAR;33.26925525665283;33.05280410766601;31.791122035980223;30.66270649909973;62.013288249705965;0.154178782444788;0.07699356157295964;0.07718522087182836;0.3577357700892857;33.26925525665283;34.05866233136805;32.47984818193762;0.540431371449447;13.000745383230832;11.53524063780502;-7.145495861349726;1.6674408765177118;6.9432818360076975;14.684279840692916;True;33.88840103149414;66496.0;-0.309
FR0013041530;BNPP Easy S&P 500 ETF EUR H;ETF;PEA_LISTED_LMF;HIGH_LISTED_LESMEILLEURSFONDS;BNP_Paribas;France;Europe;Actions Secteur Autres;Actions Secteur Autres;USA;Blend_or_Broad;UNKNOWN;UNKNOWN_CHECK_KIID;0.0;OK;;18.00707170875009;69.72911061852693;58.97517106002883;;;;CATEGORY_ONLY_FROM_LMF_PERF_MISSING;;lesmeilleursfonds_screenshots_oct2025;2026-07-31;"Listed on lesmeilleursfonds PEA ETF universe (data Oct 2025; confirm eligibility with broker)";Enriched replication 100% from justetf.com/amundietf.fr + perfs Boursorama/JustETF/BorsaItaliana/Investing.com (free) + obligations identified (no perf);2026-07-31;;FR0013041530.PA;XPAR_CANDIDATE;EUR;CANDIDATE_NOT_VERIFIED;;;;;;;;ISIN.PA is only a technical Yahoo candidate and must not be used until verified.;2026-08-06;FR0013041530;VALID;UNCHANGED_VALID;ISO 6166 checksum;2026-08-06;;;;;;;;;VALID;;;ESEH;Euronext Paris;XPAR;EUR;FINAL_VALIDATED;100;https://www.justetf.com/fr/etf-profile.html?isin=FR0013041530;OFFICIAL_OR_MARKET_PAGE;2026-08-06;ESEH.PA;CONFIRMED_BY_LISTING_SOURCE;IDENTITY_FINAL_VALIDATED;2026-08-06;ESEH.PA;ESEH;XPAR;24.01615991592407;23.954741973876953;23.26618501663208;22.673838014602662;64.75130764267377;0.13272162414617839;0.036613936925409804;0.09610768722076858;0.26043592180524555;24.01615991592407;24.70813096641041;23.324188865437733;1.0103854487493462;13.648674245763107;12.865764096396187;-8.606375406157184;2.326674632843062;4.667115324855198;9.713914269290868;True;24.624300003051758;30427.0;-4.801
FR0011550193;BNPP Easy Stoxx Europe 600 ETF EUR C;ETF;PEA_LISTED_LMF;HIGH_LISTED_LESMEILLEURSFONDS;BNP_Paribas;France;Europe;Actions Europe Gdes Cap. Mixte;Actions Europe Gdes Cap. Mixte;Europe;Blend_or_Broad;ACC;UNKNOWN_CHECK_KIID;0.0;OK;;23.18139582880776;58.32724544505557;58.32724544505557;;;;CATEGORY_ONLY_FROM_LMF_PERF_MISSING;2026-06-30;lesmeilleursfonds_screenshots_oct2025;2026-07-31;"Listed on lesmeilleursfonds PEA ETF universe (data Oct 2025; confirm eligibility with broker)";Enriched replication 100% from justetf.com/amundietf.fr + perfs Boursorama/JustETF/BorsaItaliana/Investing.com (free) + obligations identified (no perf);2026-07-31;;FR0011550193.PA;XPAR_CANDIDATE;EUR;CANDIDATE_NOT_VERIFIED;;;;;;;;ISIN.PA is only a technical Yahoo candidate and must not be used until verified.;2026-08-06;FR0011550193;VALID;UNCHANGED_VALID;ISO 6166 checksum;2026-08-06;;;;;;;;;VALID;;;ETZ;Euronext Paris;XPAR;EUR;FINAL_VALIDATED;100;https://www.boursorama.com/bourse/trackers/cours/1rTETZ/;OFFICIAL_OR_MARKET_PAGE;2026-08-06;ETZ.PA;DERIVED_FORMAT_REQUIRES_LIVE_TEST;IDENTITY_FINAL_VALIDATED;2026-08-06;ETZ.PA;ETZ;XPAR;21.266500091552736;21.007700157165527;20.4078200340271;19.823096046447755;69.38782924613987;0.16407357830422598;0.12965978920072296;0.03441378910350301;0.19714300973074778;21.266500091552736;21.661949013601884;20.871051169503588;0.8485617030679333;8.046446187310456;11.713238480515646;-9.410045263958544;2.8469677456723685;9.193948717978273;7.94322370226439;True;21.674999237060547;86790.0;0.373
FR0011550672;BNPP Easy Stoxx Europe 600 ETF EUR C/D;ETF;PEA_LISTED_LMF;HIGH_LISTED_LESMEILLEURSFONDS;BNP_Paribas;France;Europe;Actions Europe Gdes Cap. Mixte;Actions Europe Gdes Cap. Mixte;Europe;Blend_or_Broad;ACC_OR_DIST;UNKNOWN_CHECK_KIID;2.76;OK;;23.208384383753057;58.58384793491385;58.48312129466482;;;;CATEGORY_ONLY_FROM_LMF_PERF_MISSING;;lesmeilleursfonds_screenshots_oct2025;2026-07-31;"Listed on lesmeilleursfonds PEA ETF universe (data Oct 2025; confirm eligibility with broker)";Enriched replication 100% from justetf.com/amundietf.fr + perfs Boursorama/JustETF/BorsaItaliana/Investing.com (free) + obligations identified (no perf);2026-07-31;;FR0011550672.PA;XPAR_CANDIDATE;EUR;CANDIDATE_NOT_VERIFIED;;;;;;;;ISIN.PA is only a technical Yahoo candidate and must not be used until verified.;2026-08-06;FR0011550672;VALID;UNCHANGED_VALID;ISO 6166 checksum;2026-08-06;;;;;;;;;VALID;;;ETZD;Euronext Paris;XPAR;EUR;FINAL_VALIDATED;100;https://www.boursorama.com/bourse/trackers/cours/1rTETZD/;OFFICIAL_OR_MARKET_PAGE;2026-08-06;ETZD.PA;DERIVED_FORMAT_REQUIRES_LIVE_TEST;IDENTITY_FINAL_VALIDATED;2026-08-06;ETZD.PA;ETZD;XPAR;18.592500019073487;18.36547996520996;17.838172798156737;17.324663472175597;69.39729698257882;0.14502812472762017;0.11432756061092769;0.030700564116692475;0.16071455819266184;18.592500019073487;18.94384131930997;18.241158718837003;0.22813260910282823;8.02866184753251;11.680081059560344;-9.412269935256678;2.8872222448227847;9.28841075444058;8.065078334105635;True;18.95800018310547;6090.0;0.4
IE00B8X9NY41;First Trust Eurozone AlphaDEX xAE ETF A;ETF;PEA_LISTED_LMF;HIGH_LISTED_LESMEILLEURSFONDS;FirstTrust;Ireland;Europe;Actions Zone Euro Flex Cap;Actions Zone Euro Flex Cap;Eurozone;Blend_or_Broad;UNKNOWN;UNKNOWN_CHECK_KIID;0.0;OK;;24.87823590907814;85.55325004250057;72.38170886607898;;;;CATEGORY_ONLY_FROM_LMF_PERF_MISSING;;lesmeilleursfonds_screenshots_oct2025;2026-07-31;"Listed on lesmeilleursfonds PEA ETF universe (data Oct 2025; confirm eligibility with broker)";Enriched replication 100% from justetf.com/amundietf.fr + perfs Boursorama/JustETF/BorsaItaliana/Investing.com (free) + obligations identified (no perf);2026-07-31;;IE00B8X9NY41.PA;XPAR_CANDIDATE;EUR;CANDIDATE_NOT_VERIFIED;;;;;;;;ISIN.PA is only a technical Yahoo candidate and must not be used until verified.;2026-08-06;IE00B8X9NY41;VALID;UNCHANGED_VALID;ISO 6166 checksum;2026-08-06;;;;;;;;;VALID;;;FEUZ;Euronext Amsterdam;XAMS;EUR;FINAL_VALIDATED;100;https://www.boursorama.com/bourse/trackers/cours/1rAFEUZ/;OFFICIAL_OR_MARKET_PAGE;2026-08-06;FEUZ.AS;DERIVED_FORMAT_REQUIRES_LIVE_TEST;IDENTITY_FINAL_VALIDATED;2026-08-06;FEUZ.AS;FEUZ;XAMS;65.38650016784668;65.18960006713867;63.59310005187988;60.794849967956544;74.61535301447817;0.3589471880488162;0.2117409347389666;0.1472062533098496;0.4378580365862165;65.38650016784668;66.54383359022268;64.22916674547068;0.06814429730584144;6.857623537676302;12.318931233600697;-9.524561754146566;3.188862595427966;5.0591061632340395;8.056419429467464;False;66.66000366210938;97.0;2.07
IE00B4K6B022;HSBC EURO STOXX 50 ETF;ETF;PEA_LISTED_LMF;HIGH_LISTED_LESMEILLEURSFONDS;HSBC;Ireland;Europe;Actions Zone Euro Grandes Cap.;Actions Zone Euro Grandes Cap.;Eurozone;Blend_or_Broad;UNKNOWN;UNKNOWN_CHECK_KIID;2.35;OK;;22.90865008378258;69.08349766073631;79.1651816595744;;;;CATEGORY_ONLY_FROM_LMF_PERF_MISSING;;lesmeilleursfonds_screenshots_oct2025;2026-07-31;"Listed on lesmeilleursfonds PEA ETF universe (data Oct 2025; confirm eligibility with broker)";Enriched replication 100% from justetf.com/amundietf.fr + perfs Boursorama/JustETF/BorsaItaliana/Investing.com (free) + obligations identified (no perf);2026-07-31;;IE00B4K6B022.PA;XPAR_CANDIDATE;EUR;CANDIDATE_NOT_VERIFIED;;;;;;;;ISIN.PA is only a technical Yahoo candidate and must not be used until verified.;2026-08-06;IE00B4K6B022;VALID;UNCHANGED_VALID;ISO 6166 checksum;2026-08-06;;;;;;;;;VALID;;;50E;Euronext Paris;XPAR;EUR;FINAL_VALIDATED;100;https://www.boursorama.com/bourse/trackers/cours/1rT50E/;OFFICIAL_OR_MARKET_PAGE;2026-08-06;50E.PA;DERIVED_FORMAT_REQUIRES_LIVE_TEST;IDENTITY_FINAL_VALIDATED;2026-08-06;50E.PA;50E;XPAR;67.48950119018555;66.74980026245117;64.20589992523193;62.59697790145874;62.35140569332252;0.590786959978999;0.44006233109541026;0.15072462888358873;0.7699993678501674;67.48950119018555;69.25621771707156;65.72278466329954;0.3301791332184493;13.325754974740356;14.799941039833698;-10.901792990122905;2.0110325618207803;10.862883032934413;7.876502600430113;True;68.4800033569336;2692.0;0.101
LU1847674733;OSSIAM BLOOMBERG EUROZONE PAB NR;ETF;PEA_LISTED_LMF;HIGH_LISTED_LESMEILLEURSFONDS;Ossiam;Luxembourg;Europe;Actions Zone Euro Grandes Cap.;Actions Zone Euro Grandes Cap.;Eurozone;ESG_Climate;UNKNOWN;UNKNOWN_CHECK_KIID;;MISSING;;17.334963051533858;46.646306848317366;;;;;CATEGORY_ONLY_FROM_LMF_PERF_MISSING;;lesmeilleursfonds_screenshots_oct2025;2026-07-31;"Listed on lesmeilleursfonds PEA ETF universe (data Oct 2025; confirm eligibility with broker)";Enriched replication 100% from justetf.com/amundietf.fr + perfs Boursorama/JustETF/BorsaItaliana/Investing.com (free) + obligations identified (no perf);2026-07-31;;LU1847674733.PA;XPAR_CANDIDATE;EUR;CANDIDATE_NOT_VERIFIED;;;;;;;;ISIN.PA is only a technical Yahoo candidate and must not be used until verified.;2026-08-06;LU1847674733;VALID;UNCHANGED_VALID;ISO 6166 checksum;2026-08-06;;;;;;;;;VALID;;;OP2E;Euronext Paris;XPAR;EUR;FINAL_VALIDATED;100;https://www.boursorama.com/bourse/trackers/cours/1rTOP2E/;OFFICIAL_OR_MARKET_PAGE;2026-08-06;OP2E.PA;DERIVED_FORMAT_REQUIRES_LIVE_TEST;IDENTITY_FINAL_VALIDATED;2026-08-06;OP2E.PA;OP2E;XPAR;186.99399948120117;186.89839965820312;179.56919982910156;175.1867990875244;67.0694949932657;0.9720748134351993;0.35616912580344107;0.6159056876317582;1.9028581891741072;186.99399948120117;191.50172107206834;182.486277890334;0.11636363636363636;13.847030046458485;14.760918987424457;-11.867194365049382;2.335006312004073;11.526848802878288;8.513291880719564;True;191.9600067138672;8.0;-5.473
LU1079842321;Ossiam Shiller Barclays CAPE Eu Se Vi TR ETF 1C;ETF;PEA_LISTED_LMF;HIGH_LISTED_LESMEILLEURSFONDS;Ossiam;Luxembourg;Europe;Actions Europe Gdes Cap. Mixte;Actions Europe Gdes Cap. Mixte;Europe;Blend_or_Broad;UNKNOWN;UNKNOWN_CHECK_KIID;0.0;OK;;33.517781736351296;46.51918599937457;55.65026945886753;;;;CATEGORY_ONLY_FROM_LMF_PERF_MISSING;;lesmeilleursfonds_screenshots_oct2025;2026-07-31;"Listed on lesmeilleursfonds PEA ETF universe (data Oct 2025; confirm eligibility with broker)";Enriched replication 100% from justetf.com/amundietf.fr + perfs Boursorama/JustETF/BorsaItaliana/Investing.com (free) + obligations identified (no perf);2026-07-31;;LU1079842321.PA;XPAR_CANDIDATE;EUR;CANDIDATE_NOT_VERIFIED;;;;;;;;ISIN.PA is only a technical Yahoo candidate and must not be used until verified.;2026-08-06;LU1079842321;VALID;UNCHANGED_VALID;ISO 6166 checksum;2026-08-06;;;;;;;;;VALID;;;CAPE;Euronext Paris;XPAR;EUR;FINAL_VALIDATED;100;https://www.boursorama.com/bourse/trackers/cours/1rTCAPE/;OFFICIAL_OR_MARKET_PAGE;2026-08-06;CAPE.PA;DERIVED_FORMAT_REQUIRES_LIVE_TEST;IDENTITY_FINAL_VALIDATED;2026-08-06;CAPE.PA;CAPE;XPAR;668.8149993896484;658.0339978027343;645.0930004882813;610.7064657592773;63.254569629783894;5.6597355372801985;5.698703896658748;-0.0389683593785497;5.457144601004464;668.8149993896484;684.0057428797745;653.6242558995223;0.7653910149750416;7.217567322267877;11.705571589013754;-5.147526754755916;3.556092934348287;5.069980651001171;12.882201434576013;False;675.5999755859375;69.0;10.71
IE00B910VR50;SPDR MSCI EMU ETF;ETF;PEA_LISTED_LMF;HIGH_LISTED_LESMEILLEURSFONDS;SPDR_StateStreet;Ireland;Europe;Actions Zone Euro Grandes Cap.;Actions Zone Euro Grandes Cap.;Eurozone;Blend_or_Broad;UNKNOWN;UNKNOWN_CHECK_KIID;;MISSING;;6.993892880277941;43.7683942952584;43.61273639204466;;;;CATEGORY_ONLY_FROM_LMF_PERF_MISSING;;lesmeilleursfonds_screenshots_oct2025;2026-07-31;"Listed on lesmeilleursfonds PEA ETF universe (data Oct 2025; confirm eligibility with broker)";Enriched replication 100% from justetf.com/amundietf.fr + perfs Boursorama/JustETF/BorsaItaliana/Investing.com (free) + obligations identified (no perf);2026-07-31;;IE00B910VR50.PA;XPAR_CANDIDATE;EUR;CANDIDATE_NOT_VERIFIED;;;;;;;;ISIN.PA is only a technical Yahoo candidate and must not be used until verified.;2026-08-06;IE00B910VR50;VALID;UNCHANGED_VALID;ISO 6166 checksum;2026-08-06;;;;;;;;;VALID;;;EMUE;Euronext Paris;XPAR;EUR;FINAL_VALIDATED;100;https://www.boursorama.com/bourse/trackers/cours/1rTEMUE/;OFFICIAL_OR_MARKET_PAGE;2026-08-06;EMUE.PA;DERIVED_FORMAT_REQUIRES_LIVE_TEST;IDENTITY_FINAL_VALIDATED;2026-08-06;EMUE.PA;EMUE;XPAR;92.86000061035156;92.86000061035156;92.86000061035156;92.51260032653809;nan;7.424150311408084e-06;1.0917860505374808e-05;-3.493710193966724e-06;0.0;92.86000061035156;92.86000142230091;92.85999979840221;;2.7007202502609647e-07;0.0;-4.120940101620185;0.0;0.0;0.0;False;92.86000061035156;0.0;-15.814
IE00B5M1WJ87;SPDR S&P Euro Dividend Aristocrats ETF;ETF;PEA_LISTED_LMF;HIGH_LISTED_LESMEILLEURSFONDS;SPDR_StateStreet;Ireland;Europe;Actions Zone Euro Flex Cap;Actions Zone Euro Flex Cap;Eurozone;Dividend;UNKNOWN;UNKNOWN_CHECK_KIID;;MISSING;;17.841081848342345;60.12358074488478;53.47393929517856;;;;CATEGORY_ONLY_FROM_LMF_PERF_MISSING;;lesmeilleursfonds_screenshots_oct2025;2026-07-31;"Listed on lesmeilleursfonds PEA ETF universe (data Oct 2025; confirm eligibility with broker)";Enriched replication 100% from justetf.com/amundietf.fr + perfs Boursorama/JustETF/BorsaItaliana/Investing.com (free) + obligations identified (no perf);2026-07-31;;IE00B5M1WJ87.PA;XPAR_CANDIDATE;EUR;CANDIDATE_NOT_VERIFIED;;;;;;;;ISIN.PA is only a technical Yahoo candidate and must not be used until verified.;2026-08-06;IE00B5M1WJ87;VALID;UNCHANGED_VALID;ISO 6166 checksum;2026-08-06;;;;;;;;;VALID;;;EUDV;Euronext Paris;XPAR;EUR;FINAL_VALIDATED;100;https://www.boursorama.com/bourse/trackers/cours/1rTEUDV/;OFFICIAL_OR_MARKET_PAGE;2026-08-06;EUDV.PA;DERIVED_FORMAT_REQUIRES_LIVE_TEST;IDENTITY_FINAL_VALIDATED;2026-08-06;EUDV.PA;EUDV;XPAR;30.366250133514406;29.685100059509278;29.17652587890625;28.294624900817873;73.1543921992316;0.4186224892423205;0.3524485527957716;0.0661739364465489;0.2828570774623326;30.366250133514406;31.37897328464615;29.35352698238266;1.2668343773039108;8.462808259251899;8.665119631009626;-7.961386816965499;5.568715299363336;9.133853484924437;10.015969551200632;False;31.184999465942383;11255.0;-4.967
LU0136234068;UBS EURO STOXX 50 ETF EUR dis;ETF;PEA_LISTED_LMF;HIGH_LISTED_LESMEILLEURSFONDS;UBS;Luxembourg;Europe;Actions Zone Euro Grandes Cap.;Actions Zone Euro Grandes Cap.;Eurozone;Blend_or_Broad;DIST;UNKNOWN_CHECK_KIID;;DIST_YIELD_NOT_FETCHED;;24.26592890432946;66.76225662898214;77.25794744654128;;;;CATEGORY_ONLY_FROM_LMF_PERF_MISSING;;lesmeilleursfonds_screenshots_oct2025;2026-07-31;"Listed on lesmeilleursfonds PEA ETF universe (data Oct 2025; confirm eligibility with broker)";Enriched replication 100% from justetf.com/amundietf.fr + perfs Boursorama/JustETF/BorsaItaliana/Investing.com (free) + obligations identified (no perf);2026-07-31;;LU0136234068.PA;XPAR_CANDIDATE;EUR;CANDIDATE_NOT_VERIFIED;;;;;;;;ISIN.PA is only a technical Yahoo candidate and must not be used until verified.;2026-08-06;LU0136234068;VALID;UNCHANGED_VALID;ISO 6166 checksum;2026-08-06;;;;;;;;;VALID;;;UIM1;Euronext Amsterdam;XAMS;EUR;FINAL_VALIDATED;100;https://www.boursorama.com/bourse/trackers/cours/1rAUIM1/;OFFICIAL_OR_MARKET_PAGE;2026-08-06;UIM1.AS;DERIVED_FORMAT_REQUIRES_LIVE_TEST;IDENTITY_FINAL_VALIDATED;2026-08-06;UIM1.AS;UIM1;XAMS;64.666499710083;63.90759994506836;61.482400016784666;59.8989946937561;69.94538518729546;0.640317882300323;0.45122963003332756;0.1890882522669955;0.46214212690080914;64.666499710083;66.44049238003053;62.89250704013546;0.0;11.990398079650598;13.919453301762601;-10.725245365876045;4.737091288901407;12.06285414766648;11.783163955084653;True;66.33000183105469;0.0;1.458
LU0629460675;UBS MSCI EMU Socially Resp ETF EUR dis;ETF;PEA_LISTED_LMF;HIGH_LISTED_LESMEILLEURSFONDS;UBS;Luxembourg;Europe;Actions Zone Euro Grandes Cap.;Actions Zone Euro Grandes Cap.;Eurozone;Blend_or_Broad;DIST;UNKNOWN_CHECK_KIID;;DIST_YIELD_NOT_FETCHED;;;;;;;;CATEGORY_ONLY_FROM_LMF_PERF_MISSING;;lesmeilleursfonds_screenshots_oct2025;2026-07-31;"Listed on lesmeilleursfonds PEA ETF universe (data Oct 2025; confirm eligibility with broker)";Enriched replication 100% from justetf.com/amundietf.fr + perfs Boursorama/JustETF/BorsaItaliana/Investing.com (free) + obligations identified (no perf);2026-07-31;;LU0629460675.PA;XPAR_CANDIDATE;EUR;CANDIDATE_NOT_VERIFIED;;;;;;;;ISIN.PA is only a technical Yahoo candidate and must not be used until verified.;2026-08-06;LU0629460675;VALID;UNCHANGED_VALID;ISO 6166 checksum;2026-08-06;;;;;;;;;VALID;;;UIMR;Euronext Amsterdam;XAMS;EUR;FINAL_VALIDATED;100;https://www.boursorama.com/bourse/trackers/cours/1rAUIMR/;OFFICIAL_OR_MARKET_PAGE;2026-08-06;UIMR.AS;DERIVED_FORMAT_REQUIRES_LIVE_TEST;IDENTITY_FINAL_VALIDATED;2026-08-06;UIMR.AS;UIMR;XAMS;;;;;;;;;;;;;;;;;;;;;;;
IE00BKX55S42;Vanguard FTSE Developed Europe ex UK UCITS ETF EUR Distributing;ETF;PEA_LISTED_LMF;HIGH_LISTED_LESMEILLEURSFONDS;Vanguard;Ireland;Europe;Actions Europe hors UK Gdes Cap.;Actions Europe hors UK Gdes Cap.;Europe;Blend_or_Broad;DIST;PHYSICAL;2.46;OK;;24.23698025386618;58.45908138688056;56.880884121516594;;;;CATEGORY_ONLY_FROM_LMF_PERF_MISSING;;lesmeilleursfonds_screenshots_oct2025;2026-07-31;"Listed on lesmeilleursfonds PEA ETF universe (data Oct 2025; confirm eligibility with broker)";Enriched replication 100% from justetf.com/amundietf.fr + perfs Boursorama/JustETF/BorsaItaliana/Investing.com (free) + obligations identified (no perf);2026-07-31;VERX;VERX.AS;XAMS;EUR;OFFICIAL_CORRECTED;;3320;;;;Vanguard official;https://www.vanguard.co.uk/professional/product/etf/equity/9524/ftse-developed-europe-ex-uk-ucits-etf-eur-distributing;Invalid checksum corrected to official distributing share class.;2026-08-06;IE00BKW55S42;INVALID;CORRECTED_OFFICIAL;Vanguard official + ISO 6166 checksum;2026-08-06;FTSE Developed Europe ex U.K. Index;Quarterly;4730;5;0.17;0.18;0.18;NYSE Euronext Amsterdam;VALID;;;VERX;Euronext Amsterdam;XAMS;EUR;FINAL_VALIDATED;100;https://www.vanguard.co.uk/professional/product/etf/equity/9524/ftse-developed-europe-ex-uk-ucits-etf-eur-distributing;OFFICIAL_OR_MARKET_PAGE;2026-08-06;VERX.AS;CONFIRMED_BY_LISTING_SOURCE;IDENTITY_FINAL_VALIDATED;2026-08-06;VERX.AS;VERX;XAMS;50.1144998550415;49.59036033630371;47.92405712127685;46.54886095046997;69.43001033721457;0.36886730946218194;0.2653720641127393;0.10349524534944265;0.4553576878138951;50.1144998550415;51.08751362814004;49.141486081942965;0.25840593950414437;9.09099953081854;12.334678376595729;-10.213398067300815;2.6350114689348114;10.043554313235848;8.347605365035848;True;51.220001220703125;3169.0;1.429
IE00BQZJBX31;WisdomTree Europe Equity Income UCIT ETF;ETF;PEA_LISTED_LMF;HIGH_LISTED_LESMEILLEURSFONDS;WisdomTree;Ireland;Europe;Actions Europe Rendement;Actions Europe Rendement;Europe;Dividend;UNKNOWN;UNKNOWN_CHECK_KIID;;MISSING;;;;;;;;CATEGORY_ONLY_FROM_LMF_PERF_MISSING;;lesmeilleursfonds_screenshots_oct2025;2026-07-31;"Listed on lesmeilleursfonds PEA ETF universe (data Oct 2025; confirm eligibility with broker)";Enriched replication 100% from justetf.com/amundietf.fr + perfs Boursorama/JustETF/BorsaItaliana/Investing.com (free) + obligations identified (no perf);2026-07-31;;IE00BQZJBX31.PA;XPAR_CANDIDATE;EUR;CANDIDATE_NOT_VERIFIED;;;;;;;;ISIN.PA is only a technical Yahoo candidate and must not be used until verified.;2026-08-06;IE00BQZJBX31;VALID;UNCHANGED_VALID;ISO 6166 checksum;2026-08-06;;;;;;;;;VALID;;;EEI;Euronext Paris;XPAR;EUR;FINAL_VALIDATED;100;https://www.boursorama.com/bourse/trackers/cours/1rTEEI/;OFFICIAL_OR_MARKET_PAGE;2026-08-06;EEI.PA;DERIVED_FORMAT_REQUIRES_LIVE_TEST;IDENTITY_FINAL_VALIDATED;2026-08-06;EEI.PA;EEI;XPAR;16.345100021362306;16.01011058807373;15.706290397644043;14.830687427520752;67.30432734648792;0.18310186337285472;0.17731657966034292;0.005785283712511802;0.1188575199672154;16.345100021362306;16.81175051528258;15.878449527442033;1.2974753018660812;10.108653451553518;11.1359590210671;-6.415239562240227;4.349473777864343;6.653748865760067;12.156997445310136;True;16.554000854492188;1773.0;
IE00BZ56TQ67;WisdomTree Eurozone QualDivGr ETF EUR Ac;ETF;PEA_LISTED_LMF;HIGH_LISTED_LESMEILLEURSFONDS;WisdomTree;Ireland;Europe;Actions Zone Euro Grandes Cap.;Actions Zone Euro Grandes Cap.;Eurozone;Dividend;UNKNOWN;UNKNOWN_CHECK_KIID;;MISSING;;18.986067147149544;;;;;;CATEGORY_ONLY_FROM_LMF_PERF_MISSING;;lesmeilleursfonds_screenshots_oct2025;2026-07-31;"Listed on lesmeilleursfonds PEA ETF universe (data Oct 2025; confirm eligibility with broker)";Enriched replication 100% from justetf.com/amundietf.fr + perfs Boursorama/JustETF/BorsaItaliana/Investing.com (free) + obligations identified (no perf);2026-07-31;;IE00BZ56TQ67.PA;XPAR_CANDIDATE;EUR;CANDIDATE_NOT_VERIFIED;;;;;;;;ISIN.PA is only a technical Yahoo candidate and must not be used until verified.;2026-08-06;IE00BZ56TQ67;VALID;UNCHANGED_VALID;ISO 6166 checksum;2026-08-06;;;;;;;;;VALID;;;EGRA;Euronext Paris;XPAR;EUR;FINAL_VALIDATED;100;https://www.boursorama.com/bourse/trackers/cours/1rTEGRA/;OFFICIAL_OR_MARKET_PAGE;2026-08-06;EGRA.PA;DERIVED_FORMAT_REQUIRES_LIVE_TEST;IDENTITY_FINAL_VALIDATED;2026-08-06;EGRA.PA;EGRA;XPAR;28.531250190734863;28.514600257873536;27.683750190734862;27.137550125122072;75.40987194693605;0.1298969814016928;0.0332055127624242;0.09669146863926861;0.1335712160382952;28.531250190734863;29.20155121659698;27.860949164872746;0.0;14.77867969906845;12.880662283445524;-9.63876889509937;2.1855998060426707;6.278187846070393;8.091742839288285;False;29.454999923706055;0.0;-3.822
FR001400KE06;AMUNDI PEA S&P US Cns Stp Scn UCITS ETF Acc;ETF;PEA_NAMED;HIGH_NAME_CONTAINS_PEA;Amundi;France;Europe;Act. Secteur Biens Conso. & Services;Act. Secteur Biens Conso. & Services;Other_or_Mixed;Blend_or_Broad;ACC;LIKELY_SWAP_FOR_PEA;0.0;OK;;10.295831145818891;;;;;;CATEGORY_ONLY_FROM_LMF_PERF_MISSING;;lesmeilleursfonds_screenshots_oct2025;2026-07-31;"Listed on lesmeilleursfonds PEA ETF universe (data Oct 2025; confirm eligibility with broker)";Enriched replication 100% from justetf.com/amundietf.fr + perfs Boursorama/JustETF/BorsaItaliana/Investing.com (free) + obligations identified (no perf);2026-07-31;;FR001400KE06.PA;XPAR_CANDIDATE;EUR;CANDIDATE_NOT_VERIFIED;;;;;;;;ISIN.PA is only a technical Yahoo candidate and must not be used until verified.;2026-08-06;FR001400KE06;VALID;UNCHANGED_VALID;ISO 6166 checksum;2026-08-06;;;;;;;;;VALID;;;COSE;Euronext Paris;XPAR;EUR;FINAL_VALIDATED;100;https://www.boursorama.com/bourse/trackers/cours/1rTCOSE/;OFFICIAL_OR_MARKET_PAGE;2026-08-06;COSE.PA;DERIVED_FORMAT_REQUIRES_LIVE_TEST;IDENTITY_FINAL_VALIDATED;2026-08-06;COSE.PA;COSE;XPAR;11.282100105285645;11.197860069274903;10.957490043640137;10.675072026252746;47.0588063423944;0.03563365622670567;0.046088150509551735;-0.010454494282846068;0.16700008937290736;11.282100105285645;11.637508274561808;10.926691936009481;0.9703172474874835;22.525744197706608;20.200059575301772;-10.476185555945893;2.5886974059161627;3.6962426105511703;3.3841040424463786;False;11.333999633789062;3944.0;-12.512
FR0013412012;Amundi PEA Asie Emerg MSCI Scr UCITS ETFC;ETF;PEA_NAMED;HIGH_NAME_CONTAINS_PEA;Amundi;France;Europe;Actions Asie hors Japon;Actions Asie hors Japon;Emerging;Blend_or_Broad;UNKNOWN;UNKNOWN_CHECK_KIID;0.0;OK;;48.43;70.02;34.99;;;;CATEGORY_ONLY_FROM_LMF_PERF_MISSING;2026-04-30;lesmeilleursfonds_screenshots_oct2025;2026-07-31;"Listed on lesmeilleursfonds PEA ETF universe (data Oct 2025; confirm eligibility with broker)";Enriched replication 100% from justetf.com/amundietf.fr + perfs Boursorama/JustETF/BorsaItaliana/Investing.com (free) + obligations identified (no perf);2026-07-31;;FR0013412012.PA;XPAR_CANDIDATE;EUR;CANDIDATE_NOT_VERIFIED;;;;;;;;ISIN.PA is only a technical Yahoo candidate and must not be used until verified.;2026-08-06;FR0013412012;VALID;UNCHANGED_VALID;ISO 6166 checksum;2026-08-06;;;;;;;;;VALID;;;PAASI;Euronext Paris;XPAR;EUR;FINAL_VALIDATED;100;https://www.boursorama.com/bourse/trackers/cours/1rTPAASI/;OFFICIAL_OR_MARKET_PAGE;2026-08-06;PAASI.PA;DERIVED_FORMAT_REQUIRES_LIVE_TEST;IDENTITY_FINAL_VALIDATED;2026-08-06;PAASI.PA;PAASI;XPAR;;;;;;;;;;;;;;;;;;;;;;;
FR0011869312;Amundi PEA AsiePac MSCI ACAP ex Jpn ETFA;ETF;PEA_NAMED;HIGH_NAME_CONTAINS_PEA;Amundi;France;Europe;Actions Asie-Pacifique hors Japon;Actions Asie-Pacifique hors Japon;Japan;Blend_or_Broad;UNKNOWN;UNKNOWN_CHECK_KIID;0.0;OK;;32.896718658971544;72.44083267024564;41.675606722758275;;;;CATEGORY_ONLY_FROM_LMF_PERF_MISSING;;lesmeilleursfonds_screenshots_oct2025;2026-07-31;"Listed on lesmeilleursfonds PEA ETF universe (data Oct 2025; confirm eligibility with broker)";Enriched replication 100% from justetf.com/amundietf.fr + perfs Boursorama/JustETF/BorsaItaliana/Investing.com (free) + obligations identified (no perf);2026-07-31;;FR0011869312.PA;XPAR_CANDIDATE;EUR;CANDIDATE_NOT_VERIFIED;;;;;;;;ISIN.PA is only a technical Yahoo candidate and must not be used until verified.;2026-08-06;FR0011869312;VALID;UNCHANGED_VALID;ISO 6166 checksum;2026-08-06;;;;;;;;;VALID;;;PAEJ;Euronext Paris;XPAR;EUR;FINAL_VALIDATED;100;https://www.boursorama.com/bourse/trackers/cours/1rTPAEJ/;OFFICIAL_OR_MARKET_PAGE;2026-08-06;PAEJ.PA;DERIVED_FORMAT_REQUIRES_LIVE_TEST;IDENTITY_FINAL_VALIDATED;2026-08-06;PAEJ.PA;PAEJ;XPAR;26.389749813079835;27.04551986694336;25.918839855194094;24.232126932144165;56.14236399135627;-0.18488881849173566;-0.2572381503942305;0.07234933190249482;0.5664283207484654;26.389749813079835;27.417918584611833;25.361581041547836;0.5830644728445937;24.465957772382424;27.21884586759892;-12.586321359275733;-3.4760364639277674;1.931993880270233;12.485073931312996;False;26.3799991607666;9777.0;10.089
FR0011871078;Amundi PEA Chine MSCI Ch Scr UCITS ETF-Acc;ETF;PEA_NAMED;HIGH_NAME_CONTAINS_PEA;Amundi;France;Europe;Actions Chine;Actions Chine;China;Blend_or_Broad;ACC;UNKNOWN_CHECK_KIID;0.0;OK;;;;;;;;CATEGORY_ONLY_FROM_LMF_PERF_MISSING;;lesmeilleursfonds_screenshots_oct2025;2026-07-31;"Listed on lesmeilleursfonds PEA ETF universe (data Oct 2025; confirm eligibility with broker)";Enriched replication 100% from justetf.com/amundietf.fr + perfs Boursorama/JustETF/BorsaItaliana/Investing.com (free) + obligations identified (no perf);2026-07-31;;FR0011871078.PA;XPAR_CANDIDATE;EUR;CANDIDATE_NOT_VERIFIED;;;;;;;;ISIN.PA is only a technical Yahoo candidate and must not be used until verified.;2026-08-06;FR0011871078;VALID;UNCHANGED_VALID;ISO 6166 checksum;2026-08-06;;;;;;;;;VALID;;;PASI;Euronext Paris;XPAR;EUR;FINAL_VALIDATED;100;https://www.boursorama.com/bourse/trackers/cours/1rTPASI/;OFFICIAL_OR_MARKET_PAGE;2026-08-06;PASI.PA;DERIVED_FORMAT_REQUIRES_LIVE_TEST;IDENTITY_FINAL_VALIDATED;2026-08-06;PASI.PA;PASI;XPAR;;;;;;;;;;;;;;;;;;;;;;;
FR0011882364;Amundi PEA Eau (MSCI Water) ETF Capi;ETF;PEA_NAMED;HIGH_NAME_CONTAINS_PEA;Amundi;France;Europe;Actions Secteur Eau;Actions Secteur Eau;Other_or_Mixed;Blend_or_Broad;ACC;UNKNOWN_CHECK_KIID;0.0;OK;;6.17363361010741;32.22280471981917;20.00290580217019;;;;CATEGORY_ONLY_FROM_LMF_PERF_MISSING;;lesmeilleursfonds_screenshots_oct2025;2026-07-31;"Listed on lesmeilleursfonds PEA ETF universe (data Oct 2025; confirm eligibility with broker)";Enriched replication 100% from justetf.com/amundietf.fr + perfs Boursorama/JustETF/BorsaItaliana/Investing.com (free) + obligations identified (no perf);2026-07-31;;FR0011882364.PA;XPAR_CANDIDATE;EUR;CANDIDATE_NOT_VERIFIED;;;;;;;;ISIN.PA is only a technical Yahoo candidate and must not be used until verified.;2026-08-06;FR0011882364;VALID;UNCHANGED_VALID;ISO 6166 checksum;2026-08-06;;;;;;;;;VALID;;;AWAT;Euronext Paris;XPAR;EUR;FINAL_VALIDATED;100;https://www.boursorama.com/bourse/trackers/cours/1rTAWAT/;OFFICIAL_OR_MARKET_PAGE;2026-08-06;AWAT.PA;DERIVED_FORMAT_REQUIRES_LIVE_TEST;IDENTITY_FINAL_VALIDATED;2026-08-06;AWAT.PA;AWAT;XPAR;32.3892502784729;31.854780082702636;31.471160106658935;31.420769090652467;55.54203454502033;0.1792521288429043;0.1462367508836572;0.03301537795924711;0.4503571646554129;32.3892502784729;33.09247869984308;31.686021857102723;0.8322521743308827;15.750222031506436;16.018802348706984;-10.179644822005551;2.850026253149762;7.989668117466775;1.3847530174162515;True;33.02000045776367;6928.0;-16.634
FR0011440478;Amundi PEA Emerg EMEA MSCI ESG Tr UCITS ETFC;ETF;PEA_NAMED;HIGH_NAME_CONTAINS_PEA;Amundi;France;Europe;Actions Secteur Autres;Actions Secteur Autres;Emerging;ESG_Climate;UNKNOWN;UNKNOWN_CHECK_KIID;0.0;OK;;13.203123680626394;50.91653913044401;24.065310390276508;;;;CATEGORY_ONLY_FROM_LMF_PERF_MISSING;;lesmeilleursfonds_screenshots_oct2025;2026-07-31;"Listed on lesmeilleursfonds PEA ETF universe (data Oct 2025; confirm eligibility with broker)";Enriched replication 100% from justetf.com/amundietf.fr + perfs Boursorama/JustETF/BorsaItaliana/Investing.com (free) + obligations identified (no perf);2026-07-31;;FR0011440478.PA;XPAR_CANDIDATE;EUR;CANDIDATE_NOT_VERIFIED;;;;;;;;ISIN.PA is only a technical Yahoo candidate and must not be used until verified.;2026-08-06;FR0011440478;VALID;UNCHANGED_VALID;ISO 6166 checksum;2026-08-06;;;;;;;;;VALID;;;PLEM;Euronext Paris;XPAR;EUR;FINAL_VALIDATED;100;https://www.boursorama.com/bourse/trackers/cours/1rTPLEM/;OFFICIAL_OR_MARKET_PAGE;2026-08-06;PLEM.PA;DERIVED_FORMAT_REQUIRES_LIVE_TEST;IDENTITY_FINAL_VALIDATED;2026-08-06;PLEM.PA;PLEM;XPAR;21.18025016784668;21.243780059814455;21.15130994796753;21.036171512603758;69.86606857758852;0.08709966672676472;-0.007761180863175888;0.09486084758994061;0.23214285714285715;21.18025016784668;21.77051770829051;20.58998262740285;0.2280084804935952;14.45879299407535;15.292319121571275;-12.604446411132809;2.1141685044182124;3.500002906436017;-2.5161415883023452;True;21.735000610351562;1796.0;-9.605
FR0013412020;Amundi PEA Emerg MSCI ESG Tr UCITS ETFC;ETF;PEA_NAMED;HIGH_NAME_CONTAINS_PEA;Amundi;France;Europe;Actions Marchés Emergents;Actions Marchés Emergents;Emerging;ESG_Climate;UNKNOWN;SYNTHETIC;0.0;OK;;27.53;53.93;40.41;;;;CATEGORY_ONLY_FROM_LMF_PERF_MISSING;2026-05-27;lesmeilleursfonds_screenshots_oct2025;2026-07-31;"Listed on lesmeilleursfonds PEA ETF universe (data Oct 2025; confirm eligibility with broker)";Enriched replication 100% from justetf.com/amundietf.fr + perfs Boursorama/JustETF/BorsaItaliana/Investing.com (free) + obligations identified (no perf);2026-07-31;;FR0013412020.PA;XPAR_CANDIDATE;EUR;CANDIDATE_NOT_VERIFIED;;;;;;;;ISIN.PA is only a technical Yahoo candidate and must not be used until verified.;2026-08-06;FR0013412020;VALID;UNCHANGED_VALID;ISO 6166 checksum;2026-08-06;;;;;;;;;VALID;;;PAEEM;Euronext Paris;XPAR;EUR;FINAL_VALIDATED;100;https://www.boursorama.com/bourse/trackers/cours/1rTPAEEM/;OFFICIAL_OR_MARKET_PAGE;2026-08-06;PAEEM.PA;DERIVED_FORMAT_REQUIRES_LIVE_TEST;IDENTITY_FINAL_VALIDATED;2026-08-06;PAEEM.PA;PAEEM;XPAR;;;;;;;;;;;;;;;;;;;;;;;
FR0013346681;Amundi PEA Euro Court Terme UCITS ETF;ETF;PEA_NAMED;HIGH_NAME_CONTAINS_PEA;Amundi;France;Europe;Swap ESTR PEA;Swap ESTR PEA;Money_Market;Cash_MoneyMarket;UNKNOWN;UNKNOWN_CHECK_KIID;0.0;OK;;2.0668053841386147;11.404801207212323;-10.637913267934628;;;;CATEGORY_ONLY_FROM_LMF_PERF_MISSING;;lesmeilleursfonds_screenshots_oct2025;2026-07-31;"Listed on lesmeilleursfonds PEA ETF universe (data Oct 2025; confirm eligibility with broker)";Enriched replication 100% from justetf.com/amundietf.fr + perfs Boursorama/JustETF/BorsaItaliana/Investing.com (free) + obligations identified (no perf);2026-07-31;;FR0013346681.PA;XPAR_CANDIDATE;EUR;CANDIDATE_NOT_VERIFIED;;;;;;;;ISIN.PA is only a technical Yahoo candidate and must not be used until verified.;2026-08-06;FR0013346681;VALID;UNCHANGED_VALID;ISO 6166 checksum;2026-08-06;;;;;;;;;VALID;;;OBLI;Euronext Paris;XPAR;EUR;FINAL_VALIDATED;100;https://www.boursorama.com/bourse/trackers/cours/1rTOBLI/;OFFICIAL_OR_MARKET_PAGE;2026-08-06;OBLI.PA;DERIVED_FORMAT_REQUIRES_LIVE_TEST;IDENTITY_FINAL_VALIDATED;2026-08-06;OBLI.PA;OBLI;XPAR;9.769649982452393;9.755419960021973;9.735500001907349;9.695870013237;64.0006866821806;0.0059671645744803214;0.00623299112810785;-0.0002658265536275286;0.006499903542654855;9.769649982452393;9.781298719124024;9.758001245780761;0.531213385609211;0.8025308295267662;0.523440301865218;-0.1865248679729259;0.18442262936211318;0.5449819473626771;1.0854909396506462;False;9.777999877929688;37971.0;-20.741
FR0011869304;Amundi PEA Im Eurp FTSE EPRA/NAREIT ETFA;ETF;PEA_NAMED;HIGH_NAME_CONTAINS_PEA;Amundi;France;Europe;Immobilier - Indirect Europe;Immobilier - Indirect Europe;Europe;Blend_or_Broad;UNKNOWN;UNKNOWN_CHECK_KIID;0.0;OK;;;;;;;;CATEGORY_ONLY_FROM_LMF_PERF_MISSING;;lesmeilleursfonds_screenshots_oct2025;2026-07-31;"Listed on lesmeilleursfonds PEA ETF universe (data Oct 2025; confirm eligibility with broker)";Enriched replication 100% from justetf.com/amundietf.fr + perfs Boursorama/JustETF/BorsaItaliana/Investing.com (free) + obligations identified (no perf);2026-07-31;;FR0011869304.PA;XPAR_CANDIDATE;EUR;CANDIDATE_NOT_VERIFIED;;;;;;;;ISIN.PA is only a technical Yahoo candidate and must not be used until verified.;2026-08-06;FR0011869304;VALID;UNCHANGED_VALID;ISO 6166 checksum;2026-08-06;;;;;;;;;VALID;;;PMEH;Euronext Paris;XPAR;EUR;FINAL_VALIDATED;100;https://www.boursorama.com/bourse/trackers/cours/1rTPMEH/;OFFICIAL_OR_MARKET_PAGE;2026-08-06;PMEH.PA;DERIVED_FORMAT_REQUIRES_LIVE_TEST;IDENTITY_FINAL_VALIDATED;2026-08-06;PMEH.PA;PMEH;XPAR;;;;;;;;;;;;;;;;;;;;;;;
FR0011869320;Amundi PEA Inde (MSCI India) ETF Acc;ETF;PEA_NAMED;HIGH_NAME_CONTAINS_PEA;Amundi;France;Europe;Actions Inde;Actions Inde;India;Blend_or_Broad;ACC;UNKNOWN_CHECK_KIID;0.0;OK;;-4.490932656546143;9.100257550924852;10.249991482233733;;;;CATEGORY_ONLY_FROM_LMF_PERF_MISSING;;lesmeilleursfonds_screenshots_oct2025;2026-07-31;"Listed on lesmeilleursfonds PEA ETF universe (data Oct 2025; confirm eligibility with broker)";Enriched replication 100% from justetf.com/amundietf.fr + perfs Boursorama/JustETF/BorsaItaliana/Investing.com (free) + obligations identified (no perf);2026-07-31;;FR0011869320.PA;XPAR_CANDIDATE;EUR;CANDIDATE_NOT_VERIFIED;;;;;;;;ISIN.PA is only a technical Yahoo candidate and must not be used until verified.;2026-08-06;FR0011869320;VALID;UNCHANGED_VALID;ISO 6166 checksum;2026-08-06;;;;;;;;;VALID;;;PINR;Euronext Paris;XPAR;EUR;FINAL_VALIDATED;100;https://www.boursorama.com/bourse/trackers/cours/1rTPINR/;OFFICIAL_OR_MARKET_PAGE;2026-08-06;PINR.PA;DERIVED_FORMAT_REQUIRES_LIVE_TEST;IDENTITY_FINAL_VALIDATED;2026-08-06;PINR.PA;PINR;XPAR;22.99375009536743;22.81308006286621;22.50012010574341;23.55664708137512;62.59545244970759;0.12130815315357779;0.07758178872443842;0.04372636442913937;0.21785695212227957;22.99375009536743;23.50714845743036;22.480351733304502;1.0863496303209248;10.522256306309858;14.981328898730425;-19.102067672818713;1.2367101170257078;8.511627552121181;-4.467464986706515;True;23.329999923706055;13503.0;-27.299
FR0013411980;Amundi PEA Japon Topix ETF EUR Acc;ETF;PEA_NAMED;HIGH_NAME_CONTAINS_PEA;Amundi;France;Europe;Actions Japon Grandes Cap.;Actions Japon Grandes Cap.;Japan;Blend_or_Broad;ACC;SYNTHETIC;0.0;OK;;26.999706912137466;66.64520097739437;53.11193324385128;;;;CATEGORY_ONLY_FROM_LMF_PERF_MISSING;;lesmeilleursfonds_screenshots_oct2025;2026-07-31;"Listed on lesmeilleursfonds PEA ETF universe (data Oct 2025; confirm eligibility with broker)";Enriched replication 100% from justetf.com/amundietf.fr + perfs Boursorama/JustETF/BorsaItaliana/Investing.com (free) + obligations identified (no perf);2026-07-31;PTPXE;PTPXE.PA;XPAR;EUR;VERIFIED;0.2;170;;18.76;;justETF + Boursorama;https://www.justetf.com/fr-be/etf-profile.html?isin=FR0013411980;"Ticker, TER and risk from justETF; recent AUM and market data from Boursorama.";2026-08-06;FR0013411980;VALID;UNCHANGED_VALID;ISO 6166 checksum;2026-08-06;;;;;;;;;VALID;;;PTPXE;Euronext Paris;XPAR;EUR;FINAL_VALIDATED;100;https://www.boursorama.com/bourse/trackers/cours/1rTPTPXE/;OFFICIAL_OR_MARKET_PAGE;2026-08-06;PTPXE.PA;DERIVED_FORMAT_REQUIRES_LIVE_TEST;IDENTITY_FINAL_VALIDATED;2026-08-06;PTPXE.PA;PTPXE;XPAR;37.80300006866455;37.62104011535644;36.426760025024414;34.877032871246335;70.20615070001573;0.19389657379055336;0.07254519016428396;0.1213513836262694;0.5921429225376674;37.80300006866455;38.87183856891856;36.73416156841054;0.6098390194978497;18.072627462514724;17.080408772072822;-9.93749390348132;2.4139320538036912;7.270166566368652;9.225962395055841;False;38.81999969482422;7175.0;4.192
FR0013411998;Amundi PEA Japon Topix ETF Hdg EUR;ETF;PEA_NAMED;HIGH_NAME_CONTAINS_PEA;Amundi;France;Europe;Actions Secteur Autres;Actions Secteur Autres;Japan;Blend_or_Broad;UNKNOWN;SYNTHETIC;0.0;OK;;45.49;97.66;139.78;;;;CATEGORY_ONLY_FROM_LMF_PERF_MISSING;2026-07;lesmeilleursfonds_screenshots_oct2025;2026-07-31;"Listed on lesmeilleursfonds PEA ETF universe (data Oct 2025; confirm eligibility with broker)";Enriched replication 100% from justetf.com/amundietf.fr + perfs Boursorama/JustETF/BorsaItaliana/Investing.com (free) + obligations identified (no perf);2026-07-31;PTPXH;PTPXH.PA;XPAR;EUR;VERIFIED;0.48;60;31;;;justETF + ETF Overlap;https://www.justetf.com/fr-be/etf-profile.html?isin=FR0013411998;Ticker, TER, AUM and holdings.;2026-08-06;FR0013411998;VALID;UNCHANGED_VALID;ISO 6166 checksum;2026-08-06;;;;;;;;;VALID;;;PTPXH;Euronext Paris;XPAR;EUR;FINAL_VALIDATED;100;https://www.boursorama.com/bourse/trackers/cours/1rTPTPXH/;OFFICIAL_OR_MARKET_PAGE;2026-08-06;PTPXH.PA;DERIVED_FORMAT_REQUIRES_LIVE_TEST;IDENTITY_FINAL_VALIDATED;2026-08-06;PTPXH.PA;PTPXH;XPAR;;;;;;;;;;;;;;;;;;;;;;;
FR001400S9V0;Amundi PEA Luxe Mnd UCITS ETF Acc;ETF;PEA_NAMED;HIGH_NAME_CONTAINS_PEA;Amundi;France;Europe;Act. Secteur Biens Conso. & Services;Act. Secteur Biens Conso. & Services;Other_or_Mixed;Blend_or_Broad;ACC;UNKNOWN_CHECK_KIID;0.0;OK;;;;;;;;CATEGORY_ONLY_FROM_LMF_PERF_MISSING;;lesmeilleursfonds_screenshots_oct2025;2026-07-31;"Listed on lesmeilleursfonds PEA ETF universe (data Oct 2025; confirm eligibility with broker)";Enriched replication 100% from justetf.com/amundietf.fr + perfs Boursorama/JustETF/BorsaItaliana/Investing.com (free) + obligations identified (no perf);2026-07-31;MLUX;MLUX.PA;XPAR;EUR;VERIFIED;0.3;12;;17.74;;justETF;https://www.justetf.com/fr/etf-profile.html?isin=FR001400S9V0;Ticker, TER, AUM and volatility.;2026-08-06;FR001400S9V0;VALID;UNCHANGED_VALID;ISO 6166 checksum;2026-08-06;;;;;;;;;VALID;;;MLUX;Euronext Paris;XPAR;EUR;FINAL_VALIDATED;100;https://www.boursorama.com/bourse/trackers/cours/1rTMLUX/;OFFICIAL_OR_MARKET_PAGE;2026-08-06;MLUX.PA;DERIVED_FORMAT_REQUIRES_LIVE_TEST;IDENTITY_FINAL_VALIDATED;2026-08-06;MLUX.PA;MLUX;XPAR;;;;;;;;;;;;;;;;;;;;;;;
FR0013412004;Amundi PEA MSCI Emerging LA Sel ETF Acc;ETF;PEA_NAMED;HIGH_NAME_CONTAINS_PEA;Amundi;France;Europe;Actions Amérique Latine;Actions Amérique Latine;Emerging;Blend_or_Broad;ACC;SYNTHETIC;0.0;OK;;31.75;24.83;48.18;;;;CATEGORY_ONLY_FROM_LMF_PERF_MISSING;2026-07-01;lesmeilleursfonds_screenshots_oct2025;2026-07-31;"Listed on lesmeilleursfonds PEA ETF universe (data Oct 2025; confirm eligibility with broker)";Enriched replication 100% from justetf.com/amundietf.fr + perfs Boursorama/JustETF/BorsaItaliana/Investing.com (free) + obligations identified (no perf);2026-07-31;;FR0013412004.PA;XPAR_CANDIDATE;EUR;CANDIDATE_NOT_VERIFIED;;;;;;;;ISIN.PA is only a technical Yahoo candidate and must not be used until verified.;2026-08-06;FR0013412004;VALID;UNCHANGED_VALID;ISO 6166 checksum;2026-08-06;;;;;;;;;VALID;;;PALAT;Euronext Paris;XPAR;EUR;FINAL_VALIDATED;100;https://www.boursorama.com/bourse/trackers/cours/1rTPALAT/;OFFICIAL_OR_MARKET_PAGE;2026-08-06;PALAT.PA;DERIVED_FORMAT_REQUIRES_LIVE_TEST;IDENTITY_FINAL_VALIDATED;2026-08-06;PALAT.PA;PALAT;XPAR;;;;;;;;;;;;;;;;;;;;;;;
FR001400ZGO4;Amundi PEA MSCI Emrg ESG Trns ETF S-Acc;ETF;PEA_NAMED;HIGH_NAME_CONTAINS_PEA;Amundi;France;Europe;Actions Marchés Emergents;Actions Marchés Emergents;Emerging;ESG_Climate;ACC;UNKNOWN_CHECK_KIID;0.0;OK;;;;;;;;CATEGORY_ONLY_FROM_LMF_PERF_MISSING;;lesmeilleursfonds_screenshots_oct2025;2026-07-31;"Listed on lesmeilleursfonds PEA ETF universe (data Oct 2025; confirm eligibility with broker)";Enriched replication 100% from justetf.com/amundietf.fr + perfs Boursorama/JustETF/BorsaItaliana/Investing.com (free) + obligations identified (no perf);2026-07-31;;FR001400ZGO4.PA;XPAR_CANDIDATE;EUR;CANDIDATE_NOT_VERIFIED;;;;;;;;ISIN.PA is only a technical Yahoo candidate and must not be used until verified.;2026-08-06;FR001400ZGO4;VALID;UNCHANGED_VALID;ISO 6166 checksum;2026-08-06;;;;;;;;;VALID;;;PEMS;Euronext Paris;XPAR;EUR;FINAL_VALIDATED;100;https://www.boursorama.com/bourse/trackers/cours/1rTPEMS/;OFFICIAL_OR_MARKET_PAGE;2026-08-06;PEMS.PA;DERIVED_FORMAT_REQUIRES_LIVE_TEST;IDENTITY_FINAL_VALIDATED;2026-08-06;PEMS.PA;PEMS;XPAR;;;;;;;;;;;;;;;;;;;;;;;
FR0013412038;Amundi PEA MSCI Europe ETF Acc;ETF;PEA_NAMED;HIGH_NAME_CONTAINS_PEA;Amundi;France;Europe;Actions Europe Gdes Cap. Mixte;Actions Europe Gdes Cap. Mixte;Europe;Blend_or_Broad;ACC;UNKNOWN_CHECK_KIID;0.0;OK;;23.286212922378134;57.49514681621663;60.138199737090915;;;;CATEGORY_ONLY_FROM_LMF_PERF_MISSING;;lesmeilleursfonds_screenshots_oct2025;2026-07-31;"Listed on lesmeilleursfonds PEA ETF universe (data Oct 2025; confirm eligibility with broker)";Enriched replication 100% from justetf.com/amundietf.fr + perfs Boursorama/JustETF/BorsaItaliana/Investing.com (free) + obligations identified (no perf);2026-07-31;PCEU;PCEU.PA;XPAR;EUR;VERIFIED;0.15;356;406;12.21;-9.39;justETF;https://www.justetf.com/fr-be/etf-profile.html?isin=FR0013412038;Euronext Paris listing, ticker, Reuters RIC, TER, AUM, performance and risk.;2026-08-06;FR0013412038;VALID;UNCHANGED_VALID;ISO 6166 checksum;2026-08-06;;;;;;;;;VALID;;;PCEU;Euronext Paris;XPAR;EUR;FINAL_VALIDATED;100;https://www.boursorama.com/bourse/trackers/cours/1rTPCEU/;OFFICIAL_OR_MARKET_PAGE;2026-08-06;PCEU.PA;DERIVED_FORMAT_REQUIRES_LIVE_TEST;IDENTITY_FINAL_VALIDATED;2026-08-06;PCEU.PA;PCEU;XPAR;39.827249908447264;39.35419990539551;38.182099952697754;37.075476512908935;69.79356327367252;0.2982679679583242;0.23700191412621674;0.06126605383210748;0.37678555079868864;39.827249908447264;40.548554077264;39.10594573963053;0.7483966319100758;7.837648035066314;11.773786050916057;-9.385995351549392;2.541089981042255;9.40113471551538;8.291053348412847;True;40.55500030517578;11039.0;0.478
LU1681042864;Amundi PEA MSCI USA ESG Sel ETF - EUR;ETF;PEA_NAMED;HIGH_NAME_CONTAINS_PEA;Amundi;Luxembourg;Europe;Actions Etats-Unis Gdes Cap. Mixte;Actions Etats-Unis Gdes Cap. Mixte;USA;ESG_Climate;UNKNOWN;LIKELY_SWAP_FOR_PEA;0.0;OK;;26.241080540236727;61.59299439453243;68.92393415961618;;;;CATEGORY_ONLY_FROM_LMF_PERF_MISSING;;lesmeilleursfonds_screenshots_oct2025;2026-07-31;"Listed on lesmeilleursfonds PEA ETF universe (data Oct 2025; confirm eligibility with broker)";Enriched replication 100% from justetf.com/amundietf.fr + perfs Boursorama/JustETF/BorsaItaliana/Investing.com (free) + obligations identified (no perf);2026-07-31;;LU1681042864.PA;XPAR_CANDIDATE;EUR;CANDIDATE_NOT_VERIFIED;;;;;;;;ISIN.PA is only a technical Yahoo candidate and must not be used until verified.;2026-08-06;LU1681042864;VALID;UNCHANGED_VALID;ISO 6166 checksum;2026-08-06;;;;;;;;;VALID;;;CU2;Euronext Paris;XPAR;EUR;FINAL_VALIDATED;100;https://www.boursorama.com/bourse/trackers/cours/1rTCU2/;OFFICIAL_OR_MARKET_PAGE;2026-08-06;CU2.PA;DERIVED_FORMAT_REQUIRES_LIVE_TEST;IDENTITY_FINAL_VALIDATED;2026-08-06;CU2.PA;CU2;XPAR;814.05;814.5812268066406;773.1726232910156;742.3119265747071;63.68629829444018;2.4304192167121528;-0.0511241946726716;2.4815434113848243;8.557150704520089;814.05;837.1133394774079;790.986660522592;0.12185345518678851;13.995512115067138;13.920936040974095;-9.93170069553474;0.8523607944715517;8.184075945561343;17.03026012583704;True;830.6099853515625;38.0;3.433
FR001400KH45;Amundi PEA MSCI USA ValAdv UCITS ETF-Acc;ETF;PEA_NAMED;HIGH_NAME_CONTAINS_PEA;Amundi;France;Europe;Actions Etats-Unis Flex Cap;Actions Etats-Unis Flex Cap;USA;Blend_or_Broad;ACC;LIKELY_SWAP_FOR_PEA;0.0;OK;;;;;;;;CATEGORY_ONLY_FROM_LMF_PERF_MISSING;;lesmeilleursfonds_screenshots_oct2025;2026-07-31;"Listed on lesmeilleursfonds PEA ETF universe (data Oct 2025; confirm eligibility with broker)";Enriched replication 100% from justetf.com/amundietf.fr + perfs Boursorama/JustETF/BorsaItaliana/Investing.com (free) + obligations identified (no perf);2026-07-31;USVE;USVE.PA;XPAR;EUR;VERIFIED;0.5;27;;12.93;-9.4;justETF;https://www.justetf.com/en-be/etf-profile.html?isin=FR001400KH45;Euronext Paris listing, ticker, TER, AUM and risk.;2026-08-06;FR001400KH45;VALID;UNCHANGED_VALID;ISO 6166 checksum;2026-08-06;;;;;;;;;VALID;;;USVE;Euronext Paris;XPAR;EUR;FINAL_VALIDATED;100;https://www.boursorama.com/bourse/trackers/cours/1rTUSVE/;OFFICIAL_OR_MARKET_PAGE;2026-08-06;USVE.PA;DERIVED_FORMAT_REQUIRES_LIVE_TEST;IDENTITY_FINAL_VALIDATED;2026-08-06;USVE.PA;USVE;XPAR;;;;;;;;;;;;;;;;;;;;;;;
FR001400U5Q4;Amundi PEA Monde (MSCI World) UCITS ETF;ETF;PEA_NAMED;HIGH_NAME_CONTAINS_PEA;Amundi;France;Europe;Act. International Gdes Cap. Mixte;Act. International Gdes Cap. Mixte;World;Blend_or_Broad;UNKNOWN;LIKELY_SWAP_FOR_PEA;0.0;OK;;22.80805101479495;;;;;;CATEGORY_ONLY_FROM_LMF_PERF_MISSING;;lesmeilleursfonds_screenshots_oct2025;2026-07-31;"Listed on lesmeilleursfonds PEA ETF universe (data Oct 2025; confirm eligibility with broker)";Enriched replication 100% from justetf.com/amundietf.fr + perfs Boursorama/JustETF/BorsaItaliana/Investing.com (free) + obligations identified (no perf);2026-07-31;DCAM;DCAM.PA;XPAR;EUR;VERIFIED;0.2;1146;1307;;;Boursorama + ETF Overlap;https://www.boursorama.com/bourse/trackers/cours/composition/1rTDCAM/;"Euronext Paris ticker and recent AUM from Boursorama; holdings from ETF Overlap.";2026-08-06;FR001400U5Q4;VALID;UNCHANGED_VALID;ISO 6166 checksum;2026-08-06;;;;;;;;;VALID;;;DCAM;Euronext Paris;XPAR;EUR;FINAL_VALIDATED;100;https://www.boursorama.com/bourse/trackers/cours/1rTDCAM/;OFFICIAL_OR_MARKET_PAGE;2026-08-06;DCAM.PA;DERIVED_FORMAT_REQUIRES_LIVE_TEST;IDENTITY_FINAL_VALIDATED;2026-08-06;DCAM.PA;DCAM;XPAR;6.104349946975708;6.056119976043701;5.8405299949646;5.6384774851799015;64.88544547364705;0.032399215230041634;0.019460530105019247;0.012938685125022387;0.05735724312918527;6.104349946975708;6.227121959032831;5.981577934918584;0.9904126430542712;10.966452107844765;10.36115720819468;-6.536537262252828;1.9006995825194384;7.4650020735453015;13.093285701068114;True;6.218999862670898;794470.0;0.0
FR0011871110;Amundi PEA Nasdaq-100 UCITS ETF Acc;ETF;PEA_NAMED;HIGH_NAME_CONTAINS_PEA;Amundi;France;Europe;Act. Etats-Unis Gdes Cap. Croissance;Act. Etats-Unis Gdes Cap. Croissance;USA;Growth;ACC;LIKELY_SWAP_FOR_PEA;0.0;OK;;;;;;;;CATEGORY_ONLY_FROM_LMF_PERF_MISSING;;lesmeilleursfonds_screenshots_oct2025;2026-07-31;"Listed on lesmeilleursfonds PEA ETF universe (data Oct 2025; confirm eligibility with broker)";Enriched replication 100% from justetf.com/amundietf.fr + perfs Boursorama/JustETF/BorsaItaliana/Investing.com (free) + obligations identified (no perf);2026-07-31;PUST;PUST.PA;XPAR;EUR;VERIFIED;0.3;981;102;;;ETF Overlap;https://www.etf-overlap.com/fr/etf/pust/;Ticker, TER, AUM, holdings and Yahoo daily data reference.;2026-08-06;FR0011871110;VALID;UNCHANGED_VALID;ISO 6166 checksum;2026-08-06;;;;;;;;;VALID;;;PUST;Euronext Paris;XPAR;EUR;FINAL_VALIDATED;100;https://www.boursorama.com/bourse/trackers/cours/1rTPUST/;OFFICIAL_OR_MARKET_PAGE;2026-08-06;PUST.PA;DERIVED_FORMAT_REQUIRES_LIVE_TEST;IDENTITY_FINAL_VALIDATED;2026-08-06;PUST.PA;PUST;XPAR;;;;;;;;;;;;;;;;;;;;;;;
FR001400ZGR7;Amundi PEA Nasdaq-100 UCITS ETF S-Acc;ETF;PEA_NAMED;HIGH_NAME_CONTAINS_PEA;Amundi;France;Europe;Act. Etats-Unis Gdes Cap. Croissance;Act. Etats-Unis Gdes Cap. Croissance;USA;Growth;ACC;LIKELY_SWAP_FOR_PEA;0.0;OK;;26.043807772758033;;;;;;CATEGORY_ONLY_FROM_LMF_PERF_MISSING;;lesmeilleursfonds_screenshots_oct2025;2026-07-31;"Listed on lesmeilleursfonds PEA ETF universe (data Oct 2025; confirm eligibility with broker)";Enriched replication 100% from justetf.com/amundietf.fr + perfs Boursorama/JustETF/BorsaItaliana/Investing.com (free) + obligations identified (no perf);2026-07-31;;FR001400ZGR7.PA;XPAR_CANDIDATE;EUR;CANDIDATE_NOT_VERIFIED;;;;;;;;ISIN.PA is only a technical Yahoo candidate and must not be used until verified.;2026-08-06;FR001400ZGR7;VALID;UNCHANGED_VALID;ISO 6166 checksum;2026-08-06;;;;;;;;;VALID;;;PNAS;Euronext Paris;XPAR;EUR;FINAL_VALIDATED;100;https://www.boursorama.com/bourse/trackers/cours/1rTPNAS/;OFFICIAL_OR_MARKET_PAGE;2026-08-06;PNAS.PA;DERIVED_FORMAT_REQUIRES_LIVE_TEST;IDENTITY_FINAL_VALIDATED;2026-08-06;PNAS.PA;PNAS;XPAR;6.626749968528747;6.7402399635314945;6.387029976844787;6.036385481357574;58.083810963248354;-0.029221666608577834;-0.05513641325361543;0.025914746645037595;0.1397857325417655;6.626749968528747;6.948123847623147;6.305376089434348;0.8070422126669771;20.970526333332256;21.619045630130014;-9.964535588714297;-1.3192634452595886;4.178272754400969;20.623545127584485;True;6.73199987411499;29214.0;3.236
FR0013412285;Amundi PEA S&P 500 Scrn UCITS ETF - Acc;ETF;PEA_NAMED;HIGH_NAME_CONTAINS_PEA;Amundi;France;Europe;Actions Etats-Unis Gdes Cap. Mixte;Actions Etats-Unis Gdes Cap. Mixte;USA;Blend_or_Broad;ACC;SYNTHETIC;0.0;OK;;24.669980123356726;70.70033741175547;83.4101473335824;;;;CATEGORY_ONLY_FROM_LMF_PERF_MISSING;2026-05-27;lesmeilleursfonds_screenshots_oct2025;2026-07-31;"Listed on lesmeilleursfonds PEA ETF universe (data Oct 2025; confirm eligibility with broker)";Enriched replication 100% from justetf.com/amundietf.fr + perfs Boursorama/JustETF/BorsaItaliana/Investing.com (free) + obligations identified (no perf);2026-07-31;PE500;PE500.PA;XPAR;EUR;VERIFIED;0.25;1276;;12.62;-7.91;justETF + Boursorama;https://www.justetf.com/fr/etf-profile.html?isin=FR0013412285;"Ticker and risk from justETF; recent AUM and market data from Boursorama.";2026-08-06;FR0013412285;VALID;UNCHANGED_VALID;ISO 6166 checksum;2026-08-06;;;;;;;;;VALID;;;PE500;Euronext Paris;XPAR;EUR;FINAL_VALIDATED;100;https://www.boursorama.com/bourse/trackers/cours/1rTPE500/;OFFICIAL_OR_MARKET_PAGE;2026-08-06;PE500.PA;DERIVED_FORMAT_REQUIRES_LIVE_TEST;IDENTITY_FINAL_VALIDATED;2026-08-06;PE500.PA;PE500;XPAR;54.223999977111816;53.985339889526365;51.88585983276367;50.099595909118655;66.28101414276436;0.3446134347799443;0.12680907819114506;0.21780435658879926;0.7114282335553851;54.223999977111816;55.83440556930003;52.6135943849236;0.3029170878935724;13.665102032467205;11.522084682911968;-7.468261545805932;2.7475598212135965;7.9322057543886215;14.292752043733191;True;55.720001220703125;4135.0;1.862
FR0013412293;Amundi PEA S&P 500 Scrn UCITS ETF EUR Hdg Acc;ETF;PEA_NAMED;HIGH_NAME_CONTAINS_PEA;Amundi;France;Europe;Actions Secteur Autres;Actions Secteur Autres;USA;Blend_or_Broad;ACC;LIKELY_SWAP_FOR_PEA;0.0;OK;;25.68;26.79;71.04;;;;CATEGORY_ONLY_FROM_LMF_PERF_MISSING;2024-03-31;lesmeilleursfonds_screenshots_oct2025;2026-07-31;"Listed on lesmeilleursfonds PEA ETF universe (data Oct 2025; confirm eligibility with broker)";Enriched replication 100% from justetf.com/amundietf.fr + perfs Boursorama/JustETF/BorsaItaliana/Investing.com (free) + obligations identified (no perf);2026-07-31;P500H;P500H.PA;XPAR;EUR;VERIFIED_WITH_AUM_CONFLICT;0.28;;;;;justETF + Boursorama;https://www.justetf.com/en/etf-profile.html?isin=FR0013412293;"Ticker verified. AUM conflict: justETF share/fund figure differs from Boursorama figure; quarantined.";2026-08-06;FR0013412293;VALID;UNCHANGED_VALID;ISO 6166 checksum;2026-08-06;;;;;;;;;VALID;;;P500H;Euronext Paris;XPAR;EUR;FINAL_VALIDATED;100;https://www.boursorama.com/bourse/trackers/cours/1rTP500H/;OFFICIAL_OR_MARKET_PAGE;2026-08-06;P500H.PA;DERIVED_FORMAT_REQUIRES_LIVE_TEST;IDENTITY_FINAL_VALIDATED;2026-08-06;P500H.PA;P500H;XPAR;;;;;;;;;;;;;;;;;;;;;;;
FR0011871128;Amundi PEA S&P 500 UCITS ETF Acc;ETF;PEA_NAMED;HIGH_NAME_CONTAINS_PEA;Amundi;France;Europe;Actions Etats-Unis Gdes Cap. Mixte;Actions Etats-Unis Gdes Cap. Mixte;USA;Blend_or_Broad;ACC;LIKELY_SWAP_FOR_PEA;0.0;OK;;;;;;;;CATEGORY_ONLY_FROM_LMF_PERF_MISSING;;lesmeilleursfonds_screenshots_oct2025;2026-07-31;"Listed on lesmeilleursfonds PEA ETF universe (data Oct 2025; confirm eligibility with broker)";Enriched replication 100% from justetf.com/amundietf.fr + perfs Boursorama/JustETF/BorsaItaliana/Investing.com (free) + obligations identified (no perf);2026-07-31;;FR0011871128.PA;XPAR;EUR;VERIFIED_YAHOO_DIRECT;;;;;;Yahoo Finance;https://fr.finance.yahoo.com/quote/FR0011871128.PA/;"Yahoo Finance exposes the ISIN-based Paris symbol; short market ticker still to confirm.";2026-08-06;FR0011871128;VALID;UNCHANGED_VALID;ISO 6166 checksum;2026-08-06;;;;;;;;;VALID;;;PSP5;Euronext Paris;XPAR;EUR;FINAL_VALIDATED;100;https://www.boursorama.com/bourse/trackers/cours/1rTPSP5/;OFFICIAL_OR_MARKET_PAGE;2026-08-06;PSP5.PA;DERIVED_FORMAT_REQUIRES_LIVE_TEST;IDENTITY_FINAL_VALIDATED;2026-08-06;PSP5.PA;PSP5;XPAR;;;;;;;;;;;;;;;;;;;;;;;
FR0011871136;Amundi PEA S&P 500 UCITS ETF EUR H Acc;ETF;PEA_NAMED;HIGH_NAME_CONTAINS_PEA;Amundi;France;Europe;Actions Secteur Autres;Actions Secteur Autres;USA;Blend_or_Broad;ACC;LIKELY_SWAP_FOR_PEA;0.0;OK;;18.07414268674674;70.52078205158881;59.288642577730364;;;;CATEGORY_ONLY_FROM_LMF_PERF_MISSING;;lesmeilleursfonds_screenshots_oct2025;2026-07-31;"Listed on lesmeilleursfonds PEA ETF universe (data Oct 2025; confirm eligibility with broker)";Enriched replication 100% from justetf.com/amundietf.fr + perfs Boursorama/JustETF/BorsaItaliana/Investing.com (free) + obligations identified (no perf);2026-07-31;PSPH;PSPH.PA;XPAR;EUR;VERIFIED;0.12;211;503;;;ETF Overlap;https://www.etf-overlap.com/fr/etf/psph/;Ticker, TER, AUM and holdings.;2026-08-06;FR0011871136;VALID;UNCHANGED_VALID;ISO 6166 checksum;2026-08-06;;;;;;;;;VALID;;;PSPH;Euronext Paris;XPAR;EUR;FINAL_VALIDATED;100;https://www.boursorama.com/bourse/trackers/cours/1rTPSPH/;OFFICIAL_OR_MARKET_PAGE;2026-08-06;PSPH.PA;DERIVED_FORMAT_REQUIRES_LIVE_TEST;IDENTITY_FINAL_VALIDATED;2026-08-06;PSPH.PA;PSPH;XPAR;26.252749919891357;26.180659942626953;25.429459934234618;24.777105960845947;64.95415708033201;0.14589470276320426;0.04137839996224363;0.10451630280096064;0.29249981471470426;26.252749919891357;27.006760181579104;25.49873965820361;0.5898317676380368;13.630999053510855;12.970811412816438;-8.68558376542744;2.3578658963091526;4.674684409937324;9.740691254091494;True;26.915000915527344;9845.0;-4.734
FR0011869270;Amundi PEA S&P US Industrials Scrnd ETF Acc;ETF;PEA_NAMED;HIGH_NAME_CONTAINS_PEA;Amundi;France;Europe;Actions Etats-Unis Gdes Cap. Mixte;Actions Etats-Unis Gdes Cap. Mixte;USA;Blend_or_Broad;ACC;LIKELY_SWAP_FOR_PEA;0.0;OK;;24.23394429601158;63.61352492839458;77.07502454527469;;;;CATEGORY_ONLY_FROM_LMF_PERF_MISSING;;lesmeilleursfonds_screenshots_oct2025;2026-07-31;"Listed on lesmeilleursfonds PEA ETF universe (data Oct 2025; confirm eligibility with broker)";Enriched replication 100% from justetf.com/amundietf.fr + perfs Boursorama/JustETF/BorsaItaliana/Investing.com (free) + obligations identified (no perf);2026-07-31;;FR0011869270.PA;XPAR_CANDIDATE;EUR;CANDIDATE_NOT_VERIFIED;;;;;;;;ISIN.PA is only a technical Yahoo candidate and must not be used until verified.;2026-08-06;FR0011869270;VALID;UNCHANGED_VALID;ISO 6166 checksum;2026-08-06;;;;;;;;;VALID;;;PDJE;Euronext Paris;XPAR;EUR;FINAL_VALIDATED;100;https://www.boursorama.com/bourse/trackers/cours/1rTPDJE/;OFFICIAL_OR_MARKET_PAGE;2026-08-06;PDJE.PA;DERIVED_FORMAT_REQUIRES_LIVE_TEST;IDENTITY_FINAL_VALIDATED;2026-08-06;PDJE.PA;PDJE;XPAR;48.195000076293944;47.73509986877441;45.718499984741214;43.67781402587891;54.074067223894524;0.15062641815955402;0.1228077993928014;0.027818618766752623;0.7503572191510882;48.195000076293944;49.475682804583265;46.91431734800462;1.6670733767574568;17.942820550876785;17.70471293274524;-8.779303656642835;0.8151062014572608;9.749523109276105;11.426612343592634;True;48.85499954223633;8881.0;1.426
FR001400ZGS5;Amundi PEA SP 500 Scrn UCITS ETF S-Acc;ETF;PEA_NAMED;HIGH_NAME_CONTAINS_PEA;Amundi;France;Europe;Actions Etats-Unis Gdes Cap. Mixte;Actions Etats-Unis Gdes Cap. Mixte;USA;Blend_or_Broad;ACC;UNKNOWN_CHECK_KIID;0.0;OK;;;;;;;;CATEGORY_ONLY_FROM_LMF_PERF_MISSING;;lesmeilleursfonds_screenshots_oct2025;2026-07-31;"Listed on lesmeilleursfonds PEA ETF universe (data Oct 2025; confirm eligibility with broker)";Enriched replication 100% from justetf.com/amundietf.fr + perfs Boursorama/JustETF/BorsaItaliana/Investing.com (free) + obligations identified (no perf);2026-07-31;;FR001400ZGS5.PA;XPAR_CANDIDATE;EUR;CANDIDATE_NOT_VERIFIED;;;;;;;;ISIN.PA is only a technical Yahoo candidate and must not be used until verified.;2026-08-06;FR001400ZGS5;VALID;UNCHANGED_VALID;ISO 6166 checksum;2026-08-06;;;;;;;;;VALID;;;PSPS;Euronext Paris;XPAR;EUR;FINAL_VALIDATED;100;https://www.boursorama.com/bourse/trackers/cours/1rTPSPS/;OFFICIAL_OR_MARKET_PAGE;2026-08-06;PSPS.PA;DERIVED_FORMAT_REQUIRES_LIVE_TEST;IDENTITY_FINAL_VALIDATED;2026-08-06;PSPS.PA;PSPS;XPAR;;;;;;;;;;;;;;;;;;;;;;;
FR0013412269;Amundi PEA US Tech Screened ETF Acc;ETF;PEA_NAMED;HIGH_NAME_CONTAINS_PEA;Amundi;France;Europe;Act. Etats-Unis Gdes Cap. Croissance;Act. Etats-Unis Gdes Cap. Croissance;USA;Growth;ACC;SYNTHETIC;0.0;OK;;27.13;80.13;106.14;;;;CATEGORY_ONLY_FROM_LMF_PERF_MISSING;2026-05-30;lesmeilleursfonds_screenshots_oct2025;2026-07-31;"Listed on lesmeilleursfonds PEA ETF universe (data Oct 2025; confirm eligibility with broker)";Enriched replication 100% from justetf.com/amundietf.fr + perfs Boursorama/JustETF/BorsaItaliana/Investing.com (free) + obligations identified (no perf);2026-07-31;PANX;PANX.PA;XPAR;EUR;VERIFIED;0.3;450;102;18.58;-11.3;justETF + ETF Overlap;https://www.justetf.com/en/etf-profile.html?isin=FR0013412269;Ticker, TER, AUM, holdings and risk.;2026-08-06;FR0013412269;VALID;UNCHANGED_VALID;ISO 6166 checksum;2026-08-06;;;;;;;;;VALID;;;PANX;Euronext Paris;XPAR;EUR;FINAL_VALIDATED;100;https://www.boursorama.com/bourse/trackers/cours/1rTPANX/;OFFICIAL_OR_MARKET_PAGE;2026-08-06;PANX.PA;DERIVED_FORMAT_REQUIRES_LIVE_TEST;IDENTITY_FINAL_VALIDATED;2026-08-06;PANX.PA;PANX;XPAR;;;;;;;;;;;;;;;;;;;;;;;
